img1,img2,label
001/001_00.png,001/001_01.png,1
001/001_00.png,001/001_02.png,1
001/001_00.png,001/001_03.png,1
001/001_00.png,001/001_04.png,1
001/001_00.png,001/001_05.png,1
001/001_00.png,001/001_06.png,1
001/001_00.png,001/001_07.png,1
001/001_00.png,001/001_08.png,1
001/001_00.png,001/001_09.png,1
001/001_00.png,001/001_10.png,1
001/001_00.png,001/001_11.png,1
001/001_00.png,001/001_12.png,1
001/001_00.png,001/001_13.png,1
001/001_00.png,001/001_14.png,1
001/001_00.png,001/001_15.png,1
001/001_00.png,001/001_16.png,1
001/001_00.png,001/001_17.png,1
001/001_00.png,001/001_18.png,1
001/001_00.png,001/001_19.png,1
001/001_00.png,001/001_20.png,1
001/001_01.png,001/001_00.png,1
001/001_01.png,001/001_02.png,1
001/001_01.png,001/001_03.png,1
001/001_01.png,001/001_04.png,1
001/001_01.png,001/001_05.png,1
001/001_01.png,001/001_06.png,1
001/001_01.png,001/001_07.png,1
001/001_01.png,001/001_08.png,1
001/001_01.png,001/001_09.png,1
001/001_01.png,001/001_10.png,1
001/001_01.png,001/001_11.png,1
001/001_01.png,001/001_12.png,1
001/001_01.png,001/001_13.png,1
001/001_01.png,001/001_14.png,1
001/001_01.png,001/001_15.png,1
001/001_01.png,001/001_16.png,1
001/001_01.png,001/001_17.png,1
001/001_01.png,001/001_18.png,1
001/001_01.png,001/001_19.png,1
001/001_01.png,001/001_20.png,1
001/001_02.png,001/001_00.png,1
001/001_02.png,001/001_01.png,1
001/001_02.png,001/001_03.png,1
001/001_02.png,001/001_04.png,1
001/001_02.png,001/001_05.png,1
001/001_02.png,001/001_06.png,1
001/001_02.png,001/001_07.png,1
001/001_02.png,001/001_08.png,1
001/001_02.png,001/001_09.png,1
001/001_02.png,001/001_10.png,1
001/001_02.png,001/001_11.png,1
001/001_02.png,001/001_12.png,1
001/001_02.png,001/001_13.png,1
001/001_02.png,001/001_14.png,1
001/001_02.png,001/001_15.png,1
001/001_02.png,001/001_16.png,1
001/001_02.png,001/001_17.png,1
001/001_02.png,001/001_18.png,1
001/001_02.png,001/001_19.png,1
001/001_02.png,001/001_20.png,1
001/001_03.png,001/001_00.png,1
001/001_03.png,001/001_01.png,1
001/001_03.png,001/001_02.png,1
001/001_03.png,001/001_04.png,1
001/001_03.png,001/001_05.png,1
001/001_03.png,001/001_06.png,1
001/001_03.png,001/001_07.png,1
001/001_03.png,001/001_08.png,1
001/001_03.png,001/001_09.png,1
001/001_03.png,001/001_10.png,1
001/001_03.png,001/001_11.png,1
001/001_03.png,001/001_12.png,1
001/001_03.png,001/001_13.png,1
001/001_03.png,001/001_14.png,1
001/001_03.png,001/001_15.png,1
001/001_03.png,001/001_16.png,1
001/001_03.png,001/001_17.png,1
001/001_03.png,001/001_18.png,1
001/001_03.png,001/001_19.png,1
001/001_03.png,001/001_20.png,1
001/001_04.png,001/001_00.png,1
001/001_04.png,001/001_01.png,1
001/001_04.png,001/001_02.png,1
001/001_04.png,001/001_03.png,1
001/001_04.png,001/001_05.png,1
001/001_04.png,001/001_06.png,1
001/001_04.png,001/001_07.png,1
001/001_04.png,001/001_08.png,1
001/001_04.png,001/001_09.png,1
001/001_04.png,001/001_10.png,1
001/001_04.png,001/001_11.png,1
001/001_04.png,001/001_12.png,1
001/001_04.png,001/001_13.png,1
001/001_04.png,001/001_14.png,1
001/001_04.png,001/001_15.png,1
001/001_04.png,001/001_16.png,1
001/001_04.png,001/001_17.png,1
001/001_04.png,001/001_18.png,1
001/001_04.png,001/001_19.png,1
001/001_04.png,001/001_20.png,1
001/001_05.png,001/001_00.png,1
001/001_05.png,001/001_01.png,1
001/001_05.png,001/001_02.png,1
001/001_05.png,001/001_03.png,1
001/001_05.png,001/001_04.png,1
001/001_05.png,001/001_06.png,1
001/001_05.png,001/001_07.png,1
001/001_05.png,001/001_08.png,1
001/001_05.png,001/001_09.png,1
001/001_05.png,001/001_10.png,1
001/001_05.png,001/001_11.png,1
001/001_05.png,001/001_12.png,1
001/001_05.png,001/001_13.png,1
001/001_05.png,001/001_14.png,1
001/001_05.png,001/001_15.png,1
001/001_05.png,001/001_16.png,1
001/001_05.png,001/001_17.png,1
001/001_05.png,001/001_18.png,1
001/001_05.png,001/001_19.png,1
001/001_05.png,001/001_20.png,1
001/001_06.png,001/001_00.png,1
001/001_06.png,001/001_01.png,1
001/001_06.png,001/001_02.png,1
001/001_06.png,001/001_03.png,1
001/001_06.png,001/001_04.png,1
001/001_06.png,001/001_05.png,1
001/001_06.png,001/001_07.png,1
001/001_06.png,001/001_08.png,1
001/001_06.png,001/001_09.png,1
001/001_06.png,001/001_10.png,1
001/001_06.png,001/001_11.png,1
001/001_06.png,001/001_12.png,1
001/001_06.png,001/001_13.png,1
001/001_06.png,001/001_14.png,1
001/001_06.png,001/001_15.png,1
001/001_06.png,001/001_16.png,1
001/001_06.png,001/001_17.png,1
001/001_06.png,001/001_18.png,1
001/001_06.png,001/001_19.png,1
001/001_06.png,001/001_20.png,1
001/001_07.png,001/001_00.png,1
001/001_07.png,001/001_01.png,1
001/001_07.png,001/001_02.png,1
001/001_07.png,001/001_03.png,1
001/001_07.png,001/001_04.png,1
001/001_07.png,001/001_05.png,1
001/001_07.png,001/001_06.png,1
001/001_07.png,001/001_08.png,1
001/001_07.png,001/001_09.png,1
001/001_07.png,001/001_10.png,1
001/001_07.png,001/001_11.png,1
001/001_07.png,001/001_12.png,1
001/001_07.png,001/001_13.png,1
001/001_07.png,001/001_14.png,1
001/001_07.png,001/001_15.png,1
001/001_07.png,001/001_16.png,1
001/001_07.png,001/001_17.png,1
001/001_07.png,001/001_18.png,1
001/001_07.png,001/001_19.png,1
001/001_07.png,001/001_20.png,1
001/001_08.png,001/001_00.png,1
001/001_08.png,001/001_01.png,1
001/001_08.png,001/001_02.png,1
001/001_08.png,001/001_03.png,1
001/001_08.png,001/001_04.png,1
001/001_08.png,001/001_05.png,1
001/001_08.png,001/001_06.png,1
001/001_08.png,001/001_07.png,1
001/001_08.png,001/001_09.png,1
001/001_08.png,001/001_10.png,1
001/001_08.png,001/001_11.png,1
001/001_08.png,001/001_12.png,1
001/001_08.png,001/001_13.png,1
001/001_08.png,001/001_14.png,1
001/001_08.png,001/001_15.png,1
001/001_08.png,001/001_16.png,1
001/001_08.png,001/001_17.png,1
001/001_08.png,001/001_18.png,1
001/001_08.png,001/001_19.png,1
001/001_08.png,001/001_20.png,1
001/001_09.png,001/001_00.png,1
001/001_09.png,001/001_01.png,1
001/001_09.png,001/001_02.png,1
001/001_09.png,001/001_03.png,1
001/001_09.png,001/001_04.png,1
001/001_09.png,001/001_05.png,1
001/001_09.png,001/001_06.png,1
001/001_09.png,001/001_07.png,1
001/001_09.png,001/001_08.png,1
001/001_09.png,001/001_10.png,1
001/001_09.png,001/001_11.png,1
001/001_09.png,001/001_12.png,1
001/001_09.png,001/001_13.png,1
001/001_09.png,001/001_14.png,1
001/001_09.png,001/001_15.png,1
001/001_09.png,001/001_16.png,1
001/001_09.png,001/001_17.png,1
001/001_09.png,001/001_18.png,1
001/001_09.png,001/001_19.png,1
001/001_09.png,001/001_20.png,1
001/001_10.png,001/001_00.png,1
001/001_10.png,001/001_01.png,1
001/001_10.png,001/001_02.png,1
001/001_10.png,001/001_03.png,1
001/001_10.png,001/001_04.png,1
001/001_10.png,001/001_05.png,1
001/001_10.png,001/001_06.png,1
001/001_10.png,001/001_07.png,1
001/001_10.png,001/001_08.png,1
001/001_10.png,001/001_09.png,1
001/001_10.png,001/001_11.png,1
001/001_10.png,001/001_12.png,1
001/001_10.png,001/001_13.png,1
001/001_10.png,001/001_14.png,1
001/001_10.png,001/001_15.png,1
001/001_10.png,001/001_16.png,1
001/001_10.png,001/001_17.png,1
001/001_10.png,001/001_18.png,1
001/001_10.png,001/001_19.png,1
001/001_10.png,001/001_20.png,1
001/001_11.png,001/001_00.png,1
001/001_11.png,001/001_01.png,1
001/001_11.png,001/001_02.png,1
001/001_11.png,001/001_03.png,1
001/001_11.png,001/001_04.png,1
001/001_11.png,001/001_05.png,1
001/001_11.png,001/001_06.png,1
001/001_11.png,001/001_07.png,1
001/001_11.png,001/001_08.png,1
001/001_11.png,001/001_09.png,1
001/001_11.png,001/001_10.png,1
001/001_11.png,001/001_12.png,1
001/001_11.png,001/001_13.png,1
001/001_11.png,001/001_14.png,1
001/001_11.png,001/001_15.png,1
001/001_11.png,001/001_16.png,1
001/001_11.png,001/001_17.png,1
001/001_11.png,001/001_18.png,1
001/001_11.png,001/001_19.png,1
001/001_11.png,001/001_20.png,1
001/001_12.png,001/001_00.png,1
001/001_12.png,001/001_01.png,1
001/001_12.png,001/001_02.png,1
001/001_12.png,001/001_03.png,1
001/001_12.png,001/001_04.png,1
001/001_12.png,001/001_05.png,1
001/001_12.png,001/001_06.png,1
001/001_12.png,001/001_07.png,1
001/001_12.png,001/001_08.png,1
001/001_12.png,001/001_09.png,1
001/001_12.png,001/001_10.png,1
001/001_12.png,001/001_11.png,1
001/001_12.png,001/001_13.png,1
001/001_12.png,001/001_14.png,1
001/001_12.png,001/001_15.png,1
001/001_12.png,001/001_16.png,1
001/001_12.png,001/001_17.png,1
001/001_12.png,001/001_18.png,1
001/001_12.png,001/001_19.png,1
001/001_12.png,001/001_20.png,1
001/001_13.png,001/001_00.png,1
001/001_13.png,001/001_01.png,1
001/001_13.png,001/001_02.png,1
001/001_13.png,001/001_03.png,1
001/001_13.png,001/001_04.png,1
001/001_13.png,001/001_05.png,1
001/001_13.png,001/001_06.png,1
001/001_13.png,001/001_07.png,1
001/001_13.png,001/001_08.png,1
001/001_13.png,001/001_09.png,1
001/001_13.png,001/001_10.png,1
001/001_13.png,001/001_11.png,1
001/001_13.png,001/001_12.png,1
001/001_13.png,001/001_14.png,1
001/001_13.png,001/001_15.png,1
001/001_13.png,001/001_16.png,1
001/001_13.png,001/001_17.png,1
001/001_13.png,001/001_18.png,1
001/001_13.png,001/001_19.png,1
001/001_13.png,001/001_20.png,1
001/001_14.png,001/001_00.png,1
001/001_14.png,001/001_01.png,1
001/001_14.png,001/001_02.png,1
001/001_14.png,001/001_03.png,1
001/001_14.png,001/001_04.png,1
001/001_14.png,001/001_05.png,1
001/001_14.png,001/001_06.png,1
001/001_14.png,001/001_07.png,1
001/001_14.png,001/001_08.png,1
001/001_14.png,001/001_09.png,1
001/001_14.png,001/001_10.png,1
001/001_14.png,001/001_11.png,1
001/001_14.png,001/001_12.png,1
001/001_14.png,001/001_13.png,1
001/001_14.png,001/001_15.png,1
001/001_14.png,001/001_16.png,1
001/001_14.png,001/001_17.png,1
001/001_14.png,001/001_18.png,1
001/001_14.png,001/001_19.png,1
001/001_14.png,001/001_20.png,1
001/001_15.png,001/001_00.png,1
001/001_15.png,001/001_01.png,1
001/001_15.png,001/001_02.png,1
001/001_15.png,001/001_03.png,1
001/001_15.png,001/001_04.png,1
001/001_15.png,001/001_05.png,1
001/001_15.png,001/001_06.png,1
001/001_15.png,001/001_07.png,1
001/001_15.png,001/001_08.png,1
001/001_15.png,001/001_09.png,1
001/001_15.png,001/001_10.png,1
001/001_15.png,001/001_11.png,1
001/001_15.png,001/001_12.png,1
001/001_15.png,001/001_13.png,1
001/001_15.png,001/001_14.png,1
001/001_15.png,001/001_16.png,1
001/001_15.png,001/001_17.png,1
001/001_15.png,001/001_18.png,1
001/001_15.png,001/001_19.png,1
001/001_15.png,001/001_20.png,1
001/001_16.png,001/001_00.png,1
001/001_16.png,001/001_01.png,1
001/001_16.png,001/001_02.png,1
001/001_16.png,001/001_03.png,1
001/001_16.png,001/001_04.png,1
001/001_16.png,001/001_05.png,1
001/001_16.png,001/001_06.png,1
001/001_16.png,001/001_07.png,1
001/001_16.png,001/001_08.png,1
001/001_16.png,001/001_09.png,1
001/001_16.png,001/001_10.png,1
001/001_16.png,001/001_11.png,1
001/001_16.png,001/001_12.png,1
001/001_16.png,001/001_13.png,1
001/001_16.png,001/001_14.png,1
001/001_16.png,001/001_15.png,1
001/001_16.png,001/001_17.png,1
001/001_16.png,001/001_18.png,1
001/001_16.png,001/001_19.png,1
001/001_16.png,001/001_20.png,1
001/001_17.png,001/001_00.png,1
001/001_17.png,001/001_01.png,1
001/001_17.png,001/001_02.png,1
001/001_17.png,001/001_03.png,1
001/001_17.png,001/001_04.png,1
001/001_17.png,001/001_05.png,1
001/001_17.png,001/001_06.png,1
001/001_17.png,001/001_07.png,1
001/001_17.png,001/001_08.png,1
001/001_17.png,001/001_09.png,1
001/001_17.png,001/001_10.png,1
001/001_17.png,001/001_11.png,1
001/001_17.png,001/001_12.png,1
001/001_17.png,001/001_13.png,1
001/001_17.png,001/001_14.png,1
001/001_17.png,001/001_15.png,1
001/001_17.png,001/001_16.png,1
001/001_17.png,001/001_18.png,1
001/001_17.png,001/001_19.png,1
001/001_17.png,001/001_20.png,1
001/001_18.png,001/001_00.png,1
001/001_18.png,001/001_01.png,1
001/001_18.png,001/001_02.png,1
001/001_18.png,001/001_03.png,1
001/001_18.png,001/001_04.png,1
001/001_18.png,001/001_05.png,1
001/001_18.png,001/001_06.png,1
001/001_18.png,001/001_07.png,1
001/001_18.png,001/001_08.png,1
001/001_18.png,001/001_09.png,1
001/001_18.png,001/001_10.png,1
001/001_18.png,001/001_11.png,1
001/001_18.png,001/001_12.png,1
001/001_18.png,001/001_13.png,1
001/001_18.png,001/001_14.png,1
001/001_18.png,001/001_15.png,1
001/001_18.png,001/001_16.png,1
001/001_18.png,001/001_17.png,1
001/001_18.png,001/001_19.png,1
001/001_18.png,001/001_20.png,1
001/001_19.png,001/001_00.png,1
001/001_19.png,001/001_01.png,1
001/001_19.png,001/001_02.png,1
001/001_19.png,001/001_03.png,1
001/001_19.png,001/001_04.png,1
001/001_19.png,001/001_05.png,1
001/001_19.png,001/001_06.png,1
001/001_19.png,001/001_07.png,1
001/001_19.png,001/001_08.png,1
001/001_19.png,001/001_09.png,1
001/001_19.png,001/001_10.png,1
001/001_19.png,001/001_11.png,1
001/001_19.png,001/001_12.png,1
001/001_19.png,001/001_13.png,1
001/001_19.png,001/001_14.png,1
001/001_19.png,001/001_15.png,1
001/001_19.png,001/001_16.png,1
001/001_19.png,001/001_17.png,1
001/001_19.png,001/001_18.png,1
001/001_19.png,001/001_20.png,1
001/001_20.png,001/001_00.png,1
001/001_20.png,001/001_01.png,1
001/001_20.png,001/001_02.png,1
001/001_20.png,001/001_03.png,1
001/001_20.png,001/001_04.png,1
001/001_20.png,001/001_05.png,1
001/001_20.png,001/001_06.png,1
001/001_20.png,001/001_07.png,1
001/001_20.png,001/001_08.png,1
001/001_20.png,001/001_09.png,1
001/001_20.png,001/001_10.png,1
001/001_20.png,001/001_11.png,1
001/001_20.png,001/001_12.png,1
001/001_20.png,001/001_13.png,1
001/001_20.png,001/001_14.png,1
001/001_20.png,001/001_15.png,1
001/001_20.png,001/001_16.png,1
001/001_20.png,001/001_17.png,1
001/001_20.png,001/001_18.png,1
001/001_20.png,001/001_19.png,1
001/001_00.png,001_forge/001_00.png,0
001/001_00.png,001_forge/001_01.png,0
001/001_00.png,001_forge/001_02.png,0
001/001_00.png,001_forge/001_03.png,0
001/001_00.png,001_forge/001_04.png,0
001/001_00.png,001_forge/001_05.png,0
001/001_00.png,001_forge/001_06.png,0
001/001_00.png,001_forge/001_07.png,0
001/001_00.png,001_forge/001_08.png,0
001/001_00.png,001_forge/001_09.png,0
001/001_00.png,001_forge/001_10.png,0
001/001_00.png,001_forge/001_11.png,0
001/001_00.png,001_forge/001_12.png,0
001/001_00.png,001_forge/001_13.png,0
001/001_00.png,001_forge/001_14.png,0
001/001_00.png,001_forge/001_15.png,0
001/001_00.png,001_forge/001_16.png,0
001/001_00.png,001_forge/001_17.png,0
001/001_00.png,001_forge/001_18.png,0
001/001_00.png,001_forge/001_19.png,0
001/001_00.png,001_forge/001_20.png,0
001/001_01.png,001_forge/001_00.png,0
001/001_01.png,001_forge/001_01.png,0
001/001_01.png,001_forge/001_02.png,0
001/001_01.png,001_forge/001_03.png,0
001/001_01.png,001_forge/001_04.png,0
001/001_01.png,001_forge/001_05.png,0
001/001_01.png,001_forge/001_06.png,0
001/001_01.png,001_forge/001_07.png,0
001/001_01.png,001_forge/001_08.png,0
001/001_01.png,001_forge/001_09.png,0
001/001_01.png,001_forge/001_10.png,0
001/001_01.png,001_forge/001_11.png,0
001/001_01.png,001_forge/001_12.png,0
001/001_01.png,001_forge/001_13.png,0
001/001_01.png,001_forge/001_14.png,0
001/001_01.png,001_forge/001_15.png,0
001/001_01.png,001_forge/001_16.png,0
001/001_01.png,001_forge/001_17.png,0
001/001_01.png,001_forge/001_18.png,0
001/001_01.png,001_forge/001_19.png,0
001/001_01.png,001_forge/001_20.png,0
001/001_02.png,001_forge/001_00.png,0
001/001_02.png,001_forge/001_01.png,0
001/001_02.png,001_forge/001_02.png,0
001/001_02.png,001_forge/001_03.png,0
001/001_02.png,001_forge/001_04.png,0
001/001_02.png,001_forge/001_05.png,0
001/001_02.png,001_forge/001_06.png,0
001/001_02.png,001_forge/001_07.png,0
001/001_02.png,001_forge/001_08.png,0
001/001_02.png,001_forge/001_09.png,0
001/001_02.png,001_forge/001_10.png,0
001/001_02.png,001_forge/001_11.png,0
001/001_02.png,001_forge/001_12.png,0
001/001_02.png,001_forge/001_13.png,0
001/001_02.png,001_forge/001_14.png,0
001/001_02.png,001_forge/001_15.png,0
001/001_02.png,001_forge/001_16.png,0
001/001_02.png,001_forge/001_17.png,0
001/001_02.png,001_forge/001_18.png,0
001/001_02.png,001_forge/001_19.png,0
001/001_02.png,001_forge/001_20.png,0
001/001_03.png,001_forge/001_00.png,0
001/001_03.png,001_forge/001_01.png,0
001/001_03.png,001_forge/001_02.png,0
001/001_03.png,001_forge/001_03.png,0
001/001_03.png,001_forge/001_04.png,0
001/001_03.png,001_forge/001_05.png,0
001/001_03.png,001_forge/001_06.png,0
001/001_03.png,001_forge/001_07.png,0
001/001_03.png,001_forge/001_08.png,0
001/001_03.png,001_forge/001_09.png,0
001/001_03.png,001_forge/001_10.png,0
001/001_03.png,001_forge/001_11.png,0
001/001_03.png,001_forge/001_12.png,0
001/001_03.png,001_forge/001_13.png,0
001/001_03.png,001_forge/001_14.png,0
001/001_03.png,001_forge/001_15.png,0
001/001_03.png,001_forge/001_16.png,0
001/001_03.png,001_forge/001_17.png,0
001/001_03.png,001_forge/001_18.png,0
001/001_03.png,001_forge/001_19.png,0
001/001_03.png,001_forge/001_20.png,0
001/001_04.png,001_forge/001_00.png,0
001/001_04.png,001_forge/001_01.png,0
001/001_04.png,001_forge/001_02.png,0
001/001_04.png,001_forge/001_03.png,0
001/001_04.png,001_forge/001_04.png,0
001/001_04.png,001_forge/001_05.png,0
001/001_04.png,001_forge/001_06.png,0
001/001_04.png,001_forge/001_07.png,0
001/001_04.png,001_forge/001_08.png,0
001/001_04.png,001_forge/001_09.png,0
001/001_04.png,001_forge/001_10.png,0
001/001_04.png,001_forge/001_11.png,0
001/001_04.png,001_forge/001_12.png,0
001/001_04.png,001_forge/001_13.png,0
001/001_04.png,001_forge/001_14.png,0
001/001_04.png,001_forge/001_15.png,0
001/001_04.png,001_forge/001_16.png,0
001/001_04.png,001_forge/001_17.png,0
001/001_04.png,001_forge/001_18.png,0
001/001_04.png,001_forge/001_19.png,0
001/001_04.png,001_forge/001_20.png,0
001/001_05.png,001_forge/001_00.png,0
001/001_05.png,001_forge/001_01.png,0
001/001_05.png,001_forge/001_02.png,0
001/001_05.png,001_forge/001_03.png,0
001/001_05.png,001_forge/001_04.png,0
001/001_05.png,001_forge/001_05.png,0
001/001_05.png,001_forge/001_06.png,0
001/001_05.png,001_forge/001_07.png,0
001/001_05.png,001_forge/001_08.png,0
001/001_05.png,001_forge/001_09.png,0
001/001_05.png,001_forge/001_10.png,0
001/001_05.png,001_forge/001_11.png,0
001/001_05.png,001_forge/001_12.png,0
001/001_05.png,001_forge/001_13.png,0
001/001_05.png,001_forge/001_14.png,0
001/001_05.png,001_forge/001_15.png,0
001/001_05.png,001_forge/001_16.png,0
001/001_05.png,001_forge/001_17.png,0
001/001_05.png,001_forge/001_18.png,0
001/001_05.png,001_forge/001_19.png,0
001/001_05.png,001_forge/001_20.png,0
001/001_06.png,001_forge/001_00.png,0
001/001_06.png,001_forge/001_01.png,0
001/001_06.png,001_forge/001_02.png,0
001/001_06.png,001_forge/001_03.png,0
001/001_06.png,001_forge/001_04.png,0
001/001_06.png,001_forge/001_05.png,0
001/001_06.png,001_forge/001_06.png,0
001/001_06.png,001_forge/001_07.png,0
001/001_06.png,001_forge/001_08.png,0
001/001_06.png,001_forge/001_09.png,0
001/001_06.png,001_forge/001_10.png,0
001/001_06.png,001_forge/001_11.png,0
001/001_06.png,001_forge/001_12.png,0
001/001_06.png,001_forge/001_13.png,0
001/001_06.png,001_forge/001_14.png,0
001/001_06.png,001_forge/001_15.png,0
001/001_06.png,001_forge/001_16.png,0
001/001_06.png,001_forge/001_17.png,0
001/001_06.png,001_forge/001_18.png,0
001/001_06.png,001_forge/001_19.png,0
001/001_06.png,001_forge/001_20.png,0
001/001_07.png,001_forge/001_00.png,0
001/001_07.png,001_forge/001_01.png,0
001/001_07.png,001_forge/001_02.png,0
001/001_07.png,001_forge/001_03.png,0
001/001_07.png,001_forge/001_04.png,0
001/001_07.png,001_forge/001_05.png,0
001/001_07.png,001_forge/001_06.png,0
001/001_07.png,001_forge/001_07.png,0
001/001_07.png,001_forge/001_08.png,0
001/001_07.png,001_forge/001_09.png,0
001/001_07.png,001_forge/001_10.png,0
001/001_07.png,001_forge/001_11.png,0
001/001_07.png,001_forge/001_12.png,0
001/001_07.png,001_forge/001_13.png,0
001/001_07.png,001_forge/001_14.png,0
001/001_07.png,001_forge/001_15.png,0
001/001_07.png,001_forge/001_16.png,0
001/001_07.png,001_forge/001_17.png,0
001/001_07.png,001_forge/001_18.png,0
001/001_07.png,001_forge/001_19.png,0
001/001_07.png,001_forge/001_20.png,0
001/001_08.png,001_forge/001_00.png,0
001/001_08.png,001_forge/001_01.png,0
001/001_08.png,001_forge/001_02.png,0
001/001_08.png,001_forge/001_03.png,0
001/001_08.png,001_forge/001_04.png,0
001/001_08.png,001_forge/001_05.png,0
001/001_08.png,001_forge/001_06.png,0
001/001_08.png,001_forge/001_07.png,0
001/001_08.png,001_forge/001_08.png,0
001/001_08.png,001_forge/001_09.png,0
001/001_08.png,001_forge/001_10.png,0
001/001_08.png,001_forge/001_11.png,0
001/001_08.png,001_forge/001_12.png,0
001/001_08.png,001_forge/001_13.png,0
001/001_08.png,001_forge/001_14.png,0
001/001_08.png,001_forge/001_15.png,0
001/001_08.png,001_forge/001_16.png,0
001/001_08.png,001_forge/001_17.png,0
001/001_08.png,001_forge/001_18.png,0
001/001_08.png,001_forge/001_19.png,0
001/001_08.png,001_forge/001_20.png,0
001/001_09.png,001_forge/001_00.png,0
001/001_09.png,001_forge/001_01.png,0
001/001_09.png,001_forge/001_02.png,0
001/001_09.png,001_forge/001_03.png,0
001/001_09.png,001_forge/001_04.png,0
001/001_09.png,001_forge/001_05.png,0
001/001_09.png,001_forge/001_06.png,0
001/001_09.png,001_forge/001_07.png,0
001/001_09.png,001_forge/001_08.png,0
001/001_09.png,001_forge/001_09.png,0
001/001_09.png,001_forge/001_10.png,0
001/001_09.png,001_forge/001_11.png,0
001/001_09.png,001_forge/001_12.png,0
001/001_09.png,001_forge/001_13.png,0
001/001_09.png,001_forge/001_14.png,0
001/001_09.png,001_forge/001_15.png,0
001/001_09.png,001_forge/001_16.png,0
001/001_09.png,001_forge/001_17.png,0
001/001_09.png,001_forge/001_18.png,0
001/001_09.png,001_forge/001_19.png,0
001/001_09.png,001_forge/001_20.png,0
001/001_10.png,001_forge/001_00.png,0
001/001_10.png,001_forge/001_01.png,0
001/001_10.png,001_forge/001_02.png,0
001/001_10.png,001_forge/001_03.png,0
001/001_10.png,001_forge/001_04.png,0
001/001_10.png,001_forge/001_05.png,0
001/001_10.png,001_forge/001_06.png,0
001/001_10.png,001_forge/001_07.png,0
001/001_10.png,001_forge/001_08.png,0
001/001_10.png,001_forge/001_09.png,0
001/001_10.png,001_forge/001_10.png,0
001/001_10.png,001_forge/001_11.png,0
001/001_10.png,001_forge/001_12.png,0
001/001_10.png,001_forge/001_13.png,0
001/001_10.png,001_forge/001_14.png,0
001/001_10.png,001_forge/001_15.png,0
001/001_10.png,001_forge/001_16.png,0
001/001_10.png,001_forge/001_17.png,0
001/001_10.png,001_forge/001_18.png,0
001/001_10.png,001_forge/001_19.png,0
001/001_10.png,001_forge/001_20.png,0
001/001_11.png,001_forge/001_00.png,0
001/001_11.png,001_forge/001_01.png,0
001/001_11.png,001_forge/001_02.png,0
001/001_11.png,001_forge/001_03.png,0
001/001_11.png,001_forge/001_04.png,0
001/001_11.png,001_forge/001_05.png,0
001/001_11.png,001_forge/001_06.png,0
001/001_11.png,001_forge/001_07.png,0
001/001_11.png,001_forge/001_08.png,0
001/001_11.png,001_forge/001_09.png,0
001/001_11.png,001_forge/001_10.png,0
001/001_11.png,001_forge/001_11.png,0
001/001_11.png,001_forge/001_12.png,0
001/001_11.png,001_forge/001_13.png,0
001/001_11.png,001_forge/001_14.png,0
001/001_11.png,001_forge/001_15.png,0
001/001_11.png,001_forge/001_16.png,0
001/001_11.png,001_forge/001_17.png,0
001/001_11.png,001_forge/001_18.png,0
001/001_11.png,001_forge/001_19.png,0
001/001_11.png,001_forge/001_20.png,0
001/001_12.png,001_forge/001_00.png,0
001/001_12.png,001_forge/001_01.png,0
001/001_12.png,001_forge/001_02.png,0
001/001_12.png,001_forge/001_03.png,0
001/001_12.png,001_forge/001_04.png,0
001/001_12.png,001_forge/001_05.png,0
001/001_12.png,001_forge/001_06.png,0
001/001_12.png,001_forge/001_07.png,0
001/001_12.png,001_forge/001_08.png,0
001/001_12.png,001_forge/001_09.png,0
001/001_12.png,001_forge/001_10.png,0
001/001_12.png,001_forge/001_11.png,0
001/001_12.png,001_forge/001_12.png,0
001/001_12.png,001_forge/001_13.png,0
001/001_12.png,001_forge/001_14.png,0
001/001_12.png,001_forge/001_15.png,0
001/001_12.png,001_forge/001_16.png,0
001/001_12.png,001_forge/001_17.png,0
001/001_12.png,001_forge/001_18.png,0
001/001_12.png,001_forge/001_19.png,0
001/001_12.png,001_forge/001_20.png,0
001/001_13.png,001_forge/001_00.png,0
001/001_13.png,001_forge/001_01.png,0
001/001_13.png,001_forge/001_02.png,0
001/001_13.png,001_forge/001_03.png,0
001/001_13.png,001_forge/001_04.png,0
001/001_13.png,001_forge/001_05.png,0
001/001_13.png,001_forge/001_06.png,0
001/001_13.png,001_forge/001_07.png,0
001/001_13.png,001_forge/001_08.png,0
001/001_13.png,001_forge/001_09.png,0
001/001_13.png,001_forge/001_10.png,0
001/001_13.png,001_forge/001_11.png,0
001/001_13.png,001_forge/001_12.png,0
001/001_13.png,001_forge/001_13.png,0
001/001_13.png,001_forge/001_14.png,0
001/001_13.png,001_forge/001_15.png,0
001/001_13.png,001_forge/001_16.png,0
001/001_13.png,001_forge/001_17.png,0
001/001_13.png,001_forge/001_18.png,0
001/001_13.png,001_forge/001_19.png,0
001/001_13.png,001_forge/001_20.png,0
001/001_14.png,001_forge/001_00.png,0
001/001_14.png,001_forge/001_01.png,0
001/001_14.png,001_forge/001_02.png,0
001/001_14.png,001_forge/001_03.png,0
001/001_14.png,001_forge/001_04.png,0
001/001_14.png,001_forge/001_05.png,0
001/001_14.png,001_forge/001_06.png,0
001/001_14.png,001_forge/001_07.png,0
001/001_14.png,001_forge/001_08.png,0
001/001_14.png,001_forge/001_09.png,0
001/001_14.png,001_forge/001_10.png,0
001/001_14.png,001_forge/001_11.png,0
001/001_14.png,001_forge/001_12.png,0
001/001_14.png,001_forge/001_13.png,0
001/001_14.png,001_forge/001_14.png,0
001/001_14.png,001_forge/001_15.png,0
001/001_14.png,001_forge/001_16.png,0
001/001_14.png,001_forge/001_17.png,0
001/001_14.png,001_forge/001_18.png,0
001/001_14.png,001_forge/001_19.png,0
001/001_14.png,001_forge/001_20.png,0
001/001_15.png,001_forge/001_00.png,0
001/001_15.png,001_forge/001_01.png,0
001/001_15.png,001_forge/001_02.png,0
001/001_15.png,001_forge/001_03.png,0
001/001_15.png,001_forge/001_04.png,0
001/001_15.png,001_forge/001_05.png,0
001/001_15.png,001_forge/001_06.png,0
001/001_15.png,001_forge/001_07.png,0
001/001_15.png,001_forge/001_08.png,0
001/001_15.png,001_forge/001_09.png,0
001/001_15.png,001_forge/001_10.png,0
001/001_15.png,001_forge/001_11.png,0
001/001_15.png,001_forge/001_12.png,0
001/001_15.png,001_forge/001_13.png,0
001/001_15.png,001_forge/001_14.png,0
001/001_15.png,001_forge/001_15.png,0
001/001_15.png,001_forge/001_16.png,0
001/001_15.png,001_forge/001_17.png,0
001/001_15.png,001_forge/001_18.png,0
001/001_15.png,001_forge/001_19.png,0
001/001_15.png,001_forge/001_20.png,0
001/001_16.png,001_forge/001_00.png,0
001/001_16.png,001_forge/001_01.png,0
001/001_16.png,001_forge/001_02.png,0
001/001_16.png,001_forge/001_03.png,0
001/001_16.png,001_forge/001_04.png,0
001/001_16.png,001_forge/001_05.png,0
001/001_16.png,001_forge/001_06.png,0
001/001_16.png,001_forge/001_07.png,0
001/001_16.png,001_forge/001_08.png,0
001/001_16.png,001_forge/001_09.png,0
001/001_16.png,001_forge/001_10.png,0
001/001_16.png,001_forge/001_11.png,0
001/001_16.png,001_forge/001_12.png,0
001/001_16.png,001_forge/001_13.png,0
001/001_16.png,001_forge/001_14.png,0
001/001_16.png,001_forge/001_15.png,0
001/001_16.png,001_forge/001_16.png,0
001/001_16.png,001_forge/001_17.png,0
001/001_16.png,001_forge/001_18.png,0
001/001_16.png,001_forge/001_19.png,0
001/001_16.png,001_forge/001_20.png,0
001/001_17.png,001_forge/001_00.png,0
001/001_17.png,001_forge/001_01.png,0
001/001_17.png,001_forge/001_02.png,0
001/001_17.png,001_forge/001_03.png,0
001/001_17.png,001_forge/001_04.png,0
001/001_17.png,001_forge/001_05.png,0
001/001_17.png,001_forge/001_06.png,0
001/001_17.png,001_forge/001_07.png,0
001/001_17.png,001_forge/001_08.png,0
001/001_17.png,001_forge/001_09.png,0
001/001_17.png,001_forge/001_10.png,0
001/001_17.png,001_forge/001_11.png,0
001/001_17.png,001_forge/001_12.png,0
001/001_17.png,001_forge/001_13.png,0
001/001_17.png,001_forge/001_14.png,0
001/001_17.png,001_forge/001_15.png,0
001/001_17.png,001_forge/001_16.png,0
001/001_17.png,001_forge/001_17.png,0
001/001_17.png,001_forge/001_18.png,0
001/001_17.png,001_forge/001_19.png,0
001/001_17.png,001_forge/001_20.png,0
001/001_18.png,001_forge/001_00.png,0
001/001_18.png,001_forge/001_01.png,0
001/001_18.png,001_forge/001_02.png,0
001/001_18.png,001_forge/001_03.png,0
001/001_18.png,001_forge/001_04.png,0
001/001_18.png,001_forge/001_05.png,0
001/001_18.png,001_forge/001_06.png,0
001/001_18.png,001_forge/001_07.png,0
001/001_18.png,001_forge/001_08.png,0
001/001_18.png,001_forge/001_09.png,0
001/001_18.png,001_forge/001_10.png,0
001/001_18.png,001_forge/001_11.png,0
001/001_18.png,001_forge/001_12.png,0
001/001_18.png,001_forge/001_13.png,0
001/001_18.png,001_forge/001_14.png,0
001/001_18.png,001_forge/001_15.png,0
001/001_18.png,001_forge/001_16.png,0
001/001_18.png,001_forge/001_17.png,0
001/001_18.png,001_forge/001_18.png,0
001/001_18.png,001_forge/001_19.png,0
001/001_18.png,001_forge/001_20.png,0
001/001_19.png,001_forge/001_00.png,0
001/001_19.png,001_forge/001_01.png,0
001/001_19.png,001_forge/001_02.png,0
001/001_19.png,001_forge/001_03.png,0
001/001_19.png,001_forge/001_04.png,0
001/001_19.png,001_forge/001_05.png,0
001/001_19.png,001_forge/001_06.png,0
001/001_19.png,001_forge/001_07.png,0
001/001_19.png,001_forge/001_08.png,0
001/001_19.png,001_forge/001_09.png,0
001/001_19.png,001_forge/001_10.png,0
001/001_19.png,001_forge/001_11.png,0
001/001_19.png,001_forge/001_12.png,0
001/001_19.png,001_forge/001_13.png,0
001/001_19.png,001_forge/001_14.png,0
001/001_19.png,001_forge/001_15.png,0
001/001_19.png,001_forge/001_16.png,0
001/001_19.png,001_forge/001_17.png,0
001/001_19.png,001_forge/001_18.png,0
001/001_19.png,001_forge/001_19.png,0
001/001_19.png,001_forge/001_20.png,0
001/001_20.png,001_forge/001_00.png,0
001/001_20.png,001_forge/001_01.png,0
001/001_20.png,001_forge/001_02.png,0
001/001_20.png,001_forge/001_03.png,0
001/001_20.png,001_forge/001_04.png,0
001/001_20.png,001_forge/001_05.png,0
001/001_20.png,001_forge/001_06.png,0
001/001_20.png,001_forge/001_07.png,0
001/001_20.png,001_forge/001_08.png,0
001/001_20.png,001_forge/001_09.png,0
001/001_20.png,001_forge/001_10.png,0
001/001_20.png,001_forge/001_11.png,0
001/001_20.png,001_forge/001_12.png,0
001/001_20.png,001_forge/001_13.png,0
001/001_20.png,001_forge/001_14.png,0
001/001_20.png,001_forge/001_15.png,0
001/001_20.png,001_forge/001_16.png,0
001/001_20.png,001_forge/001_17.png,0
001/001_20.png,001_forge/001_18.png,0
001/001_20.png,001_forge/001_19.png,0
001/001_20.png,001_forge/001_20.png,0
001/001_00.png,001/001_01.png,1
001/001_00.png,001/001_02.png,1
001/001_00.png,001/001_03.png,1
001/001_00.png,001/001_04.png,1
001/001_00.png,001/001_05.png,1
001/001_00.png,001/001_06.png,1
001/001_00.png,001/001_07.png,1
001/001_00.png,001/001_08.png,1
001/001_00.png,001/001_09.png,1
001/001_00.png,001/001_10.png,1
001/001_00.png,001/001_11.png,1
001/001_00.png,001/001_12.png,1
001/001_00.png,001/001_13.png,1
001/001_00.png,001/001_14.png,1
001/001_00.png,001/001_15.png,1
001/001_00.png,001/001_16.png,1
001/001_00.png,001/001_17.png,1
001/001_00.png,001/001_18.png,1
001/001_00.png,001/001_19.png,1
001/001_00.png,001/001_20.png,1
001/001_01.png,001/001_00.png,1
001/001_01.png,001/001_02.png,1
001/001_01.png,001/001_03.png,1
001/001_01.png,001/001_04.png,1
001/001_01.png,001/001_05.png,1
001/001_01.png,001/001_06.png,1
001/001_01.png,001/001_07.png,1
001/001_01.png,001/001_08.png,1
001/001_01.png,001/001_09.png,1
001/001_01.png,001/001_10.png,1
001/001_01.png,001/001_11.png,1
001/001_01.png,001/001_12.png,1
001/001_01.png,001/001_13.png,1
001/001_01.png,001/001_14.png,1
001/001_01.png,001/001_15.png,1
001/001_01.png,001/001_16.png,1
001/001_01.png,001/001_17.png,1
001/001_01.png,001/001_18.png,1
001/001_01.png,001/001_19.png,1
001/001_01.png,001/001_20.png,1
001/001_02.png,001/001_00.png,1
001/001_02.png,001/001_01.png,1
001/001_02.png,001/001_03.png,1
001/001_02.png,001/001_04.png,1
001/001_02.png,001/001_05.png,1
001/001_02.png,001/001_06.png,1
001/001_02.png,001/001_07.png,1
001/001_02.png,001/001_08.png,1
001/001_02.png,001/001_09.png,1
001/001_02.png,001/001_10.png,1
001/001_02.png,001/001_11.png,1
001/001_02.png,001/001_12.png,1
001/001_02.png,001/001_13.png,1
001/001_02.png,001/001_14.png,1
001/001_02.png,001/001_15.png,1
001/001_02.png,001/001_16.png,1
001/001_02.png,001/001_17.png,1
001/001_02.png,001/001_18.png,1
001/001_02.png,001/001_19.png,1
001/001_02.png,001/001_20.png,1
001/001_03.png,001/001_00.png,1
001/001_03.png,001/001_01.png,1
001/001_03.png,001/001_02.png,1
001/001_03.png,001/001_04.png,1
001/001_03.png,001/001_05.png,1
001/001_03.png,001/001_06.png,1
001/001_03.png,001/001_07.png,1
001/001_03.png,001/001_08.png,1
001/001_03.png,001/001_09.png,1
001/001_03.png,001/001_10.png,1
001/001_03.png,001/001_11.png,1
001/001_03.png,001/001_12.png,1
001/001_03.png,001/001_13.png,1
001/001_03.png,001/001_14.png,1
001/001_03.png,001/001_15.png,1
001/001_03.png,001/001_16.png,1
001/001_03.png,001/001_17.png,1
001/001_03.png,001/001_18.png,1
001/001_03.png,001/001_19.png,1
001/001_03.png,001/001_20.png,1
001/001_04.png,001/001_00.png,1
001/001_04.png,001/001_01.png,1
001/001_04.png,001/001_02.png,1
001/001_04.png,001/001_03.png,1
001/001_04.png,001/001_05.png,1
001/001_04.png,001/001_06.png,1
001/001_04.png,001/001_07.png,1
001/001_04.png,001/001_08.png,1
001/001_04.png,001/001_09.png,1
001/001_04.png,001/001_10.png,1
001/001_04.png,001/001_11.png,1
001/001_04.png,001/001_12.png,1
001/001_04.png,001/001_13.png,1
001/001_04.png,001/001_14.png,1
001/001_04.png,001/001_15.png,1
001/001_04.png,001/001_16.png,1
001/001_04.png,001/001_17.png,1
001/001_04.png,001/001_18.png,1
001/001_04.png,001/001_19.png,1
001/001_04.png,001/001_20.png,1
001/001_05.png,001/001_00.png,1
001/001_05.png,001/001_01.png,1
001/001_05.png,001/001_02.png,1
001/001_05.png,001/001_03.png,1
001/001_05.png,001/001_04.png,1
001/001_05.png,001/001_06.png,1
001/001_05.png,001/001_07.png,1
001/001_05.png,001/001_08.png,1
001/001_05.png,001/001_09.png,1
001/001_05.png,001/001_10.png,1
001/001_05.png,001/001_11.png,1
001/001_05.png,001/001_12.png,1
001/001_05.png,001/001_13.png,1
001/001_05.png,001/001_14.png,1
001/001_05.png,001/001_15.png,1
001/001_05.png,001/001_16.png,1
001/001_05.png,001/001_17.png,1
001/001_05.png,001/001_18.png,1
001/001_05.png,001/001_19.png,1
001/001_05.png,001/001_20.png,1
001/001_06.png,001/001_00.png,1
001/001_06.png,001/001_01.png,1
001/001_06.png,001/001_02.png,1
001/001_06.png,001/001_03.png,1
001/001_06.png,001/001_04.png,1
001/001_06.png,001/001_05.png,1
001/001_06.png,001/001_07.png,1
001/001_06.png,001/001_08.png,1
001/001_06.png,001/001_09.png,1
001/001_06.png,001/001_10.png,1
001/001_06.png,001/001_11.png,1
001/001_06.png,001/001_12.png,1
001/001_06.png,001/001_13.png,1
001/001_06.png,001/001_14.png,1
001/001_06.png,001/001_15.png,1
001/001_06.png,001/001_16.png,1
001/001_06.png,001/001_17.png,1
001/001_06.png,001/001_18.png,1
001/001_06.png,001/001_19.png,1
001/001_06.png,001/001_20.png,1
001/001_07.png,001/001_00.png,1
001/001_07.png,001/001_01.png,1
001/001_07.png,001/001_02.png,1
001/001_07.png,001/001_03.png,1
001/001_07.png,001/001_04.png,1
001/001_07.png,001/001_05.png,1
001/001_07.png,001/001_06.png,1
001/001_07.png,001/001_08.png,1
001/001_07.png,001/001_09.png,1
001/001_07.png,001/001_10.png,1
001/001_07.png,001/001_11.png,1
001/001_07.png,001/001_12.png,1
001/001_07.png,001/001_13.png,1
001/001_07.png,001/001_14.png,1
001/001_07.png,001/001_15.png,1
001/001_07.png,001/001_16.png,1
001/001_07.png,001/001_17.png,1
001/001_07.png,001/001_18.png,1
001/001_07.png,001/001_19.png,1
001/001_07.png,001/001_20.png,1
001/001_08.png,001/001_00.png,1
001/001_08.png,001/001_01.png,1
001/001_08.png,001/001_02.png,1
001/001_08.png,001/001_03.png,1
001/001_08.png,001/001_04.png,1
001/001_08.png,001/001_05.png,1
001/001_08.png,001/001_06.png,1
001/001_08.png,001/001_07.png,1
001/001_08.png,001/001_09.png,1
001/001_08.png,001/001_10.png,1
001/001_08.png,001/001_11.png,1
001/001_08.png,001/001_12.png,1
001/001_08.png,001/001_13.png,1
001/001_08.png,001/001_14.png,1
001/001_08.png,001/001_15.png,1
001/001_08.png,001/001_16.png,1
001/001_08.png,001/001_17.png,1
001/001_08.png,001/001_18.png,1
001/001_08.png,001/001_19.png,1
001/001_08.png,001/001_20.png,1
001/001_09.png,001/001_00.png,1
001/001_09.png,001/001_01.png,1
001/001_09.png,001/001_02.png,1
001/001_09.png,001/001_03.png,1
001/001_09.png,001/001_04.png,1
001/001_09.png,001/001_05.png,1
001/001_09.png,001/001_06.png,1
001/001_09.png,001/001_07.png,1
001/001_09.png,001/001_08.png,1
001/001_09.png,001/001_10.png,1
001/001_09.png,001/001_11.png,1
001/001_09.png,001/001_12.png,1
001/001_09.png,001/001_13.png,1
001/001_09.png,001/001_14.png,1
001/001_09.png,001/001_15.png,1
001/001_09.png,001/001_16.png,1
001/001_09.png,001/001_17.png,1
001/001_09.png,001/001_18.png,1
001/001_09.png,001/001_19.png,1
001/001_09.png,001/001_20.png,1
001/001_10.png,001/001_00.png,1
001/001_10.png,001/001_01.png,1
001/001_10.png,001/001_02.png,1
001/001_10.png,001/001_03.png,1
001/001_10.png,001/001_04.png,1
001/001_10.png,001/001_05.png,1
001/001_10.png,001/001_06.png,1
001/001_10.png,001/001_07.png,1
001/001_10.png,001/001_08.png,1
001/001_10.png,001/001_09.png,1
001/001_10.png,001/001_11.png,1
001/001_10.png,001/001_12.png,1
001/001_10.png,001/001_13.png,1
001/001_10.png,001/001_14.png,1
001/001_10.png,001/001_15.png,1
001/001_10.png,001/001_16.png,1
001/001_10.png,001/001_17.png,1
001/001_10.png,001/001_18.png,1
001/001_10.png,001/001_19.png,1
001/001_10.png,001/001_20.png,1
001/001_11.png,001/001_00.png,1
001/001_11.png,001/001_01.png,1
001/001_11.png,001/001_02.png,1
001/001_11.png,001/001_03.png,1
001/001_11.png,001/001_04.png,1
001/001_11.png,001/001_05.png,1
001/001_11.png,001/001_06.png,1
001/001_11.png,001/001_07.png,1
001/001_11.png,001/001_08.png,1
001/001_11.png,001/001_09.png,1
001/001_11.png,001/001_10.png,1
001/001_11.png,001/001_12.png,1
001/001_11.png,001/001_13.png,1
001/001_11.png,001/001_14.png,1
001/001_11.png,001/001_15.png,1
001/001_11.png,001/001_16.png,1
001/001_11.png,001/001_17.png,1
001/001_11.png,001/001_18.png,1
001/001_11.png,001/001_19.png,1
001/001_11.png,001/001_20.png,1
001/001_12.png,001/001_00.png,1
001/001_12.png,001/001_01.png,1
001/001_12.png,001/001_02.png,1
001/001_12.png,001/001_03.png,1
001/001_12.png,001/001_04.png,1
001/001_12.png,001/001_05.png,1
001/001_12.png,001/001_06.png,1
001/001_12.png,001/001_07.png,1
001/001_12.png,001/001_08.png,1
001/001_12.png,001/001_09.png,1
001/001_12.png,001/001_10.png,1
001/001_12.png,001/001_11.png,1
001/001_12.png,001/001_13.png,1
001/001_12.png,001/001_14.png,1
001/001_12.png,001/001_15.png,1
001/001_12.png,001/001_16.png,1
001/001_12.png,001/001_17.png,1
001/001_12.png,001/001_18.png,1
001/001_12.png,001/001_19.png,1
001/001_12.png,001/001_20.png,1
001/001_13.png,001/001_00.png,1
001/001_13.png,001/001_01.png,1
001/001_13.png,001/001_02.png,1
001/001_13.png,001/001_03.png,1
001/001_13.png,001/001_04.png,1
001/001_13.png,001/001_05.png,1
001/001_13.png,001/001_06.png,1
001/001_13.png,001/001_07.png,1
001/001_13.png,001/001_08.png,1
001/001_13.png,001/001_09.png,1
001/001_13.png,001/001_10.png,1
001/001_13.png,001/001_11.png,1
001/001_13.png,001/001_12.png,1
001/001_13.png,001/001_14.png,1
001/001_13.png,001/001_15.png,1
001/001_13.png,001/001_16.png,1
001/001_13.png,001/001_17.png,1
001/001_13.png,001/001_18.png,1
001/001_13.png,001/001_19.png,1
001/001_13.png,001/001_20.png,1
001/001_14.png,001/001_00.png,1
001/001_14.png,001/001_01.png,1
001/001_14.png,001/001_02.png,1
001/001_14.png,001/001_03.png,1
001/001_14.png,001/001_04.png,1
001/001_14.png,001/001_05.png,1
001/001_14.png,001/001_06.png,1
001/001_14.png,001/001_07.png,1
001/001_14.png,001/001_08.png,1
001/001_14.png,001/001_09.png,1
001/001_14.png,001/001_10.png,1
001/001_14.png,001/001_11.png,1
001/001_14.png,001/001_12.png,1
001/001_14.png,001/001_13.png,1
001/001_14.png,001/001_15.png,1
001/001_14.png,001/001_16.png,1
001/001_14.png,001/001_17.png,1
001/001_14.png,001/001_18.png,1
001/001_14.png,001/001_19.png,1
001/001_14.png,001/001_20.png,1
001/001_15.png,001/001_00.png,1
001/001_15.png,001/001_01.png,1
001/001_15.png,001/001_02.png,1
001/001_15.png,001/001_03.png,1
001/001_15.png,001/001_04.png,1
001/001_15.png,001/001_05.png,1
001/001_15.png,001/001_06.png,1
001/001_15.png,001/001_07.png,1
001/001_15.png,001/001_08.png,1
001/001_15.png,001/001_09.png,1
001/001_15.png,001/001_10.png,1
001/001_15.png,001/001_11.png,1
001/001_15.png,001/001_12.png,1
001/001_15.png,001/001_13.png,1
001/001_15.png,001/001_14.png,1
001/001_15.png,001/001_16.png,1
001/001_15.png,001/001_17.png,1
001/001_15.png,001/001_18.png,1
001/001_15.png,001/001_19.png,1
001/001_15.png,001/001_20.png,1
001/001_16.png,001/001_00.png,1
001/001_16.png,001/001_01.png,1
001/001_16.png,001/001_02.png,1
001/001_16.png,001/001_03.png,1
001/001_16.png,001/001_04.png,1
001/001_16.png,001/001_05.png,1
001/001_16.png,001/001_06.png,1
001/001_16.png,001/001_07.png,1
001/001_16.png,001/001_08.png,1
001/001_16.png,001/001_09.png,1
001/001_16.png,001/001_10.png,1
001/001_16.png,001/001_11.png,1
001/001_16.png,001/001_12.png,1
001/001_16.png,001/001_13.png,1
001/001_16.png,001/001_14.png,1
001/001_16.png,001/001_15.png,1
001/001_16.png,001/001_17.png,1
001/001_16.png,001/001_18.png,1
001/001_16.png,001/001_19.png,1
001/001_16.png,001/001_20.png,1
001/001_17.png,001/001_00.png,1
001/001_17.png,001/001_01.png,1
001/001_17.png,001/001_02.png,1
001/001_17.png,001/001_03.png,1
001/001_17.png,001/001_04.png,1
001/001_17.png,001/001_05.png,1
001/001_17.png,001/001_06.png,1
001/001_17.png,001/001_07.png,1
001/001_17.png,001/001_08.png,1
001/001_17.png,001/001_09.png,1
001/001_17.png,001/001_10.png,1
001/001_17.png,001/001_11.png,1
001/001_17.png,001/001_12.png,1
001/001_17.png,001/001_13.png,1
001/001_17.png,001/001_14.png,1
001/001_17.png,001/001_15.png,1
001/001_17.png,001/001_16.png,1
001/001_17.png,001/001_18.png,1
001/001_17.png,001/001_19.png,1
001/001_17.png,001/001_20.png,1
001/001_18.png,001/001_00.png,1
001/001_18.png,001/001_01.png,1
001/001_18.png,001/001_02.png,1
001/001_18.png,001/001_03.png,1
001/001_18.png,001/001_04.png,1
001/001_18.png,001/001_05.png,1
001/001_18.png,001/001_06.png,1
001/001_18.png,001/001_07.png,1
001/001_18.png,001/001_08.png,1
001/001_18.png,001/001_09.png,1
001/001_18.png,001/001_10.png,1
001/001_18.png,001/001_11.png,1
001/001_18.png,001/001_12.png,1
001/001_18.png,001/001_13.png,1
001/001_18.png,001/001_14.png,1
001/001_18.png,001/001_15.png,1
001/001_18.png,001/001_16.png,1
001/001_18.png,001/001_17.png,1
001/001_18.png,001/001_19.png,1
001/001_18.png,001/001_20.png,1
001/001_19.png,001/001_00.png,1
001/001_19.png,001/001_01.png,1
001/001_19.png,001/001_02.png,1
001/001_19.png,001/001_03.png,1
001/001_19.png,001/001_04.png,1
001/001_19.png,001/001_05.png,1
001/001_19.png,001/001_06.png,1
001/001_19.png,001/001_07.png,1
001/001_19.png,001/001_08.png,1
001/001_19.png,001/001_09.png,1
001/001_19.png,001/001_10.png,1
001/001_19.png,001/001_11.png,1
001/001_19.png,001/001_12.png,1
001/001_19.png,001/001_13.png,1
001/001_19.png,001/001_14.png,1
001/001_19.png,001/001_15.png,1
001/001_19.png,001/001_16.png,1
001/001_19.png,001/001_17.png,1
001/001_19.png,001/001_18.png,1
001/001_19.png,001/001_20.png,1
001/001_20.png,001/001_00.png,1
001/001_20.png,001/001_01.png,1
001/001_20.png,001/001_02.png,1
001/001_20.png,001/001_03.png,1
001/001_20.png,001/001_04.png,1
001/001_20.png,001/001_05.png,1
001/001_20.png,001/001_06.png,1
001/001_20.png,001/001_07.png,1
001/001_20.png,001/001_08.png,1
001/001_20.png,001/001_09.png,1
001/001_20.png,001/001_10.png,1
001/001_20.png,001/001_11.png,1
001/001_20.png,001/001_12.png,1
001/001_20.png,001/001_13.png,1
001/001_20.png,001/001_14.png,1
001/001_20.png,001/001_15.png,1
001/001_20.png,001/001_16.png,1
001/001_20.png,001/001_17.png,1
001/001_20.png,001/001_18.png,1
001/001_20.png,001/001_19.png,1
001/001_00.png,001_forge/001_00.png,0
001/001_00.png,001_forge/001_01.png,0
001/001_00.png,001_forge/001_02.png,0
001/001_00.png,001_forge/001_03.png,0
001/001_00.png,001_forge/001_04.png,0
001/001_00.png,001_forge/001_05.png,0
001/001_00.png,001_forge/001_06.png,0
001/001_00.png,001_forge/001_07.png,0
001/001_00.png,001_forge/001_08.png,0
001/001_00.png,001_forge/001_09.png,0
001/001_00.png,001_forge/001_10.png,0
001/001_00.png,001_forge/001_11.png,0
001/001_00.png,001_forge/001_12.png,0
001/001_00.png,001_forge/001_13.png,0
001/001_00.png,001_forge/001_14.png,0
001/001_00.png,001_forge/001_15.png,0
001/001_00.png,001_forge/001_16.png,0
001/001_00.png,001_forge/001_17.png,0
001/001_00.png,001_forge/001_18.png,0
001/001_00.png,001_forge/001_19.png,0
001/001_00.png,001_forge/001_20.png,0
001/001_01.png,001_forge/001_00.png,0
001/001_01.png,001_forge/001_01.png,0
001/001_01.png,001_forge/001_02.png,0
001/001_01.png,001_forge/001_03.png,0
001/001_01.png,001_forge/001_04.png,0
001/001_01.png,001_forge/001_05.png,0
001/001_01.png,001_forge/001_06.png,0
001/001_01.png,001_forge/001_07.png,0
001/001_01.png,001_forge/001_08.png,0
001/001_01.png,001_forge/001_09.png,0
001/001_01.png,001_forge/001_10.png,0
001/001_01.png,001_forge/001_11.png,0
001/001_01.png,001_forge/001_12.png,0
001/001_01.png,001_forge/001_13.png,0
001/001_01.png,001_forge/001_14.png,0
001/001_01.png,001_forge/001_15.png,0
001/001_01.png,001_forge/001_16.png,0
001/001_01.png,001_forge/001_17.png,0
001/001_01.png,001_forge/001_18.png,0
001/001_01.png,001_forge/001_19.png,0
001/001_01.png,001_forge/001_20.png,0
001/001_02.png,001_forge/001_00.png,0
001/001_02.png,001_forge/001_01.png,0
001/001_02.png,001_forge/001_02.png,0
001/001_02.png,001_forge/001_03.png,0
001/001_02.png,001_forge/001_04.png,0
001/001_02.png,001_forge/001_05.png,0
001/001_02.png,001_forge/001_06.png,0
001/001_02.png,001_forge/001_07.png,0
001/001_02.png,001_forge/001_08.png,0
001/001_02.png,001_forge/001_09.png,0
001/001_02.png,001_forge/001_10.png,0
001/001_02.png,001_forge/001_11.png,0
001/001_02.png,001_forge/001_12.png,0
001/001_02.png,001_forge/001_13.png,0
001/001_02.png,001_forge/001_14.png,0
001/001_02.png,001_forge/001_15.png,0
001/001_02.png,001_forge/001_16.png,0
001/001_02.png,001_forge/001_17.png,0
001/001_02.png,001_forge/001_18.png,0
001/001_02.png,001_forge/001_19.png,0
001/001_02.png,001_forge/001_20.png,0
001/001_03.png,001_forge/001_00.png,0
001/001_03.png,001_forge/001_01.png,0
001/001_03.png,001_forge/001_02.png,0
001/001_03.png,001_forge/001_03.png,0
001/001_03.png,001_forge/001_04.png,0
001/001_03.png,001_forge/001_05.png,0
001/001_03.png,001_forge/001_06.png,0
001/001_03.png,001_forge/001_07.png,0
001/001_03.png,001_forge/001_08.png,0
001/001_03.png,001_forge/001_09.png,0
001/001_03.png,001_forge/001_10.png,0
001/001_03.png,001_forge/001_11.png,0
001/001_03.png,001_forge/001_12.png,0
001/001_03.png,001_forge/001_13.png,0
001/001_03.png,001_forge/001_14.png,0
001/001_03.png,001_forge/001_15.png,0
001/001_03.png,001_forge/001_16.png,0
001/001_03.png,001_forge/001_17.png,0
001/001_03.png,001_forge/001_18.png,0
001/001_03.png,001_forge/001_19.png,0
001/001_03.png,001_forge/001_20.png,0
001/001_04.png,001_forge/001_00.png,0
001/001_04.png,001_forge/001_01.png,0
001/001_04.png,001_forge/001_02.png,0
001/001_04.png,001_forge/001_03.png,0
001/001_04.png,001_forge/001_04.png,0
001/001_04.png,001_forge/001_05.png,0
001/001_04.png,001_forge/001_06.png,0
001/001_04.png,001_forge/001_07.png,0
001/001_04.png,001_forge/001_08.png,0
001/001_04.png,001_forge/001_09.png,0
001/001_04.png,001_forge/001_10.png,0
001/001_04.png,001_forge/001_11.png,0
001/001_04.png,001_forge/001_12.png,0
001/001_04.png,001_forge/001_13.png,0
001/001_04.png,001_forge/001_14.png,0
001/001_04.png,001_forge/001_15.png,0
001/001_04.png,001_forge/001_16.png,0
001/001_04.png,001_forge/001_17.png,0
001/001_04.png,001_forge/001_18.png,0
001/001_04.png,001_forge/001_19.png,0
001/001_04.png,001_forge/001_20.png,0
001/001_05.png,001_forge/001_00.png,0
001/001_05.png,001_forge/001_01.png,0
001/001_05.png,001_forge/001_02.png,0
001/001_05.png,001_forge/001_03.png,0
001/001_05.png,001_forge/001_04.png,0
001/001_05.png,001_forge/001_05.png,0
001/001_05.png,001_forge/001_06.png,0
001/001_05.png,001_forge/001_07.png,0
001/001_05.png,001_forge/001_08.png,0
001/001_05.png,001_forge/001_09.png,0
001/001_05.png,001_forge/001_10.png,0
001/001_05.png,001_forge/001_11.png,0
001/001_05.png,001_forge/001_12.png,0
001/001_05.png,001_forge/001_13.png,0
001/001_05.png,001_forge/001_14.png,0
001/001_05.png,001_forge/001_15.png,0
001/001_05.png,001_forge/001_16.png,0
001/001_05.png,001_forge/001_17.png,0
001/001_05.png,001_forge/001_18.png,0
001/001_05.png,001_forge/001_19.png,0
001/001_05.png,001_forge/001_20.png,0
001/001_06.png,001_forge/001_00.png,0
001/001_06.png,001_forge/001_01.png,0
001/001_06.png,001_forge/001_02.png,0
001/001_06.png,001_forge/001_03.png,0
001/001_06.png,001_forge/001_04.png,0
001/001_06.png,001_forge/001_05.png,0
001/001_06.png,001_forge/001_06.png,0
001/001_06.png,001_forge/001_07.png,0
001/001_06.png,001_forge/001_08.png,0
001/001_06.png,001_forge/001_09.png,0
001/001_06.png,001_forge/001_10.png,0
001/001_06.png,001_forge/001_11.png,0
001/001_06.png,001_forge/001_12.png,0
001/001_06.png,001_forge/001_13.png,0
001/001_06.png,001_forge/001_14.png,0
001/001_06.png,001_forge/001_15.png,0
001/001_06.png,001_forge/001_16.png,0
001/001_06.png,001_forge/001_17.png,0
001/001_06.png,001_forge/001_18.png,0
001/001_06.png,001_forge/001_19.png,0
001/001_06.png,001_forge/001_20.png,0
001/001_07.png,001_forge/001_00.png,0
001/001_07.png,001_forge/001_01.png,0
001/001_07.png,001_forge/001_02.png,0
001/001_07.png,001_forge/001_03.png,0
001/001_07.png,001_forge/001_04.png,0
001/001_07.png,001_forge/001_05.png,0
001/001_07.png,001_forge/001_06.png,0
001/001_07.png,001_forge/001_07.png,0
001/001_07.png,001_forge/001_08.png,0
001/001_07.png,001_forge/001_09.png,0
001/001_07.png,001_forge/001_10.png,0
001/001_07.png,001_forge/001_11.png,0
001/001_07.png,001_forge/001_12.png,0
001/001_07.png,001_forge/001_13.png,0
001/001_07.png,001_forge/001_14.png,0
001/001_07.png,001_forge/001_15.png,0
001/001_07.png,001_forge/001_16.png,0
001/001_07.png,001_forge/001_17.png,0
001/001_07.png,001_forge/001_18.png,0
001/001_07.png,001_forge/001_19.png,0
001/001_07.png,001_forge/001_20.png,0
001/001_08.png,001_forge/001_00.png,0
001/001_08.png,001_forge/001_01.png,0
001/001_08.png,001_forge/001_02.png,0
001/001_08.png,001_forge/001_03.png,0
001/001_08.png,001_forge/001_04.png,0
001/001_08.png,001_forge/001_05.png,0
001/001_08.png,001_forge/001_06.png,0
001/001_08.png,001_forge/001_07.png,0
001/001_08.png,001_forge/001_08.png,0
001/001_08.png,001_forge/001_09.png,0
001/001_08.png,001_forge/001_10.png,0
001/001_08.png,001_forge/001_11.png,0
001/001_08.png,001_forge/001_12.png,0
001/001_08.png,001_forge/001_13.png,0
001/001_08.png,001_forge/001_14.png,0
001/001_08.png,001_forge/001_15.png,0
001/001_08.png,001_forge/001_16.png,0
001/001_08.png,001_forge/001_17.png,0
001/001_08.png,001_forge/001_18.png,0
001/001_08.png,001_forge/001_19.png,0
001/001_08.png,001_forge/001_20.png,0
001/001_09.png,001_forge/001_00.png,0
001/001_09.png,001_forge/001_01.png,0
001/001_09.png,001_forge/001_02.png,0
001/001_09.png,001_forge/001_03.png,0
001/001_09.png,001_forge/001_04.png,0
001/001_09.png,001_forge/001_05.png,0
001/001_09.png,001_forge/001_06.png,0
001/001_09.png,001_forge/001_07.png,0
001/001_09.png,001_forge/001_08.png,0
001/001_09.png,001_forge/001_09.png,0
001/001_09.png,001_forge/001_10.png,0
001/001_09.png,001_forge/001_11.png,0
001/001_09.png,001_forge/001_12.png,0
001/001_09.png,001_forge/001_13.png,0
001/001_09.png,001_forge/001_14.png,0
001/001_09.png,001_forge/001_15.png,0
001/001_09.png,001_forge/001_16.png,0
001/001_09.png,001_forge/001_17.png,0
001/001_09.png,001_forge/001_18.png,0
001/001_09.png,001_forge/001_19.png,0
001/001_09.png,001_forge/001_20.png,0
001/001_10.png,001_forge/001_00.png,0
001/001_10.png,001_forge/001_01.png,0
001/001_10.png,001_forge/001_02.png,0
001/001_10.png,001_forge/001_03.png,0
001/001_10.png,001_forge/001_04.png,0
001/001_10.png,001_forge/001_05.png,0
001/001_10.png,001_forge/001_06.png,0
001/001_10.png,001_forge/001_07.png,0
001/001_10.png,001_forge/001_08.png,0
001/001_10.png,001_forge/001_09.png,0
001/001_10.png,001_forge/001_10.png,0
001/001_10.png,001_forge/001_11.png,0
001/001_10.png,001_forge/001_12.png,0
001/001_10.png,001_forge/001_13.png,0
001/001_10.png,001_forge/001_14.png,0
001/001_10.png,001_forge/001_15.png,0
001/001_10.png,001_forge/001_16.png,0
001/001_10.png,001_forge/001_17.png,0
001/001_10.png,001_forge/001_18.png,0
001/001_10.png,001_forge/001_19.png,0
001/001_10.png,001_forge/001_20.png,0
001/001_11.png,001_forge/001_00.png,0
001/001_11.png,001_forge/001_01.png,0
001/001_11.png,001_forge/001_02.png,0
001/001_11.png,001_forge/001_03.png,0
001/001_11.png,001_forge/001_04.png,0
001/001_11.png,001_forge/001_05.png,0
001/001_11.png,001_forge/001_06.png,0
001/001_11.png,001_forge/001_07.png,0
001/001_11.png,001_forge/001_08.png,0
001/001_11.png,001_forge/001_09.png,0
001/001_11.png,001_forge/001_10.png,0
001/001_11.png,001_forge/001_11.png,0
001/001_11.png,001_forge/001_12.png,0
001/001_11.png,001_forge/001_13.png,0
001/001_11.png,001_forge/001_14.png,0
001/001_11.png,001_forge/001_15.png,0
001/001_11.png,001_forge/001_16.png,0
001/001_11.png,001_forge/001_17.png,0
001/001_11.png,001_forge/001_18.png,0
001/001_11.png,001_forge/001_19.png,0
001/001_11.png,001_forge/001_20.png,0
001/001_12.png,001_forge/001_00.png,0
001/001_12.png,001_forge/001_01.png,0
001/001_12.png,001_forge/001_02.png,0
001/001_12.png,001_forge/001_03.png,0
001/001_12.png,001_forge/001_04.png,0
001/001_12.png,001_forge/001_05.png,0
001/001_12.png,001_forge/001_06.png,0
001/001_12.png,001_forge/001_07.png,0
001/001_12.png,001_forge/001_08.png,0
001/001_12.png,001_forge/001_09.png,0
001/001_12.png,001_forge/001_10.png,0
001/001_12.png,001_forge/001_11.png,0
001/001_12.png,001_forge/001_12.png,0
001/001_12.png,001_forge/001_13.png,0
001/001_12.png,001_forge/001_14.png,0
001/001_12.png,001_forge/001_15.png,0
001/001_12.png,001_forge/001_16.png,0
001/001_12.png,001_forge/001_17.png,0
001/001_12.png,001_forge/001_18.png,0
001/001_12.png,001_forge/001_19.png,0
001/001_12.png,001_forge/001_20.png,0
001/001_13.png,001_forge/001_00.png,0
001/001_13.png,001_forge/001_01.png,0
001/001_13.png,001_forge/001_02.png,0
001/001_13.png,001_forge/001_03.png,0
001/001_13.png,001_forge/001_04.png,0
001/001_13.png,001_forge/001_05.png,0
001/001_13.png,001_forge/001_06.png,0
001/001_13.png,001_forge/001_07.png,0
001/001_13.png,001_forge/001_08.png,0
001/001_13.png,001_forge/001_09.png,0
001/001_13.png,001_forge/001_10.png,0
001/001_13.png,001_forge/001_11.png,0
001/001_13.png,001_forge/001_12.png,0
001/001_13.png,001_forge/001_13.png,0
001/001_13.png,001_forge/001_14.png,0
001/001_13.png,001_forge/001_15.png,0
001/001_13.png,001_forge/001_16.png,0
001/001_13.png,001_forge/001_17.png,0
001/001_13.png,001_forge/001_18.png,0
001/001_13.png,001_forge/001_19.png,0
001/001_13.png,001_forge/001_20.png,0
001/001_14.png,001_forge/001_00.png,0
001/001_14.png,001_forge/001_01.png,0
001/001_14.png,001_forge/001_02.png,0
001/001_14.png,001_forge/001_03.png,0
001/001_14.png,001_forge/001_04.png,0
001/001_14.png,001_forge/001_05.png,0
001/001_14.png,001_forge/001_06.png,0
001/001_14.png,001_forge/001_07.png,0
001/001_14.png,001_forge/001_08.png,0
001/001_14.png,001_forge/001_09.png,0
001/001_14.png,001_forge/001_10.png,0
001/001_14.png,001_forge/001_11.png,0
001/001_14.png,001_forge/001_12.png,0
001/001_14.png,001_forge/001_13.png,0
001/001_14.png,001_forge/001_14.png,0
001/001_14.png,001_forge/001_15.png,0
001/001_14.png,001_forge/001_16.png,0
001/001_14.png,001_forge/001_17.png,0
001/001_14.png,001_forge/001_18.png,0
001/001_14.png,001_forge/001_19.png,0
001/001_14.png,001_forge/001_20.png,0
001/001_15.png,001_forge/001_00.png,0
001/001_15.png,001_forge/001_01.png,0
001/001_15.png,001_forge/001_02.png,0
001/001_15.png,001_forge/001_03.png,0
001/001_15.png,001_forge/001_04.png,0
001/001_15.png,001_forge/001_05.png,0
001/001_15.png,001_forge/001_06.png,0
001/001_15.png,001_forge/001_07.png,0
001/001_15.png,001_forge/001_08.png,0
001/001_15.png,001_forge/001_09.png,0
001/001_15.png,001_forge/001_10.png,0
001/001_15.png,001_forge/001_11.png,0
001/001_15.png,001_forge/001_12.png,0
001/001_15.png,001_forge/001_13.png,0
001/001_15.png,001_forge/001_14.png,0
001/001_15.png,001_forge/001_15.png,0
001/001_15.png,001_forge/001_16.png,0
001/001_15.png,001_forge/001_17.png,0
001/001_15.png,001_forge/001_18.png,0
001/001_15.png,001_forge/001_19.png,0
001/001_15.png,001_forge/001_20.png,0
001/001_16.png,001_forge/001_00.png,0
001/001_16.png,001_forge/001_01.png,0
001/001_16.png,001_forge/001_02.png,0
001/001_16.png,001_forge/001_03.png,0
001/001_16.png,001_forge/001_04.png,0
001/001_16.png,001_forge/001_05.png,0
001/001_16.png,001_forge/001_06.png,0
001/001_16.png,001_forge/001_07.png,0
001/001_16.png,001_forge/001_08.png,0
001/001_16.png,001_forge/001_09.png,0
001/001_16.png,001_forge/001_10.png,0
001/001_16.png,001_forge/001_11.png,0
001/001_16.png,001_forge/001_12.png,0
001/001_16.png,001_forge/001_13.png,0
001/001_16.png,001_forge/001_14.png,0
001/001_16.png,001_forge/001_15.png,0
001/001_16.png,001_forge/001_16.png,0
001/001_16.png,001_forge/001_17.png,0
001/001_16.png,001_forge/001_18.png,0
001/001_16.png,001_forge/001_19.png,0
001/001_16.png,001_forge/001_20.png,0
001/001_17.png,001_forge/001_00.png,0
001/001_17.png,001_forge/001_01.png,0
001/001_17.png,001_forge/001_02.png,0
001/001_17.png,001_forge/001_03.png,0
001/001_17.png,001_forge/001_04.png,0
001/001_17.png,001_forge/001_05.png,0
001/001_17.png,001_forge/001_06.png,0
001/001_17.png,001_forge/001_07.png,0
001/001_17.png,001_forge/001_08.png,0
001/001_17.png,001_forge/001_09.png,0
001/001_17.png,001_forge/001_10.png,0
001/001_17.png,001_forge/001_11.png,0
001/001_17.png,001_forge/001_12.png,0
001/001_17.png,001_forge/001_13.png,0
001/001_17.png,001_forge/001_14.png,0
001/001_17.png,001_forge/001_15.png,0
001/001_17.png,001_forge/001_16.png,0
001/001_17.png,001_forge/001_17.png,0
001/001_17.png,001_forge/001_18.png,0
001/001_17.png,001_forge/001_19.png,0
001/001_17.png,001_forge/001_20.png,0
001/001_18.png,001_forge/001_00.png,0
001/001_18.png,001_forge/001_01.png,0
001/001_18.png,001_forge/001_02.png,0
001/001_18.png,001_forge/001_03.png,0
001/001_18.png,001_forge/001_04.png,0
001/001_18.png,001_forge/001_05.png,0
001/001_18.png,001_forge/001_06.png,0
001/001_18.png,001_forge/001_07.png,0
001/001_18.png,001_forge/001_08.png,0
001/001_18.png,001_forge/001_09.png,0
001/001_18.png,001_forge/001_10.png,0
001/001_18.png,001_forge/001_11.png,0
001/001_18.png,001_forge/001_12.png,0
001/001_18.png,001_forge/001_13.png,0
001/001_18.png,001_forge/001_14.png,0
001/001_18.png,001_forge/001_15.png,0
001/001_18.png,001_forge/001_16.png,0
001/001_18.png,001_forge/001_17.png,0
001/001_18.png,001_forge/001_18.png,0
001/001_18.png,001_forge/001_19.png,0
001/001_18.png,001_forge/001_20.png,0
001/001_19.png,001_forge/001_00.png,0
001/001_19.png,001_forge/001_01.png,0
001/001_19.png,001_forge/001_02.png,0
001/001_19.png,001_forge/001_03.png,0
001/001_19.png,001_forge/001_04.png,0
001/001_19.png,001_forge/001_05.png,0
001/001_19.png,001_forge/001_06.png,0
001/001_19.png,001_forge/001_07.png,0
001/001_19.png,001_forge/001_08.png,0
001/001_19.png,001_forge/001_09.png,0
001/001_19.png,001_forge/001_10.png,0
001/001_19.png,001_forge/001_11.png,0
001/001_19.png,001_forge/001_12.png,0
001/001_19.png,001_forge/001_13.png,0
001/001_19.png,001_forge/001_14.png,0
001/001_19.png,001_forge/001_15.png,0
001/001_19.png,001_forge/001_16.png,0
001/001_19.png,001_forge/001_17.png,0
001/001_19.png,001_forge/001_18.png,0
001/001_19.png,001_forge/001_19.png,0
001/001_19.png,001_forge/001_20.png,0
001/001_20.png,001_forge/001_00.png,0
001/001_20.png,001_forge/001_01.png,0
001/001_20.png,001_forge/001_02.png,0
001/001_20.png,001_forge/001_03.png,0
001/001_20.png,001_forge/001_04.png,0
001/001_20.png,001_forge/001_05.png,0
001/001_20.png,001_forge/001_06.png,0
001/001_20.png,001_forge/001_07.png,0
001/001_20.png,001_forge/001_08.png,0
001/001_20.png,001_forge/001_09.png,0
001/001_20.png,001_forge/001_10.png,0
001/001_20.png,001_forge/001_11.png,0
001/001_20.png,001_forge/001_12.png,0
001/001_20.png,001_forge/001_13.png,0
001/001_20.png,001_forge/001_14.png,0
001/001_20.png,001_forge/001_15.png,0
001/001_20.png,001_forge/001_16.png,0
001/001_20.png,001_forge/001_17.png,0
001/001_20.png,001_forge/001_18.png,0
001/001_20.png,001_forge/001_19.png,0
001/001_20.png,001_forge/001_20.png,0
002/002_00.png,002/002_01.png,1
002/002_00.png,002/002_02.png,1
002/002_00.png,002/002_03.png,1
002/002_00.png,002/002_04.png,1
002/002_00.png,002/002_05.png,1
002/002_00.png,002/002_06.png,1
002/002_00.png,002/002_07.png,1
002/002_00.png,002/002_08.png,1
002/002_00.png,002/002_09.png,1
002/002_00.png,002/002_10.png,1
002/002_00.png,002/002_11.png,1
002/002_00.png,002/002_12.png,1
002/002_00.png,002/002_13.png,1
002/002_00.png,002/002_14.png,1
002/002_00.png,002/002_15.png,1
002/002_00.png,002/002_16.png,1
002/002_00.png,002/002_17.png,1
002/002_00.png,002/002_18.png,1
002/002_00.png,002/002_19.png,1
002/002_00.png,002/002_20.png,1
002/002_01.png,002/002_00.png,1
002/002_01.png,002/002_02.png,1
002/002_01.png,002/002_03.png,1
002/002_01.png,002/002_04.png,1
002/002_01.png,002/002_05.png,1
002/002_01.png,002/002_06.png,1
002/002_01.png,002/002_07.png,1
002/002_01.png,002/002_08.png,1
002/002_01.png,002/002_09.png,1
002/002_01.png,002/002_10.png,1
002/002_01.png,002/002_11.png,1
002/002_01.png,002/002_12.png,1
002/002_01.png,002/002_13.png,1
002/002_01.png,002/002_14.png,1
002/002_01.png,002/002_15.png,1
002/002_01.png,002/002_16.png,1
002/002_01.png,002/002_17.png,1
002/002_01.png,002/002_18.png,1
002/002_01.png,002/002_19.png,1
002/002_01.png,002/002_20.png,1
002/002_02.png,002/002_00.png,1
002/002_02.png,002/002_01.png,1
002/002_02.png,002/002_03.png,1
002/002_02.png,002/002_04.png,1
002/002_02.png,002/002_05.png,1
002/002_02.png,002/002_06.png,1
002/002_02.png,002/002_07.png,1
002/002_02.png,002/002_08.png,1
002/002_02.png,002/002_09.png,1
002/002_02.png,002/002_10.png,1
002/002_02.png,002/002_11.png,1
002/002_02.png,002/002_12.png,1
002/002_02.png,002/002_13.png,1
002/002_02.png,002/002_14.png,1
002/002_02.png,002/002_15.png,1
002/002_02.png,002/002_16.png,1
002/002_02.png,002/002_17.png,1
002/002_02.png,002/002_18.png,1
002/002_02.png,002/002_19.png,1
002/002_02.png,002/002_20.png,1
002/002_03.png,002/002_00.png,1
002/002_03.png,002/002_01.png,1
002/002_03.png,002/002_02.png,1
002/002_03.png,002/002_04.png,1
002/002_03.png,002/002_05.png,1
002/002_03.png,002/002_06.png,1
002/002_03.png,002/002_07.png,1
002/002_03.png,002/002_08.png,1
002/002_03.png,002/002_09.png,1
002/002_03.png,002/002_10.png,1
002/002_03.png,002/002_11.png,1
002/002_03.png,002/002_12.png,1
002/002_03.png,002/002_13.png,1
002/002_03.png,002/002_14.png,1
002/002_03.png,002/002_15.png,1
002/002_03.png,002/002_16.png,1
002/002_03.png,002/002_17.png,1
002/002_03.png,002/002_18.png,1
002/002_03.png,002/002_19.png,1
002/002_03.png,002/002_20.png,1
002/002_04.png,002/002_00.png,1
002/002_04.png,002/002_01.png,1
002/002_04.png,002/002_02.png,1
002/002_04.png,002/002_03.png,1
002/002_04.png,002/002_05.png,1
002/002_04.png,002/002_06.png,1
002/002_04.png,002/002_07.png,1
002/002_04.png,002/002_08.png,1
002/002_04.png,002/002_09.png,1
002/002_04.png,002/002_10.png,1
002/002_04.png,002/002_11.png,1
002/002_04.png,002/002_12.png,1
002/002_04.png,002/002_13.png,1
002/002_04.png,002/002_14.png,1
002/002_04.png,002/002_15.png,1
002/002_04.png,002/002_16.png,1
002/002_04.png,002/002_17.png,1
002/002_04.png,002/002_18.png,1
002/002_04.png,002/002_19.png,1
002/002_04.png,002/002_20.png,1
002/002_05.png,002/002_00.png,1
002/002_05.png,002/002_01.png,1
002/002_05.png,002/002_02.png,1
002/002_05.png,002/002_03.png,1
002/002_05.png,002/002_04.png,1
002/002_05.png,002/002_06.png,1
002/002_05.png,002/002_07.png,1
002/002_05.png,002/002_08.png,1
002/002_05.png,002/002_09.png,1
002/002_05.png,002/002_10.png,1
002/002_05.png,002/002_11.png,1
002/002_05.png,002/002_12.png,1
002/002_05.png,002/002_13.png,1
002/002_05.png,002/002_14.png,1
002/002_05.png,002/002_15.png,1
002/002_05.png,002/002_16.png,1
002/002_05.png,002/002_17.png,1
002/002_05.png,002/002_18.png,1
002/002_05.png,002/002_19.png,1
002/002_05.png,002/002_20.png,1
002/002_06.png,002/002_00.png,1
002/002_06.png,002/002_01.png,1
002/002_06.png,002/002_02.png,1
002/002_06.png,002/002_03.png,1
002/002_06.png,002/002_04.png,1
002/002_06.png,002/002_05.png,1
002/002_06.png,002/002_07.png,1
002/002_06.png,002/002_08.png,1
002/002_06.png,002/002_09.png,1
002/002_06.png,002/002_10.png,1
002/002_06.png,002/002_11.png,1
002/002_06.png,002/002_12.png,1
002/002_06.png,002/002_13.png,1
002/002_06.png,002/002_14.png,1
002/002_06.png,002/002_15.png,1
002/002_06.png,002/002_16.png,1
002/002_06.png,002/002_17.png,1
002/002_06.png,002/002_18.png,1
002/002_06.png,002/002_19.png,1
002/002_06.png,002/002_20.png,1
002/002_07.png,002/002_00.png,1
002/002_07.png,002/002_01.png,1
002/002_07.png,002/002_02.png,1
002/002_07.png,002/002_03.png,1
002/002_07.png,002/002_04.png,1
002/002_07.png,002/002_05.png,1
002/002_07.png,002/002_06.png,1
002/002_07.png,002/002_08.png,1
002/002_07.png,002/002_09.png,1
002/002_07.png,002/002_10.png,1
002/002_07.png,002/002_11.png,1
002/002_07.png,002/002_12.png,1
002/002_07.png,002/002_13.png,1
002/002_07.png,002/002_14.png,1
002/002_07.png,002/002_15.png,1
002/002_07.png,002/002_16.png,1
002/002_07.png,002/002_17.png,1
002/002_07.png,002/002_18.png,1
002/002_07.png,002/002_19.png,1
002/002_07.png,002/002_20.png,1
002/002_08.png,002/002_00.png,1
002/002_08.png,002/002_01.png,1
002/002_08.png,002/002_02.png,1
002/002_08.png,002/002_03.png,1
002/002_08.png,002/002_04.png,1
002/002_08.png,002/002_05.png,1
002/002_08.png,002/002_06.png,1
002/002_08.png,002/002_07.png,1
002/002_08.png,002/002_09.png,1
002/002_08.png,002/002_10.png,1
002/002_08.png,002/002_11.png,1
002/002_08.png,002/002_12.png,1
002/002_08.png,002/002_13.png,1
002/002_08.png,002/002_14.png,1
002/002_08.png,002/002_15.png,1
002/002_08.png,002/002_16.png,1
002/002_08.png,002/002_17.png,1
002/002_08.png,002/002_18.png,1
002/002_08.png,002/002_19.png,1
002/002_08.png,002/002_20.png,1
002/002_09.png,002/002_00.png,1
002/002_09.png,002/002_01.png,1
002/002_09.png,002/002_02.png,1
002/002_09.png,002/002_03.png,1
002/002_09.png,002/002_04.png,1
002/002_09.png,002/002_05.png,1
002/002_09.png,002/002_06.png,1
002/002_09.png,002/002_07.png,1
002/002_09.png,002/002_08.png,1
002/002_09.png,002/002_10.png,1
002/002_09.png,002/002_11.png,1
002/002_09.png,002/002_12.png,1
002/002_09.png,002/002_13.png,1
002/002_09.png,002/002_14.png,1
002/002_09.png,002/002_15.png,1
002/002_09.png,002/002_16.png,1
002/002_09.png,002/002_17.png,1
002/002_09.png,002/002_18.png,1
002/002_09.png,002/002_19.png,1
002/002_09.png,002/002_20.png,1
002/002_10.png,002/002_00.png,1
002/002_10.png,002/002_01.png,1
002/002_10.png,002/002_02.png,1
002/002_10.png,002/002_03.png,1
002/002_10.png,002/002_04.png,1
002/002_10.png,002/002_05.png,1
002/002_10.png,002/002_06.png,1
002/002_10.png,002/002_07.png,1
002/002_10.png,002/002_08.png,1
002/002_10.png,002/002_09.png,1
002/002_10.png,002/002_11.png,1
002/002_10.png,002/002_12.png,1
002/002_10.png,002/002_13.png,1
002/002_10.png,002/002_14.png,1
002/002_10.png,002/002_15.png,1
002/002_10.png,002/002_16.png,1
002/002_10.png,002/002_17.png,1
002/002_10.png,002/002_18.png,1
002/002_10.png,002/002_19.png,1
002/002_10.png,002/002_20.png,1
002/002_11.png,002/002_00.png,1
002/002_11.png,002/002_01.png,1
002/002_11.png,002/002_02.png,1
002/002_11.png,002/002_03.png,1
002/002_11.png,002/002_04.png,1
002/002_11.png,002/002_05.png,1
002/002_11.png,002/002_06.png,1
002/002_11.png,002/002_07.png,1
002/002_11.png,002/002_08.png,1
002/002_11.png,002/002_09.png,1
002/002_11.png,002/002_10.png,1
002/002_11.png,002/002_12.png,1
002/002_11.png,002/002_13.png,1
002/002_11.png,002/002_14.png,1
002/002_11.png,002/002_15.png,1
002/002_11.png,002/002_16.png,1
002/002_11.png,002/002_17.png,1
002/002_11.png,002/002_18.png,1
002/002_11.png,002/002_19.png,1
002/002_11.png,002/002_20.png,1
002/002_12.png,002/002_00.png,1
002/002_12.png,002/002_01.png,1
002/002_12.png,002/002_02.png,1
002/002_12.png,002/002_03.png,1
002/002_12.png,002/002_04.png,1
002/002_12.png,002/002_05.png,1
002/002_12.png,002/002_06.png,1
002/002_12.png,002/002_07.png,1
002/002_12.png,002/002_08.png,1
002/002_12.png,002/002_09.png,1
002/002_12.png,002/002_10.png,1
002/002_12.png,002/002_11.png,1
002/002_12.png,002/002_13.png,1
002/002_12.png,002/002_14.png,1
002/002_12.png,002/002_15.png,1
002/002_12.png,002/002_16.png,1
002/002_12.png,002/002_17.png,1
002/002_12.png,002/002_18.png,1
002/002_12.png,002/002_19.png,1
002/002_12.png,002/002_20.png,1
002/002_13.png,002/002_00.png,1
002/002_13.png,002/002_01.png,1
002/002_13.png,002/002_02.png,1
002/002_13.png,002/002_03.png,1
002/002_13.png,002/002_04.png,1
002/002_13.png,002/002_05.png,1
002/002_13.png,002/002_06.png,1
002/002_13.png,002/002_07.png,1
002/002_13.png,002/002_08.png,1
002/002_13.png,002/002_09.png,1
002/002_13.png,002/002_10.png,1
002/002_13.png,002/002_11.png,1
002/002_13.png,002/002_12.png,1
002/002_13.png,002/002_14.png,1
002/002_13.png,002/002_15.png,1
002/002_13.png,002/002_16.png,1
002/002_13.png,002/002_17.png,1
002/002_13.png,002/002_18.png,1
002/002_13.png,002/002_19.png,1
002/002_13.png,002/002_20.png,1
002/002_14.png,002/002_00.png,1
002/002_14.png,002/002_01.png,1
002/002_14.png,002/002_02.png,1
002/002_14.png,002/002_03.png,1
002/002_14.png,002/002_04.png,1
002/002_14.png,002/002_05.png,1
002/002_14.png,002/002_06.png,1
002/002_14.png,002/002_07.png,1
002/002_14.png,002/002_08.png,1
002/002_14.png,002/002_09.png,1
002/002_14.png,002/002_10.png,1
002/002_14.png,002/002_11.png,1
002/002_14.png,002/002_12.png,1
002/002_14.png,002/002_13.png,1
002/002_14.png,002/002_15.png,1
002/002_14.png,002/002_16.png,1
002/002_14.png,002/002_17.png,1
002/002_14.png,002/002_18.png,1
002/002_14.png,002/002_19.png,1
002/002_14.png,002/002_20.png,1
002/002_15.png,002/002_00.png,1
002/002_15.png,002/002_01.png,1
002/002_15.png,002/002_02.png,1
002/002_15.png,002/002_03.png,1
002/002_15.png,002/002_04.png,1
002/002_15.png,002/002_05.png,1
002/002_15.png,002/002_06.png,1
002/002_15.png,002/002_07.png,1
002/002_15.png,002/002_08.png,1
002/002_15.png,002/002_09.png,1
002/002_15.png,002/002_10.png,1
002/002_15.png,002/002_11.png,1
002/002_15.png,002/002_12.png,1
002/002_15.png,002/002_13.png,1
002/002_15.png,002/002_14.png,1
002/002_15.png,002/002_16.png,1
002/002_15.png,002/002_17.png,1
002/002_15.png,002/002_18.png,1
002/002_15.png,002/002_19.png,1
002/002_15.png,002/002_20.png,1
002/002_16.png,002/002_00.png,1
002/002_16.png,002/002_01.png,1
002/002_16.png,002/002_02.png,1
002/002_16.png,002/002_03.png,1
002/002_16.png,002/002_04.png,1
002/002_16.png,002/002_05.png,1
002/002_16.png,002/002_06.png,1
002/002_16.png,002/002_07.png,1
002/002_16.png,002/002_08.png,1
002/002_16.png,002/002_09.png,1
002/002_16.png,002/002_10.png,1
002/002_16.png,002/002_11.png,1
002/002_16.png,002/002_12.png,1
002/002_16.png,002/002_13.png,1
002/002_16.png,002/002_14.png,1
002/002_16.png,002/002_15.png,1
002/002_16.png,002/002_17.png,1
002/002_16.png,002/002_18.png,1
002/002_16.png,002/002_19.png,1
002/002_16.png,002/002_20.png,1
002/002_17.png,002/002_00.png,1
002/002_17.png,002/002_01.png,1
002/002_17.png,002/002_02.png,1
002/002_17.png,002/002_03.png,1
002/002_17.png,002/002_04.png,1
002/002_17.png,002/002_05.png,1
002/002_17.png,002/002_06.png,1
002/002_17.png,002/002_07.png,1
002/002_17.png,002/002_08.png,1
002/002_17.png,002/002_09.png,1
002/002_17.png,002/002_10.png,1
002/002_17.png,002/002_11.png,1
002/002_17.png,002/002_12.png,1
002/002_17.png,002/002_13.png,1
002/002_17.png,002/002_14.png,1
002/002_17.png,002/002_15.png,1
002/002_17.png,002/002_16.png,1
002/002_17.png,002/002_18.png,1
002/002_17.png,002/002_19.png,1
002/002_17.png,002/002_20.png,1
002/002_18.png,002/002_00.png,1
002/002_18.png,002/002_01.png,1
002/002_18.png,002/002_02.png,1
002/002_18.png,002/002_03.png,1
002/002_18.png,002/002_04.png,1
002/002_18.png,002/002_05.png,1
002/002_18.png,002/002_06.png,1
002/002_18.png,002/002_07.png,1
002/002_18.png,002/002_08.png,1
002/002_18.png,002/002_09.png,1
002/002_18.png,002/002_10.png,1
002/002_18.png,002/002_11.png,1
002/002_18.png,002/002_12.png,1
002/002_18.png,002/002_13.png,1
002/002_18.png,002/002_14.png,1
002/002_18.png,002/002_15.png,1
002/002_18.png,002/002_16.png,1
002/002_18.png,002/002_17.png,1
002/002_18.png,002/002_19.png,1
002/002_18.png,002/002_20.png,1
002/002_19.png,002/002_00.png,1
002/002_19.png,002/002_01.png,1
002/002_19.png,002/002_02.png,1
002/002_19.png,002/002_03.png,1
002/002_19.png,002/002_04.png,1
002/002_19.png,002/002_05.png,1
002/002_19.png,002/002_06.png,1
002/002_19.png,002/002_07.png,1
002/002_19.png,002/002_08.png,1
002/002_19.png,002/002_09.png,1
002/002_19.png,002/002_10.png,1
002/002_19.png,002/002_11.png,1
002/002_19.png,002/002_12.png,1
002/002_19.png,002/002_13.png,1
002/002_19.png,002/002_14.png,1
002/002_19.png,002/002_15.png,1
002/002_19.png,002/002_16.png,1
002/002_19.png,002/002_17.png,1
002/002_19.png,002/002_18.png,1
002/002_19.png,002/002_20.png,1
002/002_20.png,002/002_00.png,1
002/002_20.png,002/002_01.png,1
002/002_20.png,002/002_02.png,1
002/002_20.png,002/002_03.png,1
002/002_20.png,002/002_04.png,1
002/002_20.png,002/002_05.png,1
002/002_20.png,002/002_06.png,1
002/002_20.png,002/002_07.png,1
002/002_20.png,002/002_08.png,1
002/002_20.png,002/002_09.png,1
002/002_20.png,002/002_10.png,1
002/002_20.png,002/002_11.png,1
002/002_20.png,002/002_12.png,1
002/002_20.png,002/002_13.png,1
002/002_20.png,002/002_14.png,1
002/002_20.png,002/002_15.png,1
002/002_20.png,002/002_16.png,1
002/002_20.png,002/002_17.png,1
002/002_20.png,002/002_18.png,1
002/002_20.png,002/002_19.png,1
002/002_00.png,002_forge/002_00.png,0
002/002_00.png,002_forge/002_01.png,0
002/002_00.png,002_forge/002_02.png,0
002/002_00.png,002_forge/002_03.png,0
002/002_00.png,002_forge/002_04.png,0
002/002_00.png,002_forge/002_05.png,0
002/002_00.png,002_forge/002_06.png,0
002/002_00.png,002_forge/002_07.png,0
002/002_00.png,002_forge/002_08.png,0
002/002_00.png,002_forge/002_09.png,0
002/002_00.png,002_forge/002_10.png,0
002/002_00.png,002_forge/002_11.png,0
002/002_00.png,002_forge/002_12.png,0
002/002_00.png,002_forge/002_13.png,0
002/002_00.png,002_forge/002_14.png,0
002/002_00.png,002_forge/002_15.png,0
002/002_00.png,002_forge/002_16.png,0
002/002_00.png,002_forge/002_17.png,0
002/002_00.png,002_forge/002_18.png,0
002/002_00.png,002_forge/002_19.png,0
002/002_00.png,002_forge/002_20.png,0
002/002_01.png,002_forge/002_00.png,0
002/002_01.png,002_forge/002_01.png,0
002/002_01.png,002_forge/002_02.png,0
002/002_01.png,002_forge/002_03.png,0
002/002_01.png,002_forge/002_04.png,0
002/002_01.png,002_forge/002_05.png,0
002/002_01.png,002_forge/002_06.png,0
002/002_01.png,002_forge/002_07.png,0
002/002_01.png,002_forge/002_08.png,0
002/002_01.png,002_forge/002_09.png,0
002/002_01.png,002_forge/002_10.png,0
002/002_01.png,002_forge/002_11.png,0
002/002_01.png,002_forge/002_12.png,0
002/002_01.png,002_forge/002_13.png,0
002/002_01.png,002_forge/002_14.png,0
002/002_01.png,002_forge/002_15.png,0
002/002_01.png,002_forge/002_16.png,0
002/002_01.png,002_forge/002_17.png,0
002/002_01.png,002_forge/002_18.png,0
002/002_01.png,002_forge/002_19.png,0
002/002_01.png,002_forge/002_20.png,0
002/002_02.png,002_forge/002_00.png,0
002/002_02.png,002_forge/002_01.png,0
002/002_02.png,002_forge/002_02.png,0
002/002_02.png,002_forge/002_03.png,0
002/002_02.png,002_forge/002_04.png,0
002/002_02.png,002_forge/002_05.png,0
002/002_02.png,002_forge/002_06.png,0
002/002_02.png,002_forge/002_07.png,0
002/002_02.png,002_forge/002_08.png,0
002/002_02.png,002_forge/002_09.png,0
002/002_02.png,002_forge/002_10.png,0
002/002_02.png,002_forge/002_11.png,0
002/002_02.png,002_forge/002_12.png,0
002/002_02.png,002_forge/002_13.png,0
002/002_02.png,002_forge/002_14.png,0
002/002_02.png,002_forge/002_15.png,0
002/002_02.png,002_forge/002_16.png,0
002/002_02.png,002_forge/002_17.png,0
002/002_02.png,002_forge/002_18.png,0
002/002_02.png,002_forge/002_19.png,0
002/002_02.png,002_forge/002_20.png,0
002/002_03.png,002_forge/002_00.png,0
002/002_03.png,002_forge/002_01.png,0
002/002_03.png,002_forge/002_02.png,0
002/002_03.png,002_forge/002_03.png,0
002/002_03.png,002_forge/002_04.png,0
002/002_03.png,002_forge/002_05.png,0
002/002_03.png,002_forge/002_06.png,0
002/002_03.png,002_forge/002_07.png,0
002/002_03.png,002_forge/002_08.png,0
002/002_03.png,002_forge/002_09.png,0
002/002_03.png,002_forge/002_10.png,0
002/002_03.png,002_forge/002_11.png,0
002/002_03.png,002_forge/002_12.png,0
002/002_03.png,002_forge/002_13.png,0
002/002_03.png,002_forge/002_14.png,0
002/002_03.png,002_forge/002_15.png,0
002/002_03.png,002_forge/002_16.png,0
002/002_03.png,002_forge/002_17.png,0
002/002_03.png,002_forge/002_18.png,0
002/002_03.png,002_forge/002_19.png,0
002/002_03.png,002_forge/002_20.png,0
002/002_04.png,002_forge/002_00.png,0
002/002_04.png,002_forge/002_01.png,0
002/002_04.png,002_forge/002_02.png,0
002/002_04.png,002_forge/002_03.png,0
002/002_04.png,002_forge/002_04.png,0
002/002_04.png,002_forge/002_05.png,0
002/002_04.png,002_forge/002_06.png,0
002/002_04.png,002_forge/002_07.png,0
002/002_04.png,002_forge/002_08.png,0
002/002_04.png,002_forge/002_09.png,0
002/002_04.png,002_forge/002_10.png,0
002/002_04.png,002_forge/002_11.png,0
002/002_04.png,002_forge/002_12.png,0
002/002_04.png,002_forge/002_13.png,0
002/002_04.png,002_forge/002_14.png,0
002/002_04.png,002_forge/002_15.png,0
002/002_04.png,002_forge/002_16.png,0
002/002_04.png,002_forge/002_17.png,0
002/002_04.png,002_forge/002_18.png,0
002/002_04.png,002_forge/002_19.png,0
002/002_04.png,002_forge/002_20.png,0
002/002_05.png,002_forge/002_00.png,0
002/002_05.png,002_forge/002_01.png,0
002/002_05.png,002_forge/002_02.png,0
002/002_05.png,002_forge/002_03.png,0
002/002_05.png,002_forge/002_04.png,0
002/002_05.png,002_forge/002_05.png,0
002/002_05.png,002_forge/002_06.png,0
002/002_05.png,002_forge/002_07.png,0
002/002_05.png,002_forge/002_08.png,0
002/002_05.png,002_forge/002_09.png,0
002/002_05.png,002_forge/002_10.png,0
002/002_05.png,002_forge/002_11.png,0
002/002_05.png,002_forge/002_12.png,0
002/002_05.png,002_forge/002_13.png,0
002/002_05.png,002_forge/002_14.png,0
002/002_05.png,002_forge/002_15.png,0
002/002_05.png,002_forge/002_16.png,0
002/002_05.png,002_forge/002_17.png,0
002/002_05.png,002_forge/002_18.png,0
002/002_05.png,002_forge/002_19.png,0
002/002_05.png,002_forge/002_20.png,0
002/002_06.png,002_forge/002_00.png,0
002/002_06.png,002_forge/002_01.png,0
002/002_06.png,002_forge/002_02.png,0
002/002_06.png,002_forge/002_03.png,0
002/002_06.png,002_forge/002_04.png,0
002/002_06.png,002_forge/002_05.png,0
002/002_06.png,002_forge/002_06.png,0
002/002_06.png,002_forge/002_07.png,0
002/002_06.png,002_forge/002_08.png,0
002/002_06.png,002_forge/002_09.png,0
002/002_06.png,002_forge/002_10.png,0
002/002_06.png,002_forge/002_11.png,0
002/002_06.png,002_forge/002_12.png,0
002/002_06.png,002_forge/002_13.png,0
002/002_06.png,002_forge/002_14.png,0
002/002_06.png,002_forge/002_15.png,0
002/002_06.png,002_forge/002_16.png,0
002/002_06.png,002_forge/002_17.png,0
002/002_06.png,002_forge/002_18.png,0
002/002_06.png,002_forge/002_19.png,0
002/002_06.png,002_forge/002_20.png,0
002/002_07.png,002_forge/002_00.png,0
002/002_07.png,002_forge/002_01.png,0
002/002_07.png,002_forge/002_02.png,0
002/002_07.png,002_forge/002_03.png,0
002/002_07.png,002_forge/002_04.png,0
002/002_07.png,002_forge/002_05.png,0
002/002_07.png,002_forge/002_06.png,0
002/002_07.png,002_forge/002_07.png,0
002/002_07.png,002_forge/002_08.png,0
002/002_07.png,002_forge/002_09.png,0
002/002_07.png,002_forge/002_10.png,0
002/002_07.png,002_forge/002_11.png,0
002/002_07.png,002_forge/002_12.png,0
002/002_07.png,002_forge/002_13.png,0
002/002_07.png,002_forge/002_14.png,0
002/002_07.png,002_forge/002_15.png,0
002/002_07.png,002_forge/002_16.png,0
002/002_07.png,002_forge/002_17.png,0
002/002_07.png,002_forge/002_18.png,0
002/002_07.png,002_forge/002_19.png,0
002/002_07.png,002_forge/002_20.png,0
002/002_08.png,002_forge/002_00.png,0
002/002_08.png,002_forge/002_01.png,0
002/002_08.png,002_forge/002_02.png,0
002/002_08.png,002_forge/002_03.png,0
002/002_08.png,002_forge/002_04.png,0
002/002_08.png,002_forge/002_05.png,0
002/002_08.png,002_forge/002_06.png,0
002/002_08.png,002_forge/002_07.png,0
002/002_08.png,002_forge/002_08.png,0
002/002_08.png,002_forge/002_09.png,0
002/002_08.png,002_forge/002_10.png,0
002/002_08.png,002_forge/002_11.png,0
002/002_08.png,002_forge/002_12.png,0
002/002_08.png,002_forge/002_13.png,0
002/002_08.png,002_forge/002_14.png,0
002/002_08.png,002_forge/002_15.png,0
002/002_08.png,002_forge/002_16.png,0
002/002_08.png,002_forge/002_17.png,0
002/002_08.png,002_forge/002_18.png,0
002/002_08.png,002_forge/002_19.png,0
002/002_08.png,002_forge/002_20.png,0
002/002_09.png,002_forge/002_00.png,0
002/002_09.png,002_forge/002_01.png,0
002/002_09.png,002_forge/002_02.png,0
002/002_09.png,002_forge/002_03.png,0
002/002_09.png,002_forge/002_04.png,0
002/002_09.png,002_forge/002_05.png,0
002/002_09.png,002_forge/002_06.png,0
002/002_09.png,002_forge/002_07.png,0
002/002_09.png,002_forge/002_08.png,0
002/002_09.png,002_forge/002_09.png,0
002/002_09.png,002_forge/002_10.png,0
002/002_09.png,002_forge/002_11.png,0
002/002_09.png,002_forge/002_12.png,0
002/002_09.png,002_forge/002_13.png,0
002/002_09.png,002_forge/002_14.png,0
002/002_09.png,002_forge/002_15.png,0
002/002_09.png,002_forge/002_16.png,0
002/002_09.png,002_forge/002_17.png,0
002/002_09.png,002_forge/002_18.png,0
002/002_09.png,002_forge/002_19.png,0
002/002_09.png,002_forge/002_20.png,0
002/002_10.png,002_forge/002_00.png,0
002/002_10.png,002_forge/002_01.png,0
002/002_10.png,002_forge/002_02.png,0
002/002_10.png,002_forge/002_03.png,0
002/002_10.png,002_forge/002_04.png,0
002/002_10.png,002_forge/002_05.png,0
002/002_10.png,002_forge/002_06.png,0
002/002_10.png,002_forge/002_07.png,0
002/002_10.png,002_forge/002_08.png,0
002/002_10.png,002_forge/002_09.png,0
002/002_10.png,002_forge/002_10.png,0
002/002_10.png,002_forge/002_11.png,0
002/002_10.png,002_forge/002_12.png,0
002/002_10.png,002_forge/002_13.png,0
002/002_10.png,002_forge/002_14.png,0
002/002_10.png,002_forge/002_15.png,0
002/002_10.png,002_forge/002_16.png,0
002/002_10.png,002_forge/002_17.png,0
002/002_10.png,002_forge/002_18.png,0
002/002_10.png,002_forge/002_19.png,0
002/002_10.png,002_forge/002_20.png,0
002/002_11.png,002_forge/002_00.png,0
002/002_11.png,002_forge/002_01.png,0
002/002_11.png,002_forge/002_02.png,0
002/002_11.png,002_forge/002_03.png,0
002/002_11.png,002_forge/002_04.png,0
002/002_11.png,002_forge/002_05.png,0
002/002_11.png,002_forge/002_06.png,0
002/002_11.png,002_forge/002_07.png,0
002/002_11.png,002_forge/002_08.png,0
002/002_11.png,002_forge/002_09.png,0
002/002_11.png,002_forge/002_10.png,0
002/002_11.png,002_forge/002_11.png,0
002/002_11.png,002_forge/002_12.png,0
002/002_11.png,002_forge/002_13.png,0
002/002_11.png,002_forge/002_14.png,0
002/002_11.png,002_forge/002_15.png,0
002/002_11.png,002_forge/002_16.png,0
002/002_11.png,002_forge/002_17.png,0
002/002_11.png,002_forge/002_18.png,0
002/002_11.png,002_forge/002_19.png,0
002/002_11.png,002_forge/002_20.png,0
002/002_12.png,002_forge/002_00.png,0
002/002_12.png,002_forge/002_01.png,0
002/002_12.png,002_forge/002_02.png,0
002/002_12.png,002_forge/002_03.png,0
002/002_12.png,002_forge/002_04.png,0
002/002_12.png,002_forge/002_05.png,0
002/002_12.png,002_forge/002_06.png,0
002/002_12.png,002_forge/002_07.png,0
002/002_12.png,002_forge/002_08.png,0
002/002_12.png,002_forge/002_09.png,0
002/002_12.png,002_forge/002_10.png,0
002/002_12.png,002_forge/002_11.png,0
002/002_12.png,002_forge/002_12.png,0
002/002_12.png,002_forge/002_13.png,0
002/002_12.png,002_forge/002_14.png,0
002/002_12.png,002_forge/002_15.png,0
002/002_12.png,002_forge/002_16.png,0
002/002_12.png,002_forge/002_17.png,0
002/002_12.png,002_forge/002_18.png,0
002/002_12.png,002_forge/002_19.png,0
002/002_12.png,002_forge/002_20.png,0
002/002_13.png,002_forge/002_00.png,0
002/002_13.png,002_forge/002_01.png,0
002/002_13.png,002_forge/002_02.png,0
002/002_13.png,002_forge/002_03.png,0
002/002_13.png,002_forge/002_04.png,0
002/002_13.png,002_forge/002_05.png,0
002/002_13.png,002_forge/002_06.png,0
002/002_13.png,002_forge/002_07.png,0
002/002_13.png,002_forge/002_08.png,0
002/002_13.png,002_forge/002_09.png,0
002/002_13.png,002_forge/002_10.png,0
002/002_13.png,002_forge/002_11.png,0
002/002_13.png,002_forge/002_12.png,0
002/002_13.png,002_forge/002_13.png,0
002/002_13.png,002_forge/002_14.png,0
002/002_13.png,002_forge/002_15.png,0
002/002_13.png,002_forge/002_16.png,0
002/002_13.png,002_forge/002_17.png,0
002/002_13.png,002_forge/002_18.png,0
002/002_13.png,002_forge/002_19.png,0
002/002_13.png,002_forge/002_20.png,0
002/002_14.png,002_forge/002_00.png,0
002/002_14.png,002_forge/002_01.png,0
002/002_14.png,002_forge/002_02.png,0
002/002_14.png,002_forge/002_03.png,0
002/002_14.png,002_forge/002_04.png,0
002/002_14.png,002_forge/002_05.png,0
002/002_14.png,002_forge/002_06.png,0
002/002_14.png,002_forge/002_07.png,0
002/002_14.png,002_forge/002_08.png,0
002/002_14.png,002_forge/002_09.png,0
002/002_14.png,002_forge/002_10.png,0
002/002_14.png,002_forge/002_11.png,0
002/002_14.png,002_forge/002_12.png,0
002/002_14.png,002_forge/002_13.png,0
002/002_14.png,002_forge/002_14.png,0
002/002_14.png,002_forge/002_15.png,0
002/002_14.png,002_forge/002_16.png,0
002/002_14.png,002_forge/002_17.png,0
002/002_14.png,002_forge/002_18.png,0
002/002_14.png,002_forge/002_19.png,0
002/002_14.png,002_forge/002_20.png,0
002/002_15.png,002_forge/002_00.png,0
002/002_15.png,002_forge/002_01.png,0
002/002_15.png,002_forge/002_02.png,0
002/002_15.png,002_forge/002_03.png,0
002/002_15.png,002_forge/002_04.png,0
002/002_15.png,002_forge/002_05.png,0
002/002_15.png,002_forge/002_06.png,0
002/002_15.png,002_forge/002_07.png,0
002/002_15.png,002_forge/002_08.png,0
002/002_15.png,002_forge/002_09.png,0
002/002_15.png,002_forge/002_10.png,0
002/002_15.png,002_forge/002_11.png,0
002/002_15.png,002_forge/002_12.png,0
002/002_15.png,002_forge/002_13.png,0
002/002_15.png,002_forge/002_14.png,0
002/002_15.png,002_forge/002_15.png,0
002/002_15.png,002_forge/002_16.png,0
002/002_15.png,002_forge/002_17.png,0
002/002_15.png,002_forge/002_18.png,0
002/002_15.png,002_forge/002_19.png,0
002/002_15.png,002_forge/002_20.png,0
002/002_16.png,002_forge/002_00.png,0
002/002_16.png,002_forge/002_01.png,0
002/002_16.png,002_forge/002_02.png,0
002/002_16.png,002_forge/002_03.png,0
002/002_16.png,002_forge/002_04.png,0
002/002_16.png,002_forge/002_05.png,0
002/002_16.png,002_forge/002_06.png,0
002/002_16.png,002_forge/002_07.png,0
002/002_16.png,002_forge/002_08.png,0
002/002_16.png,002_forge/002_09.png,0
002/002_16.png,002_forge/002_10.png,0
002/002_16.png,002_forge/002_11.png,0
002/002_16.png,002_forge/002_12.png,0
002/002_16.png,002_forge/002_13.png,0
002/002_16.png,002_forge/002_14.png,0
002/002_16.png,002_forge/002_15.png,0
002/002_16.png,002_forge/002_16.png,0
002/002_16.png,002_forge/002_17.png,0
002/002_16.png,002_forge/002_18.png,0
002/002_16.png,002_forge/002_19.png,0
002/002_16.png,002_forge/002_20.png,0
002/002_17.png,002_forge/002_00.png,0
002/002_17.png,002_forge/002_01.png,0
002/002_17.png,002_forge/002_02.png,0
002/002_17.png,002_forge/002_03.png,0
002/002_17.png,002_forge/002_04.png,0
002/002_17.png,002_forge/002_05.png,0
002/002_17.png,002_forge/002_06.png,0
002/002_17.png,002_forge/002_07.png,0
002/002_17.png,002_forge/002_08.png,0
002/002_17.png,002_forge/002_09.png,0
002/002_17.png,002_forge/002_10.png,0
002/002_17.png,002_forge/002_11.png,0
002/002_17.png,002_forge/002_12.png,0
002/002_17.png,002_forge/002_13.png,0
002/002_17.png,002_forge/002_14.png,0
002/002_17.png,002_forge/002_15.png,0
002/002_17.png,002_forge/002_16.png,0
002/002_17.png,002_forge/002_17.png,0
002/002_17.png,002_forge/002_18.png,0
002/002_17.png,002_forge/002_19.png,0
002/002_17.png,002_forge/002_20.png,0
002/002_18.png,002_forge/002_00.png,0
002/002_18.png,002_forge/002_01.png,0
002/002_18.png,002_forge/002_02.png,0
002/002_18.png,002_forge/002_03.png,0
002/002_18.png,002_forge/002_04.png,0
002/002_18.png,002_forge/002_05.png,0
002/002_18.png,002_forge/002_06.png,0
002/002_18.png,002_forge/002_07.png,0
002/002_18.png,002_forge/002_08.png,0
002/002_18.png,002_forge/002_09.png,0
002/002_18.png,002_forge/002_10.png,0
002/002_18.png,002_forge/002_11.png,0
002/002_18.png,002_forge/002_12.png,0
002/002_18.png,002_forge/002_13.png,0
002/002_18.png,002_forge/002_14.png,0
002/002_18.png,002_forge/002_15.png,0
002/002_18.png,002_forge/002_16.png,0
002/002_18.png,002_forge/002_17.png,0
002/002_18.png,002_forge/002_18.png,0
002/002_18.png,002_forge/002_19.png,0
002/002_18.png,002_forge/002_20.png,0
002/002_19.png,002_forge/002_00.png,0
002/002_19.png,002_forge/002_01.png,0
002/002_19.png,002_forge/002_02.png,0
002/002_19.png,002_forge/002_03.png,0
002/002_19.png,002_forge/002_04.png,0
002/002_19.png,002_forge/002_05.png,0
002/002_19.png,002_forge/002_06.png,0
002/002_19.png,002_forge/002_07.png,0
002/002_19.png,002_forge/002_08.png,0
002/002_19.png,002_forge/002_09.png,0
002/002_19.png,002_forge/002_10.png,0
002/002_19.png,002_forge/002_11.png,0
002/002_19.png,002_forge/002_12.png,0
002/002_19.png,002_forge/002_13.png,0
002/002_19.png,002_forge/002_14.png,0
002/002_19.png,002_forge/002_15.png,0
002/002_19.png,002_forge/002_16.png,0
002/002_19.png,002_forge/002_17.png,0
002/002_19.png,002_forge/002_18.png,0
002/002_19.png,002_forge/002_19.png,0
002/002_19.png,002_forge/002_20.png,0
002/002_20.png,002_forge/002_00.png,0
002/002_20.png,002_forge/002_01.png,0
002/002_20.png,002_forge/002_02.png,0
002/002_20.png,002_forge/002_03.png,0
002/002_20.png,002_forge/002_04.png,0
002/002_20.png,002_forge/002_05.png,0
002/002_20.png,002_forge/002_06.png,0
002/002_20.png,002_forge/002_07.png,0
002/002_20.png,002_forge/002_08.png,0
002/002_20.png,002_forge/002_09.png,0
002/002_20.png,002_forge/002_10.png,0
002/002_20.png,002_forge/002_11.png,0
002/002_20.png,002_forge/002_12.png,0
002/002_20.png,002_forge/002_13.png,0
002/002_20.png,002_forge/002_14.png,0
002/002_20.png,002_forge/002_15.png,0
002/002_20.png,002_forge/002_16.png,0
002/002_20.png,002_forge/002_17.png,0
002/002_20.png,002_forge/002_18.png,0
002/002_20.png,002_forge/002_19.png,0
002/002_20.png,002_forge/002_20.png,0
002/002_00.png,002/002_01.png,1
002/002_00.png,002/002_02.png,1
002/002_00.png,002/002_03.png,1
002/002_00.png,002/002_04.png,1
002/002_00.png,002/002_05.png,1
002/002_00.png,002/002_06.png,1
002/002_00.png,002/002_07.png,1
002/002_00.png,002/002_08.png,1
002/002_00.png,002/002_09.png,1
002/002_00.png,002/002_10.png,1
002/002_00.png,002/002_11.png,1
002/002_00.png,002/002_12.png,1
002/002_00.png,002/002_13.png,1
002/002_00.png,002/002_14.png,1
002/002_00.png,002/002_15.png,1
002/002_00.png,002/002_16.png,1
002/002_00.png,002/002_17.png,1
002/002_00.png,002/002_18.png,1
002/002_00.png,002/002_19.png,1
002/002_00.png,002/002_20.png,1
002/002_01.png,002/002_00.png,1
002/002_01.png,002/002_02.png,1
002/002_01.png,002/002_03.png,1
002/002_01.png,002/002_04.png,1
002/002_01.png,002/002_05.png,1
002/002_01.png,002/002_06.png,1
002/002_01.png,002/002_07.png,1
002/002_01.png,002/002_08.png,1
002/002_01.png,002/002_09.png,1
002/002_01.png,002/002_10.png,1
002/002_01.png,002/002_11.png,1
002/002_01.png,002/002_12.png,1
002/002_01.png,002/002_13.png,1
002/002_01.png,002/002_14.png,1
002/002_01.png,002/002_15.png,1
002/002_01.png,002/002_16.png,1
002/002_01.png,002/002_17.png,1
002/002_01.png,002/002_18.png,1
002/002_01.png,002/002_19.png,1
002/002_01.png,002/002_20.png,1
002/002_02.png,002/002_00.png,1
002/002_02.png,002/002_01.png,1
002/002_02.png,002/002_03.png,1
002/002_02.png,002/002_04.png,1
002/002_02.png,002/002_05.png,1
002/002_02.png,002/002_06.png,1
002/002_02.png,002/002_07.png,1
002/002_02.png,002/002_08.png,1
002/002_02.png,002/002_09.png,1
002/002_02.png,002/002_10.png,1
002/002_02.png,002/002_11.png,1
002/002_02.png,002/002_12.png,1
002/002_02.png,002/002_13.png,1
002/002_02.png,002/002_14.png,1
002/002_02.png,002/002_15.png,1
002/002_02.png,002/002_16.png,1
002/002_02.png,002/002_17.png,1
002/002_02.png,002/002_18.png,1
002/002_02.png,002/002_19.png,1
002/002_02.png,002/002_20.png,1
002/002_03.png,002/002_00.png,1
002/002_03.png,002/002_01.png,1
002/002_03.png,002/002_02.png,1
002/002_03.png,002/002_04.png,1
002/002_03.png,002/002_05.png,1
002/002_03.png,002/002_06.png,1
002/002_03.png,002/002_07.png,1
002/002_03.png,002/002_08.png,1
002/002_03.png,002/002_09.png,1
002/002_03.png,002/002_10.png,1
002/002_03.png,002/002_11.png,1
002/002_03.png,002/002_12.png,1
002/002_03.png,002/002_13.png,1
002/002_03.png,002/002_14.png,1
002/002_03.png,002/002_15.png,1
002/002_03.png,002/002_16.png,1
002/002_03.png,002/002_17.png,1
002/002_03.png,002/002_18.png,1
002/002_03.png,002/002_19.png,1
002/002_03.png,002/002_20.png,1
002/002_04.png,002/002_00.png,1
002/002_04.png,002/002_01.png,1
002/002_04.png,002/002_02.png,1
002/002_04.png,002/002_03.png,1
002/002_04.png,002/002_05.png,1
002/002_04.png,002/002_06.png,1
002/002_04.png,002/002_07.png,1
002/002_04.png,002/002_08.png,1
002/002_04.png,002/002_09.png,1
002/002_04.png,002/002_10.png,1
002/002_04.png,002/002_11.png,1
002/002_04.png,002/002_12.png,1
002/002_04.png,002/002_13.png,1
002/002_04.png,002/002_14.png,1
002/002_04.png,002/002_15.png,1
002/002_04.png,002/002_16.png,1
002/002_04.png,002/002_17.png,1
002/002_04.png,002/002_18.png,1
002/002_04.png,002/002_19.png,1
002/002_04.png,002/002_20.png,1
002/002_05.png,002/002_00.png,1
002/002_05.png,002/002_01.png,1
002/002_05.png,002/002_02.png,1
002/002_05.png,002/002_03.png,1
002/002_05.png,002/002_04.png,1
002/002_05.png,002/002_06.png,1
002/002_05.png,002/002_07.png,1
002/002_05.png,002/002_08.png,1
002/002_05.png,002/002_09.png,1
002/002_05.png,002/002_10.png,1
002/002_05.png,002/002_11.png,1
002/002_05.png,002/002_12.png,1
002/002_05.png,002/002_13.png,1
002/002_05.png,002/002_14.png,1
002/002_05.png,002/002_15.png,1
002/002_05.png,002/002_16.png,1
002/002_05.png,002/002_17.png,1
002/002_05.png,002/002_18.png,1
002/002_05.png,002/002_19.png,1
002/002_05.png,002/002_20.png,1
002/002_06.png,002/002_00.png,1
002/002_06.png,002/002_01.png,1
002/002_06.png,002/002_02.png,1
002/002_06.png,002/002_03.png,1
002/002_06.png,002/002_04.png,1
002/002_06.png,002/002_05.png,1
002/002_06.png,002/002_07.png,1
002/002_06.png,002/002_08.png,1
002/002_06.png,002/002_09.png,1
002/002_06.png,002/002_10.png,1
002/002_06.png,002/002_11.png,1
002/002_06.png,002/002_12.png,1
002/002_06.png,002/002_13.png,1
002/002_06.png,002/002_14.png,1
002/002_06.png,002/002_15.png,1
002/002_06.png,002/002_16.png,1
002/002_06.png,002/002_17.png,1
002/002_06.png,002/002_18.png,1
002/002_06.png,002/002_19.png,1
002/002_06.png,002/002_20.png,1
002/002_07.png,002/002_00.png,1
002/002_07.png,002/002_01.png,1
002/002_07.png,002/002_02.png,1
002/002_07.png,002/002_03.png,1
002/002_07.png,002/002_04.png,1
002/002_07.png,002/002_05.png,1
002/002_07.png,002/002_06.png,1
002/002_07.png,002/002_08.png,1
002/002_07.png,002/002_09.png,1
002/002_07.png,002/002_10.png,1
002/002_07.png,002/002_11.png,1
002/002_07.png,002/002_12.png,1
002/002_07.png,002/002_13.png,1
002/002_07.png,002/002_14.png,1
002/002_07.png,002/002_15.png,1
002/002_07.png,002/002_16.png,1
002/002_07.png,002/002_17.png,1
002/002_07.png,002/002_18.png,1
002/002_07.png,002/002_19.png,1
002/002_07.png,002/002_20.png,1
002/002_08.png,002/002_00.png,1
002/002_08.png,002/002_01.png,1
002/002_08.png,002/002_02.png,1
002/002_08.png,002/002_03.png,1
002/002_08.png,002/002_04.png,1
002/002_08.png,002/002_05.png,1
002/002_08.png,002/002_06.png,1
002/002_08.png,002/002_07.png,1
002/002_08.png,002/002_09.png,1
002/002_08.png,002/002_10.png,1
002/002_08.png,002/002_11.png,1
002/002_08.png,002/002_12.png,1
002/002_08.png,002/002_13.png,1
002/002_08.png,002/002_14.png,1
002/002_08.png,002/002_15.png,1
002/002_08.png,002/002_16.png,1
002/002_08.png,002/002_17.png,1
002/002_08.png,002/002_18.png,1
002/002_08.png,002/002_19.png,1
002/002_08.png,002/002_20.png,1
002/002_09.png,002/002_00.png,1
002/002_09.png,002/002_01.png,1
002/002_09.png,002/002_02.png,1
002/002_09.png,002/002_03.png,1
002/002_09.png,002/002_04.png,1
002/002_09.png,002/002_05.png,1
002/002_09.png,002/002_06.png,1
002/002_09.png,002/002_07.png,1
002/002_09.png,002/002_08.png,1
002/002_09.png,002/002_10.png,1
002/002_09.png,002/002_11.png,1
002/002_09.png,002/002_12.png,1
002/002_09.png,002/002_13.png,1
002/002_09.png,002/002_14.png,1
002/002_09.png,002/002_15.png,1
002/002_09.png,002/002_16.png,1
002/002_09.png,002/002_17.png,1
002/002_09.png,002/002_18.png,1
002/002_09.png,002/002_19.png,1
002/002_09.png,002/002_20.png,1
002/002_10.png,002/002_00.png,1
002/002_10.png,002/002_01.png,1
002/002_10.png,002/002_02.png,1
002/002_10.png,002/002_03.png,1
002/002_10.png,002/002_04.png,1
002/002_10.png,002/002_05.png,1
002/002_10.png,002/002_06.png,1
002/002_10.png,002/002_07.png,1
002/002_10.png,002/002_08.png,1
002/002_10.png,002/002_09.png,1
002/002_10.png,002/002_11.png,1
002/002_10.png,002/002_12.png,1
002/002_10.png,002/002_13.png,1
002/002_10.png,002/002_14.png,1
002/002_10.png,002/002_15.png,1
002/002_10.png,002/002_16.png,1
002/002_10.png,002/002_17.png,1
002/002_10.png,002/002_18.png,1
002/002_10.png,002/002_19.png,1
002/002_10.png,002/002_20.png,1
002/002_11.png,002/002_00.png,1
002/002_11.png,002/002_01.png,1
002/002_11.png,002/002_02.png,1
002/002_11.png,002/002_03.png,1
002/002_11.png,002/002_04.png,1
002/002_11.png,002/002_05.png,1
002/002_11.png,002/002_06.png,1
002/002_11.png,002/002_07.png,1
002/002_11.png,002/002_08.png,1
002/002_11.png,002/002_09.png,1
002/002_11.png,002/002_10.png,1
002/002_11.png,002/002_12.png,1
002/002_11.png,002/002_13.png,1
002/002_11.png,002/002_14.png,1
002/002_11.png,002/002_15.png,1
002/002_11.png,002/002_16.png,1
002/002_11.png,002/002_17.png,1
002/002_11.png,002/002_18.png,1
002/002_11.png,002/002_19.png,1
002/002_11.png,002/002_20.png,1
002/002_12.png,002/002_00.png,1
002/002_12.png,002/002_01.png,1
002/002_12.png,002/002_02.png,1
002/002_12.png,002/002_03.png,1
002/002_12.png,002/002_04.png,1
002/002_12.png,002/002_05.png,1
002/002_12.png,002/002_06.png,1
002/002_12.png,002/002_07.png,1
002/002_12.png,002/002_08.png,1
002/002_12.png,002/002_09.png,1
002/002_12.png,002/002_10.png,1
002/002_12.png,002/002_11.png,1
002/002_12.png,002/002_13.png,1
002/002_12.png,002/002_14.png,1
002/002_12.png,002/002_15.png,1
002/002_12.png,002/002_16.png,1
002/002_12.png,002/002_17.png,1
002/002_12.png,002/002_18.png,1
002/002_12.png,002/002_19.png,1
002/002_12.png,002/002_20.png,1
002/002_13.png,002/002_00.png,1
002/002_13.png,002/002_01.png,1
002/002_13.png,002/002_02.png,1
002/002_13.png,002/002_03.png,1
002/002_13.png,002/002_04.png,1
002/002_13.png,002/002_05.png,1
002/002_13.png,002/002_06.png,1
002/002_13.png,002/002_07.png,1
002/002_13.png,002/002_08.png,1
002/002_13.png,002/002_09.png,1
002/002_13.png,002/002_10.png,1
002/002_13.png,002/002_11.png,1
002/002_13.png,002/002_12.png,1
002/002_13.png,002/002_14.png,1
002/002_13.png,002/002_15.png,1
002/002_13.png,002/002_16.png,1
002/002_13.png,002/002_17.png,1
002/002_13.png,002/002_18.png,1
002/002_13.png,002/002_19.png,1
002/002_13.png,002/002_20.png,1
002/002_14.png,002/002_00.png,1
002/002_14.png,002/002_01.png,1
002/002_14.png,002/002_02.png,1
002/002_14.png,002/002_03.png,1
002/002_14.png,002/002_04.png,1
002/002_14.png,002/002_05.png,1
002/002_14.png,002/002_06.png,1
002/002_14.png,002/002_07.png,1
002/002_14.png,002/002_08.png,1
002/002_14.png,002/002_09.png,1
002/002_14.png,002/002_10.png,1
002/002_14.png,002/002_11.png,1
002/002_14.png,002/002_12.png,1
002/002_14.png,002/002_13.png,1
002/002_14.png,002/002_15.png,1
002/002_14.png,002/002_16.png,1
002/002_14.png,002/002_17.png,1
002/002_14.png,002/002_18.png,1
002/002_14.png,002/002_19.png,1
002/002_14.png,002/002_20.png,1
002/002_15.png,002/002_00.png,1
002/002_15.png,002/002_01.png,1
002/002_15.png,002/002_02.png,1
002/002_15.png,002/002_03.png,1
002/002_15.png,002/002_04.png,1
002/002_15.png,002/002_05.png,1
002/002_15.png,002/002_06.png,1
002/002_15.png,002/002_07.png,1
002/002_15.png,002/002_08.png,1
002/002_15.png,002/002_09.png,1
002/002_15.png,002/002_10.png,1
002/002_15.png,002/002_11.png,1
002/002_15.png,002/002_12.png,1
002/002_15.png,002/002_13.png,1
002/002_15.png,002/002_14.png,1
002/002_15.png,002/002_16.png,1
002/002_15.png,002/002_17.png,1
002/002_15.png,002/002_18.png,1
002/002_15.png,002/002_19.png,1
002/002_15.png,002/002_20.png,1
002/002_16.png,002/002_00.png,1
002/002_16.png,002/002_01.png,1
002/002_16.png,002/002_02.png,1
002/002_16.png,002/002_03.png,1
002/002_16.png,002/002_04.png,1
002/002_16.png,002/002_05.png,1
002/002_16.png,002/002_06.png,1
002/002_16.png,002/002_07.png,1
002/002_16.png,002/002_08.png,1
002/002_16.png,002/002_09.png,1
002/002_16.png,002/002_10.png,1
002/002_16.png,002/002_11.png,1
002/002_16.png,002/002_12.png,1
002/002_16.png,002/002_13.png,1
002/002_16.png,002/002_14.png,1
002/002_16.png,002/002_15.png,1
002/002_16.png,002/002_17.png,1
002/002_16.png,002/002_18.png,1
002/002_16.png,002/002_19.png,1
002/002_16.png,002/002_20.png,1
002/002_17.png,002/002_00.png,1
002/002_17.png,002/002_01.png,1
002/002_17.png,002/002_02.png,1
002/002_17.png,002/002_03.png,1
002/002_17.png,002/002_04.png,1
002/002_17.png,002/002_05.png,1
002/002_17.png,002/002_06.png,1
002/002_17.png,002/002_07.png,1
002/002_17.png,002/002_08.png,1
002/002_17.png,002/002_09.png,1
002/002_17.png,002/002_10.png,1
002/002_17.png,002/002_11.png,1
002/002_17.png,002/002_12.png,1
002/002_17.png,002/002_13.png,1
002/002_17.png,002/002_14.png,1
002/002_17.png,002/002_15.png,1
002/002_17.png,002/002_16.png,1
002/002_17.png,002/002_18.png,1
002/002_17.png,002/002_19.png,1
002/002_17.png,002/002_20.png,1
002/002_18.png,002/002_00.png,1
002/002_18.png,002/002_01.png,1
002/002_18.png,002/002_02.png,1
002/002_18.png,002/002_03.png,1
002/002_18.png,002/002_04.png,1
002/002_18.png,002/002_05.png,1
002/002_18.png,002/002_06.png,1
002/002_18.png,002/002_07.png,1
002/002_18.png,002/002_08.png,1
002/002_18.png,002/002_09.png,1
002/002_18.png,002/002_10.png,1
002/002_18.png,002/002_11.png,1
002/002_18.png,002/002_12.png,1
002/002_18.png,002/002_13.png,1
002/002_18.png,002/002_14.png,1
002/002_18.png,002/002_15.png,1
002/002_18.png,002/002_16.png,1
002/002_18.png,002/002_17.png,1
002/002_18.png,002/002_19.png,1
002/002_18.png,002/002_20.png,1
002/002_19.png,002/002_00.png,1
002/002_19.png,002/002_01.png,1
002/002_19.png,002/002_02.png,1
002/002_19.png,002/002_03.png,1
002/002_19.png,002/002_04.png,1
002/002_19.png,002/002_05.png,1
002/002_19.png,002/002_06.png,1
002/002_19.png,002/002_07.png,1
002/002_19.png,002/002_08.png,1
002/002_19.png,002/002_09.png,1
002/002_19.png,002/002_10.png,1
002/002_19.png,002/002_11.png,1
002/002_19.png,002/002_12.png,1
002/002_19.png,002/002_13.png,1
002/002_19.png,002/002_14.png,1
002/002_19.png,002/002_15.png,1
002/002_19.png,002/002_16.png,1
002/002_19.png,002/002_17.png,1
002/002_19.png,002/002_18.png,1
002/002_19.png,002/002_20.png,1
002/002_20.png,002/002_00.png,1
002/002_20.png,002/002_01.png,1
002/002_20.png,002/002_02.png,1
002/002_20.png,002/002_03.png,1
002/002_20.png,002/002_04.png,1
002/002_20.png,002/002_05.png,1
002/002_20.png,002/002_06.png,1
002/002_20.png,002/002_07.png,1
002/002_20.png,002/002_08.png,1
002/002_20.png,002/002_09.png,1
002/002_20.png,002/002_10.png,1
002/002_20.png,002/002_11.png,1
002/002_20.png,002/002_12.png,1
002/002_20.png,002/002_13.png,1
002/002_20.png,002/002_14.png,1
002/002_20.png,002/002_15.png,1
002/002_20.png,002/002_16.png,1
002/002_20.png,002/002_17.png,1
002/002_20.png,002/002_18.png,1
002/002_20.png,002/002_19.png,1
002/002_00.png,002_forge/002_00.png,0
002/002_00.png,002_forge/002_01.png,0
002/002_00.png,002_forge/002_02.png,0
002/002_00.png,002_forge/002_03.png,0
002/002_00.png,002_forge/002_04.png,0
002/002_00.png,002_forge/002_05.png,0
002/002_00.png,002_forge/002_06.png,0
002/002_00.png,002_forge/002_07.png,0
002/002_00.png,002_forge/002_08.png,0
002/002_00.png,002_forge/002_09.png,0
002/002_00.png,002_forge/002_10.png,0
002/002_00.png,002_forge/002_11.png,0
002/002_00.png,002_forge/002_12.png,0
002/002_00.png,002_forge/002_13.png,0
002/002_00.png,002_forge/002_14.png,0
002/002_00.png,002_forge/002_15.png,0
002/002_00.png,002_forge/002_16.png,0
002/002_00.png,002_forge/002_17.png,0
002/002_00.png,002_forge/002_18.png,0
002/002_00.png,002_forge/002_19.png,0
002/002_00.png,002_forge/002_20.png,0
002/002_01.png,002_forge/002_00.png,0
002/002_01.png,002_forge/002_01.png,0
002/002_01.png,002_forge/002_02.png,0
002/002_01.png,002_forge/002_03.png,0
002/002_01.png,002_forge/002_04.png,0
002/002_01.png,002_forge/002_05.png,0
002/002_01.png,002_forge/002_06.png,0
002/002_01.png,002_forge/002_07.png,0
002/002_01.png,002_forge/002_08.png,0
002/002_01.png,002_forge/002_09.png,0
002/002_01.png,002_forge/002_10.png,0
002/002_01.png,002_forge/002_11.png,0
002/002_01.png,002_forge/002_12.png,0
002/002_01.png,002_forge/002_13.png,0
002/002_01.png,002_forge/002_14.png,0
002/002_01.png,002_forge/002_15.png,0
002/002_01.png,002_forge/002_16.png,0
002/002_01.png,002_forge/002_17.png,0
002/002_01.png,002_forge/002_18.png,0
002/002_01.png,002_forge/002_19.png,0
002/002_01.png,002_forge/002_20.png,0
002/002_02.png,002_forge/002_00.png,0
002/002_02.png,002_forge/002_01.png,0
002/002_02.png,002_forge/002_02.png,0
002/002_02.png,002_forge/002_03.png,0
002/002_02.png,002_forge/002_04.png,0
002/002_02.png,002_forge/002_05.png,0
002/002_02.png,002_forge/002_06.png,0
002/002_02.png,002_forge/002_07.png,0
002/002_02.png,002_forge/002_08.png,0
002/002_02.png,002_forge/002_09.png,0
002/002_02.png,002_forge/002_10.png,0
002/002_02.png,002_forge/002_11.png,0
002/002_02.png,002_forge/002_12.png,0
002/002_02.png,002_forge/002_13.png,0
002/002_02.png,002_forge/002_14.png,0
002/002_02.png,002_forge/002_15.png,0
002/002_02.png,002_forge/002_16.png,0
002/002_02.png,002_forge/002_17.png,0
002/002_02.png,002_forge/002_18.png,0
002/002_02.png,002_forge/002_19.png,0
002/002_02.png,002_forge/002_20.png,0
002/002_03.png,002_forge/002_00.png,0
002/002_03.png,002_forge/002_01.png,0
002/002_03.png,002_forge/002_02.png,0
002/002_03.png,002_forge/002_03.png,0
002/002_03.png,002_forge/002_04.png,0
002/002_03.png,002_forge/002_05.png,0
002/002_03.png,002_forge/002_06.png,0
002/002_03.png,002_forge/002_07.png,0
002/002_03.png,002_forge/002_08.png,0
002/002_03.png,002_forge/002_09.png,0
002/002_03.png,002_forge/002_10.png,0
002/002_03.png,002_forge/002_11.png,0
002/002_03.png,002_forge/002_12.png,0
002/002_03.png,002_forge/002_13.png,0
002/002_03.png,002_forge/002_14.png,0
002/002_03.png,002_forge/002_15.png,0
002/002_03.png,002_forge/002_16.png,0
002/002_03.png,002_forge/002_17.png,0
002/002_03.png,002_forge/002_18.png,0
002/002_03.png,002_forge/002_19.png,0
002/002_03.png,002_forge/002_20.png,0
002/002_04.png,002_forge/002_00.png,0
002/002_04.png,002_forge/002_01.png,0
002/002_04.png,002_forge/002_02.png,0
002/002_04.png,002_forge/002_03.png,0
002/002_04.png,002_forge/002_04.png,0
002/002_04.png,002_forge/002_05.png,0
002/002_04.png,002_forge/002_06.png,0
002/002_04.png,002_forge/002_07.png,0
002/002_04.png,002_forge/002_08.png,0
002/002_04.png,002_forge/002_09.png,0
002/002_04.png,002_forge/002_10.png,0
002/002_04.png,002_forge/002_11.png,0
002/002_04.png,002_forge/002_12.png,0
002/002_04.png,002_forge/002_13.png,0
002/002_04.png,002_forge/002_14.png,0
002/002_04.png,002_forge/002_15.png,0
002/002_04.png,002_forge/002_16.png,0
002/002_04.png,002_forge/002_17.png,0
002/002_04.png,002_forge/002_18.png,0
002/002_04.png,002_forge/002_19.png,0
002/002_04.png,002_forge/002_20.png,0
002/002_05.png,002_forge/002_00.png,0
002/002_05.png,002_forge/002_01.png,0
002/002_05.png,002_forge/002_02.png,0
002/002_05.png,002_forge/002_03.png,0
002/002_05.png,002_forge/002_04.png,0
002/002_05.png,002_forge/002_05.png,0
002/002_05.png,002_forge/002_06.png,0
002/002_05.png,002_forge/002_07.png,0
002/002_05.png,002_forge/002_08.png,0
002/002_05.png,002_forge/002_09.png,0
002/002_05.png,002_forge/002_10.png,0
002/002_05.png,002_forge/002_11.png,0
002/002_05.png,002_forge/002_12.png,0
002/002_05.png,002_forge/002_13.png,0
002/002_05.png,002_forge/002_14.png,0
002/002_05.png,002_forge/002_15.png,0
002/002_05.png,002_forge/002_16.png,0
002/002_05.png,002_forge/002_17.png,0
002/002_05.png,002_forge/002_18.png,0
002/002_05.png,002_forge/002_19.png,0
002/002_05.png,002_forge/002_20.png,0
002/002_06.png,002_forge/002_00.png,0
002/002_06.png,002_forge/002_01.png,0
002/002_06.png,002_forge/002_02.png,0
002/002_06.png,002_forge/002_03.png,0
002/002_06.png,002_forge/002_04.png,0
002/002_06.png,002_forge/002_05.png,0
002/002_06.png,002_forge/002_06.png,0
002/002_06.png,002_forge/002_07.png,0
002/002_06.png,002_forge/002_08.png,0
002/002_06.png,002_forge/002_09.png,0
002/002_06.png,002_forge/002_10.png,0
002/002_06.png,002_forge/002_11.png,0
002/002_06.png,002_forge/002_12.png,0
002/002_06.png,002_forge/002_13.png,0
002/002_06.png,002_forge/002_14.png,0
002/002_06.png,002_forge/002_15.png,0
002/002_06.png,002_forge/002_16.png,0
002/002_06.png,002_forge/002_17.png,0
002/002_06.png,002_forge/002_18.png,0
002/002_06.png,002_forge/002_19.png,0
002/002_06.png,002_forge/002_20.png,0
002/002_07.png,002_forge/002_00.png,0
002/002_07.png,002_forge/002_01.png,0
002/002_07.png,002_forge/002_02.png,0
002/002_07.png,002_forge/002_03.png,0
002/002_07.png,002_forge/002_04.png,0
002/002_07.png,002_forge/002_05.png,0
002/002_07.png,002_forge/002_06.png,0
002/002_07.png,002_forge/002_07.png,0
002/002_07.png,002_forge/002_08.png,0
002/002_07.png,002_forge/002_09.png,0
002/002_07.png,002_forge/002_10.png,0
002/002_07.png,002_forge/002_11.png,0
002/002_07.png,002_forge/002_12.png,0
002/002_07.png,002_forge/002_13.png,0
002/002_07.png,002_forge/002_14.png,0
002/002_07.png,002_forge/002_15.png,0
002/002_07.png,002_forge/002_16.png,0
002/002_07.png,002_forge/002_17.png,0
002/002_07.png,002_forge/002_18.png,0
002/002_07.png,002_forge/002_19.png,0
002/002_07.png,002_forge/002_20.png,0
002/002_08.png,002_forge/002_00.png,0
002/002_08.png,002_forge/002_01.png,0
002/002_08.png,002_forge/002_02.png,0
002/002_08.png,002_forge/002_03.png,0
002/002_08.png,002_forge/002_04.png,0
002/002_08.png,002_forge/002_05.png,0
002/002_08.png,002_forge/002_06.png,0
002/002_08.png,002_forge/002_07.png,0
002/002_08.png,002_forge/002_08.png,0
002/002_08.png,002_forge/002_09.png,0
002/002_08.png,002_forge/002_10.png,0
002/002_08.png,002_forge/002_11.png,0
002/002_08.png,002_forge/002_12.png,0
002/002_08.png,002_forge/002_13.png,0
002/002_08.png,002_forge/002_14.png,0
002/002_08.png,002_forge/002_15.png,0
002/002_08.png,002_forge/002_16.png,0
002/002_08.png,002_forge/002_17.png,0
002/002_08.png,002_forge/002_18.png,0
002/002_08.png,002_forge/002_19.png,0
002/002_08.png,002_forge/002_20.png,0
002/002_09.png,002_forge/002_00.png,0
002/002_09.png,002_forge/002_01.png,0
002/002_09.png,002_forge/002_02.png,0
002/002_09.png,002_forge/002_03.png,0
002/002_09.png,002_forge/002_04.png,0
002/002_09.png,002_forge/002_05.png,0
002/002_09.png,002_forge/002_06.png,0
002/002_09.png,002_forge/002_07.png,0
002/002_09.png,002_forge/002_08.png,0
002/002_09.png,002_forge/002_09.png,0
002/002_09.png,002_forge/002_10.png,0
002/002_09.png,002_forge/002_11.png,0
002/002_09.png,002_forge/002_12.png,0
002/002_09.png,002_forge/002_13.png,0
002/002_09.png,002_forge/002_14.png,0
002/002_09.png,002_forge/002_15.png,0
002/002_09.png,002_forge/002_16.png,0
002/002_09.png,002_forge/002_17.png,0
002/002_09.png,002_forge/002_18.png,0
002/002_09.png,002_forge/002_19.png,0
002/002_09.png,002_forge/002_20.png,0
002/002_10.png,002_forge/002_00.png,0
002/002_10.png,002_forge/002_01.png,0
002/002_10.png,002_forge/002_02.png,0
002/002_10.png,002_forge/002_03.png,0
002/002_10.png,002_forge/002_04.png,0
002/002_10.png,002_forge/002_05.png,0
002/002_10.png,002_forge/002_06.png,0
002/002_10.png,002_forge/002_07.png,0
002/002_10.png,002_forge/002_08.png,0
002/002_10.png,002_forge/002_09.png,0
002/002_10.png,002_forge/002_10.png,0
002/002_10.png,002_forge/002_11.png,0
002/002_10.png,002_forge/002_12.png,0
002/002_10.png,002_forge/002_13.png,0
002/002_10.png,002_forge/002_14.png,0
002/002_10.png,002_forge/002_15.png,0
002/002_10.png,002_forge/002_16.png,0
002/002_10.png,002_forge/002_17.png,0
002/002_10.png,002_forge/002_18.png,0
002/002_10.png,002_forge/002_19.png,0
002/002_10.png,002_forge/002_20.png,0
002/002_11.png,002_forge/002_00.png,0
002/002_11.png,002_forge/002_01.png,0
002/002_11.png,002_forge/002_02.png,0
002/002_11.png,002_forge/002_03.png,0
002/002_11.png,002_forge/002_04.png,0
002/002_11.png,002_forge/002_05.png,0
002/002_11.png,002_forge/002_06.png,0
002/002_11.png,002_forge/002_07.png,0
002/002_11.png,002_forge/002_08.png,0
002/002_11.png,002_forge/002_09.png,0
002/002_11.png,002_forge/002_10.png,0
002/002_11.png,002_forge/002_11.png,0
002/002_11.png,002_forge/002_12.png,0
002/002_11.png,002_forge/002_13.png,0
002/002_11.png,002_forge/002_14.png,0
002/002_11.png,002_forge/002_15.png,0
002/002_11.png,002_forge/002_16.png,0
002/002_11.png,002_forge/002_17.png,0
002/002_11.png,002_forge/002_18.png,0
002/002_11.png,002_forge/002_19.png,0
002/002_11.png,002_forge/002_20.png,0
002/002_12.png,002_forge/002_00.png,0
002/002_12.png,002_forge/002_01.png,0
002/002_12.png,002_forge/002_02.png,0
002/002_12.png,002_forge/002_03.png,0
002/002_12.png,002_forge/002_04.png,0
002/002_12.png,002_forge/002_05.png,0
002/002_12.png,002_forge/002_06.png,0
002/002_12.png,002_forge/002_07.png,0
002/002_12.png,002_forge/002_08.png,0
002/002_12.png,002_forge/002_09.png,0
002/002_12.png,002_forge/002_10.png,0
002/002_12.png,002_forge/002_11.png,0
002/002_12.png,002_forge/002_12.png,0
002/002_12.png,002_forge/002_13.png,0
002/002_12.png,002_forge/002_14.png,0
002/002_12.png,002_forge/002_15.png,0
002/002_12.png,002_forge/002_16.png,0
002/002_12.png,002_forge/002_17.png,0
002/002_12.png,002_forge/002_18.png,0
002/002_12.png,002_forge/002_19.png,0
002/002_12.png,002_forge/002_20.png,0
002/002_13.png,002_forge/002_00.png,0
002/002_13.png,002_forge/002_01.png,0
002/002_13.png,002_forge/002_02.png,0
002/002_13.png,002_forge/002_03.png,0
002/002_13.png,002_forge/002_04.png,0
002/002_13.png,002_forge/002_05.png,0
002/002_13.png,002_forge/002_06.png,0
002/002_13.png,002_forge/002_07.png,0
002/002_13.png,002_forge/002_08.png,0
002/002_13.png,002_forge/002_09.png,0
002/002_13.png,002_forge/002_10.png,0
002/002_13.png,002_forge/002_11.png,0
002/002_13.png,002_forge/002_12.png,0
002/002_13.png,002_forge/002_13.png,0
002/002_13.png,002_forge/002_14.png,0
002/002_13.png,002_forge/002_15.png,0
002/002_13.png,002_forge/002_16.png,0
002/002_13.png,002_forge/002_17.png,0
002/002_13.png,002_forge/002_18.png,0
002/002_13.png,002_forge/002_19.png,0
002/002_13.png,002_forge/002_20.png,0
002/002_14.png,002_forge/002_00.png,0
002/002_14.png,002_forge/002_01.png,0
002/002_14.png,002_forge/002_02.png,0
002/002_14.png,002_forge/002_03.png,0
002/002_14.png,002_forge/002_04.png,0
002/002_14.png,002_forge/002_05.png,0
002/002_14.png,002_forge/002_06.png,0
002/002_14.png,002_forge/002_07.png,0
002/002_14.png,002_forge/002_08.png,0
002/002_14.png,002_forge/002_09.png,0
002/002_14.png,002_forge/002_10.png,0
002/002_14.png,002_forge/002_11.png,0
002/002_14.png,002_forge/002_12.png,0
002/002_14.png,002_forge/002_13.png,0
002/002_14.png,002_forge/002_14.png,0
002/002_14.png,002_forge/002_15.png,0
002/002_14.png,002_forge/002_16.png,0
002/002_14.png,002_forge/002_17.png,0
002/002_14.png,002_forge/002_18.png,0
002/002_14.png,002_forge/002_19.png,0
002/002_14.png,002_forge/002_20.png,0
002/002_15.png,002_forge/002_00.png,0
002/002_15.png,002_forge/002_01.png,0
002/002_15.png,002_forge/002_02.png,0
002/002_15.png,002_forge/002_03.png,0
002/002_15.png,002_forge/002_04.png,0
002/002_15.png,002_forge/002_05.png,0
002/002_15.png,002_forge/002_06.png,0
002/002_15.png,002_forge/002_07.png,0
002/002_15.png,002_forge/002_08.png,0
002/002_15.png,002_forge/002_09.png,0
002/002_15.png,002_forge/002_10.png,0
002/002_15.png,002_forge/002_11.png,0
002/002_15.png,002_forge/002_12.png,0
002/002_15.png,002_forge/002_13.png,0
002/002_15.png,002_forge/002_14.png,0
002/002_15.png,002_forge/002_15.png,0
002/002_15.png,002_forge/002_16.png,0
002/002_15.png,002_forge/002_17.png,0
002/002_15.png,002_forge/002_18.png,0
002/002_15.png,002_forge/002_19.png,0
002/002_15.png,002_forge/002_20.png,0
002/002_16.png,002_forge/002_00.png,0
002/002_16.png,002_forge/002_01.png,0
002/002_16.png,002_forge/002_02.png,0
002/002_16.png,002_forge/002_03.png,0
002/002_16.png,002_forge/002_04.png,0
002/002_16.png,002_forge/002_05.png,0
002/002_16.png,002_forge/002_06.png,0
002/002_16.png,002_forge/002_07.png,0
002/002_16.png,002_forge/002_08.png,0
002/002_16.png,002_forge/002_09.png,0
002/002_16.png,002_forge/002_10.png,0
002/002_16.png,002_forge/002_11.png,0
002/002_16.png,002_forge/002_12.png,0
002/002_16.png,002_forge/002_13.png,0
002/002_16.png,002_forge/002_14.png,0
002/002_16.png,002_forge/002_15.png,0
002/002_16.png,002_forge/002_16.png,0
002/002_16.png,002_forge/002_17.png,0
002/002_16.png,002_forge/002_18.png,0
002/002_16.png,002_forge/002_19.png,0
002/002_16.png,002_forge/002_20.png,0
002/002_17.png,002_forge/002_00.png,0
002/002_17.png,002_forge/002_01.png,0
002/002_17.png,002_forge/002_02.png,0
002/002_17.png,002_forge/002_03.png,0
002/002_17.png,002_forge/002_04.png,0
002/002_17.png,002_forge/002_05.png,0
002/002_17.png,002_forge/002_06.png,0
002/002_17.png,002_forge/002_07.png,0
002/002_17.png,002_forge/002_08.png,0
002/002_17.png,002_forge/002_09.png,0
002/002_17.png,002_forge/002_10.png,0
002/002_17.png,002_forge/002_11.png,0
002/002_17.png,002_forge/002_12.png,0
002/002_17.png,002_forge/002_13.png,0
002/002_17.png,002_forge/002_14.png,0
002/002_17.png,002_forge/002_15.png,0
002/002_17.png,002_forge/002_16.png,0
002/002_17.png,002_forge/002_17.png,0
002/002_17.png,002_forge/002_18.png,0
002/002_17.png,002_forge/002_19.png,0
002/002_17.png,002_forge/002_20.png,0
002/002_18.png,002_forge/002_00.png,0
002/002_18.png,002_forge/002_01.png,0
002/002_18.png,002_forge/002_02.png,0
002/002_18.png,002_forge/002_03.png,0
002/002_18.png,002_forge/002_04.png,0
002/002_18.png,002_forge/002_05.png,0
002/002_18.png,002_forge/002_06.png,0
002/002_18.png,002_forge/002_07.png,0
002/002_18.png,002_forge/002_08.png,0
002/002_18.png,002_forge/002_09.png,0
002/002_18.png,002_forge/002_10.png,0
002/002_18.png,002_forge/002_11.png,0
002/002_18.png,002_forge/002_12.png,0
002/002_18.png,002_forge/002_13.png,0
002/002_18.png,002_forge/002_14.png,0
002/002_18.png,002_forge/002_15.png,0
002/002_18.png,002_forge/002_16.png,0
002/002_18.png,002_forge/002_17.png,0
002/002_18.png,002_forge/002_18.png,0
002/002_18.png,002_forge/002_19.png,0
002/002_18.png,002_forge/002_20.png,0
002/002_19.png,002_forge/002_00.png,0
002/002_19.png,002_forge/002_01.png,0
002/002_19.png,002_forge/002_02.png,0
002/002_19.png,002_forge/002_03.png,0
002/002_19.png,002_forge/002_04.png,0
002/002_19.png,002_forge/002_05.png,0
002/002_19.png,002_forge/002_06.png,0
002/002_19.png,002_forge/002_07.png,0
002/002_19.png,002_forge/002_08.png,0
002/002_19.png,002_forge/002_09.png,0
002/002_19.png,002_forge/002_10.png,0
002/002_19.png,002_forge/002_11.png,0
002/002_19.png,002_forge/002_12.png,0
002/002_19.png,002_forge/002_13.png,0
002/002_19.png,002_forge/002_14.png,0
002/002_19.png,002_forge/002_15.png,0
002/002_19.png,002_forge/002_16.png,0
002/002_19.png,002_forge/002_17.png,0
002/002_19.png,002_forge/002_18.png,0
002/002_19.png,002_forge/002_19.png,0
002/002_19.png,002_forge/002_20.png,0
002/002_20.png,002_forge/002_00.png,0
002/002_20.png,002_forge/002_01.png,0
002/002_20.png,002_forge/002_02.png,0
002/002_20.png,002_forge/002_03.png,0
002/002_20.png,002_forge/002_04.png,0
002/002_20.png,002_forge/002_05.png,0
002/002_20.png,002_forge/002_06.png,0
002/002_20.png,002_forge/002_07.png,0
002/002_20.png,002_forge/002_08.png,0
002/002_20.png,002_forge/002_09.png,0
002/002_20.png,002_forge/002_10.png,0
002/002_20.png,002_forge/002_11.png,0
002/002_20.png,002_forge/002_12.png,0
002/002_20.png,002_forge/002_13.png,0
002/002_20.png,002_forge/002_14.png,0
002/002_20.png,002_forge/002_15.png,0
002/002_20.png,002_forge/002_16.png,0
002/002_20.png,002_forge/002_17.png,0
002/002_20.png,002_forge/002_18.png,0
002/002_20.png,002_forge/002_19.png,0
002/002_20.png,002_forge/002_20.png,0
003/003_00.png,003/003_01.png,1
003/003_00.png,003/003_02.png,1
003/003_00.png,003/003_03.png,1
003/003_00.png,003/003_04.png,1
003/003_00.png,003/003_05.png,1
003/003_00.png,003/003_06.png,1
003/003_00.png,003/003_07.png,1
003/003_00.png,003/003_08.png,1
003/003_00.png,003/003_09.png,1
003/003_00.png,003/003_10.png,1
003/003_00.png,003/003_11.png,1
003/003_00.png,003/003_12.png,1
003/003_00.png,003/003_13.png,1
003/003_00.png,003/003_14.png,1
003/003_00.png,003/003_15.png,1
003/003_00.png,003/003_16.png,1
003/003_00.png,003/003_17.png,1
003/003_00.png,003/003_18.png,1
003/003_00.png,003/003_19.png,1
003/003_00.png,003/003_20.png,1
003/003_01.png,003/003_00.png,1
003/003_01.png,003/003_02.png,1
003/003_01.png,003/003_03.png,1
003/003_01.png,003/003_04.png,1
003/003_01.png,003/003_05.png,1
003/003_01.png,003/003_06.png,1
003/003_01.png,003/003_07.png,1
003/003_01.png,003/003_08.png,1
003/003_01.png,003/003_09.png,1
003/003_01.png,003/003_10.png,1
003/003_01.png,003/003_11.png,1
003/003_01.png,003/003_12.png,1
003/003_01.png,003/003_13.png,1
003/003_01.png,003/003_14.png,1
003/003_01.png,003/003_15.png,1
003/003_01.png,003/003_16.png,1
003/003_01.png,003/003_17.png,1
003/003_01.png,003/003_18.png,1
003/003_01.png,003/003_19.png,1
003/003_01.png,003/003_20.png,1
003/003_02.png,003/003_00.png,1
003/003_02.png,003/003_01.png,1
003/003_02.png,003/003_03.png,1
003/003_02.png,003/003_04.png,1
003/003_02.png,003/003_05.png,1
003/003_02.png,003/003_06.png,1
003/003_02.png,003/003_07.png,1
003/003_02.png,003/003_08.png,1
003/003_02.png,003/003_09.png,1
003/003_02.png,003/003_10.png,1
003/003_02.png,003/003_11.png,1
003/003_02.png,003/003_12.png,1
003/003_02.png,003/003_13.png,1
003/003_02.png,003/003_14.png,1
003/003_02.png,003/003_15.png,1
003/003_02.png,003/003_16.png,1
003/003_02.png,003/003_17.png,1
003/003_02.png,003/003_18.png,1
003/003_02.png,003/003_19.png,1
003/003_02.png,003/003_20.png,1
003/003_03.png,003/003_00.png,1
003/003_03.png,003/003_01.png,1
003/003_03.png,003/003_02.png,1
003/003_03.png,003/003_04.png,1
003/003_03.png,003/003_05.png,1
003/003_03.png,003/003_06.png,1
003/003_03.png,003/003_07.png,1
003/003_03.png,003/003_08.png,1
003/003_03.png,003/003_09.png,1
003/003_03.png,003/003_10.png,1
003/003_03.png,003/003_11.png,1
003/003_03.png,003/003_12.png,1
003/003_03.png,003/003_13.png,1
003/003_03.png,003/003_14.png,1
003/003_03.png,003/003_15.png,1
003/003_03.png,003/003_16.png,1
003/003_03.png,003/003_17.png,1
003/003_03.png,003/003_18.png,1
003/003_03.png,003/003_19.png,1
003/003_03.png,003/003_20.png,1
003/003_04.png,003/003_00.png,1
003/003_04.png,003/003_01.png,1
003/003_04.png,003/003_02.png,1
003/003_04.png,003/003_03.png,1
003/003_04.png,003/003_05.png,1
003/003_04.png,003/003_06.png,1
003/003_04.png,003/003_07.png,1
003/003_04.png,003/003_08.png,1
003/003_04.png,003/003_09.png,1
003/003_04.png,003/003_10.png,1
003/003_04.png,003/003_11.png,1
003/003_04.png,003/003_12.png,1
003/003_04.png,003/003_13.png,1
003/003_04.png,003/003_14.png,1
003/003_04.png,003/003_15.png,1
003/003_04.png,003/003_16.png,1
003/003_04.png,003/003_17.png,1
003/003_04.png,003/003_18.png,1
003/003_04.png,003/003_19.png,1
003/003_04.png,003/003_20.png,1
003/003_05.png,003/003_00.png,1
003/003_05.png,003/003_01.png,1
003/003_05.png,003/003_02.png,1
003/003_05.png,003/003_03.png,1
003/003_05.png,003/003_04.png,1
003/003_05.png,003/003_06.png,1
003/003_05.png,003/003_07.png,1
003/003_05.png,003/003_08.png,1
003/003_05.png,003/003_09.png,1
003/003_05.png,003/003_10.png,1
003/003_05.png,003/003_11.png,1
003/003_05.png,003/003_12.png,1
003/003_05.png,003/003_13.png,1
003/003_05.png,003/003_14.png,1
003/003_05.png,003/003_15.png,1
003/003_05.png,003/003_16.png,1
003/003_05.png,003/003_17.png,1
003/003_05.png,003/003_18.png,1
003/003_05.png,003/003_19.png,1
003/003_05.png,003/003_20.png,1
003/003_06.png,003/003_00.png,1
003/003_06.png,003/003_01.png,1
003/003_06.png,003/003_02.png,1
003/003_06.png,003/003_03.png,1
003/003_06.png,003/003_04.png,1
003/003_06.png,003/003_05.png,1
003/003_06.png,003/003_07.png,1
003/003_06.png,003/003_08.png,1
003/003_06.png,003/003_09.png,1
003/003_06.png,003/003_10.png,1
003/003_06.png,003/003_11.png,1
003/003_06.png,003/003_12.png,1
003/003_06.png,003/003_13.png,1
003/003_06.png,003/003_14.png,1
003/003_06.png,003/003_15.png,1
003/003_06.png,003/003_16.png,1
003/003_06.png,003/003_17.png,1
003/003_06.png,003/003_18.png,1
003/003_06.png,003/003_19.png,1
003/003_06.png,003/003_20.png,1
003/003_07.png,003/003_00.png,1
003/003_07.png,003/003_01.png,1
003/003_07.png,003/003_02.png,1
003/003_07.png,003/003_03.png,1
003/003_07.png,003/003_04.png,1
003/003_07.png,003/003_05.png,1
003/003_07.png,003/003_06.png,1
003/003_07.png,003/003_08.png,1
003/003_07.png,003/003_09.png,1
003/003_07.png,003/003_10.png,1
003/003_07.png,003/003_11.png,1
003/003_07.png,003/003_12.png,1
003/003_07.png,003/003_13.png,1
003/003_07.png,003/003_14.png,1
003/003_07.png,003/003_15.png,1
003/003_07.png,003/003_16.png,1
003/003_07.png,003/003_17.png,1
003/003_07.png,003/003_18.png,1
003/003_07.png,003/003_19.png,1
003/003_07.png,003/003_20.png,1
003/003_08.png,003/003_00.png,1
003/003_08.png,003/003_01.png,1
003/003_08.png,003/003_02.png,1
003/003_08.png,003/003_03.png,1
003/003_08.png,003/003_04.png,1
003/003_08.png,003/003_05.png,1
003/003_08.png,003/003_06.png,1
003/003_08.png,003/003_07.png,1
003/003_08.png,003/003_09.png,1
003/003_08.png,003/003_10.png,1
003/003_08.png,003/003_11.png,1
003/003_08.png,003/003_12.png,1
003/003_08.png,003/003_13.png,1
003/003_08.png,003/003_14.png,1
003/003_08.png,003/003_15.png,1
003/003_08.png,003/003_16.png,1
003/003_08.png,003/003_17.png,1
003/003_08.png,003/003_18.png,1
003/003_08.png,003/003_19.png,1
003/003_08.png,003/003_20.png,1
003/003_09.png,003/003_00.png,1
003/003_09.png,003/003_01.png,1
003/003_09.png,003/003_02.png,1
003/003_09.png,003/003_03.png,1
003/003_09.png,003/003_04.png,1
003/003_09.png,003/003_05.png,1
003/003_09.png,003/003_06.png,1
003/003_09.png,003/003_07.png,1
003/003_09.png,003/003_08.png,1
003/003_09.png,003/003_10.png,1
003/003_09.png,003/003_11.png,1
003/003_09.png,003/003_12.png,1
003/003_09.png,003/003_13.png,1
003/003_09.png,003/003_14.png,1
003/003_09.png,003/003_15.png,1
003/003_09.png,003/003_16.png,1
003/003_09.png,003/003_17.png,1
003/003_09.png,003/003_18.png,1
003/003_09.png,003/003_19.png,1
003/003_09.png,003/003_20.png,1
003/003_10.png,003/003_00.png,1
003/003_10.png,003/003_01.png,1
003/003_10.png,003/003_02.png,1
003/003_10.png,003/003_03.png,1
003/003_10.png,003/003_04.png,1
003/003_10.png,003/003_05.png,1
003/003_10.png,003/003_06.png,1
003/003_10.png,003/003_07.png,1
003/003_10.png,003/003_08.png,1
003/003_10.png,003/003_09.png,1
003/003_10.png,003/003_11.png,1
003/003_10.png,003/003_12.png,1
003/003_10.png,003/003_13.png,1
003/003_10.png,003/003_14.png,1
003/003_10.png,003/003_15.png,1
003/003_10.png,003/003_16.png,1
003/003_10.png,003/003_17.png,1
003/003_10.png,003/003_18.png,1
003/003_10.png,003/003_19.png,1
003/003_10.png,003/003_20.png,1
003/003_11.png,003/003_00.png,1
003/003_11.png,003/003_01.png,1
003/003_11.png,003/003_02.png,1
003/003_11.png,003/003_03.png,1
003/003_11.png,003/003_04.png,1
003/003_11.png,003/003_05.png,1
003/003_11.png,003/003_06.png,1
003/003_11.png,003/003_07.png,1
003/003_11.png,003/003_08.png,1
003/003_11.png,003/003_09.png,1
003/003_11.png,003/003_10.png,1
003/003_11.png,003/003_12.png,1
003/003_11.png,003/003_13.png,1
003/003_11.png,003/003_14.png,1
003/003_11.png,003/003_15.png,1
003/003_11.png,003/003_16.png,1
003/003_11.png,003/003_17.png,1
003/003_11.png,003/003_18.png,1
003/003_11.png,003/003_19.png,1
003/003_11.png,003/003_20.png,1
003/003_12.png,003/003_00.png,1
003/003_12.png,003/003_01.png,1
003/003_12.png,003/003_02.png,1
003/003_12.png,003/003_03.png,1
003/003_12.png,003/003_04.png,1
003/003_12.png,003/003_05.png,1
003/003_12.png,003/003_06.png,1
003/003_12.png,003/003_07.png,1
003/003_12.png,003/003_08.png,1
003/003_12.png,003/003_09.png,1
003/003_12.png,003/003_10.png,1
003/003_12.png,003/003_11.png,1
003/003_12.png,003/003_13.png,1
003/003_12.png,003/003_14.png,1
003/003_12.png,003/003_15.png,1
003/003_12.png,003/003_16.png,1
003/003_12.png,003/003_17.png,1
003/003_12.png,003/003_18.png,1
003/003_12.png,003/003_19.png,1
003/003_12.png,003/003_20.png,1
003/003_13.png,003/003_00.png,1
003/003_13.png,003/003_01.png,1
003/003_13.png,003/003_02.png,1
003/003_13.png,003/003_03.png,1
003/003_13.png,003/003_04.png,1
003/003_13.png,003/003_05.png,1
003/003_13.png,003/003_06.png,1
003/003_13.png,003/003_07.png,1
003/003_13.png,003/003_08.png,1
003/003_13.png,003/003_09.png,1
003/003_13.png,003/003_10.png,1
003/003_13.png,003/003_11.png,1
003/003_13.png,003/003_12.png,1
003/003_13.png,003/003_14.png,1
003/003_13.png,003/003_15.png,1
003/003_13.png,003/003_16.png,1
003/003_13.png,003/003_17.png,1
003/003_13.png,003/003_18.png,1
003/003_13.png,003/003_19.png,1
003/003_13.png,003/003_20.png,1
003/003_14.png,003/003_00.png,1
003/003_14.png,003/003_01.png,1
003/003_14.png,003/003_02.png,1
003/003_14.png,003/003_03.png,1
003/003_14.png,003/003_04.png,1
003/003_14.png,003/003_05.png,1
003/003_14.png,003/003_06.png,1
003/003_14.png,003/003_07.png,1
003/003_14.png,003/003_08.png,1
003/003_14.png,003/003_09.png,1
003/003_14.png,003/003_10.png,1
003/003_14.png,003/003_11.png,1
003/003_14.png,003/003_12.png,1
003/003_14.png,003/003_13.png,1
003/003_14.png,003/003_15.png,1
003/003_14.png,003/003_16.png,1
003/003_14.png,003/003_17.png,1
003/003_14.png,003/003_18.png,1
003/003_14.png,003/003_19.png,1
003/003_14.png,003/003_20.png,1
003/003_15.png,003/003_00.png,1
003/003_15.png,003/003_01.png,1
003/003_15.png,003/003_02.png,1
003/003_15.png,003/003_03.png,1
003/003_15.png,003/003_04.png,1
003/003_15.png,003/003_05.png,1
003/003_15.png,003/003_06.png,1
003/003_15.png,003/003_07.png,1
003/003_15.png,003/003_08.png,1
003/003_15.png,003/003_09.png,1
003/003_15.png,003/003_10.png,1
003/003_15.png,003/003_11.png,1
003/003_15.png,003/003_12.png,1
003/003_15.png,003/003_13.png,1
003/003_15.png,003/003_14.png,1
003/003_15.png,003/003_16.png,1
003/003_15.png,003/003_17.png,1
003/003_15.png,003/003_18.png,1
003/003_15.png,003/003_19.png,1
003/003_15.png,003/003_20.png,1
003/003_16.png,003/003_00.png,1
003/003_16.png,003/003_01.png,1
003/003_16.png,003/003_02.png,1
003/003_16.png,003/003_03.png,1
003/003_16.png,003/003_04.png,1
003/003_16.png,003/003_05.png,1
003/003_16.png,003/003_06.png,1
003/003_16.png,003/003_07.png,1
003/003_16.png,003/003_08.png,1
003/003_16.png,003/003_09.png,1
003/003_16.png,003/003_10.png,1
003/003_16.png,003/003_11.png,1
003/003_16.png,003/003_12.png,1
003/003_16.png,003/003_13.png,1
003/003_16.png,003/003_14.png,1
003/003_16.png,003/003_15.png,1
003/003_16.png,003/003_17.png,1
003/003_16.png,003/003_18.png,1
003/003_16.png,003/003_19.png,1
003/003_16.png,003/003_20.png,1
003/003_17.png,003/003_00.png,1
003/003_17.png,003/003_01.png,1
003/003_17.png,003/003_02.png,1
003/003_17.png,003/003_03.png,1
003/003_17.png,003/003_04.png,1
003/003_17.png,003/003_05.png,1
003/003_17.png,003/003_06.png,1
003/003_17.png,003/003_07.png,1
003/003_17.png,003/003_08.png,1
003/003_17.png,003/003_09.png,1
003/003_17.png,003/003_10.png,1
003/003_17.png,003/003_11.png,1
003/003_17.png,003/003_12.png,1
003/003_17.png,003/003_13.png,1
003/003_17.png,003/003_14.png,1
003/003_17.png,003/003_15.png,1
003/003_17.png,003/003_16.png,1
003/003_17.png,003/003_18.png,1
003/003_17.png,003/003_19.png,1
003/003_17.png,003/003_20.png,1
003/003_18.png,003/003_00.png,1
003/003_18.png,003/003_01.png,1
003/003_18.png,003/003_02.png,1
003/003_18.png,003/003_03.png,1
003/003_18.png,003/003_04.png,1
003/003_18.png,003/003_05.png,1
003/003_18.png,003/003_06.png,1
003/003_18.png,003/003_07.png,1
003/003_18.png,003/003_08.png,1
003/003_18.png,003/003_09.png,1
003/003_18.png,003/003_10.png,1
003/003_18.png,003/003_11.png,1
003/003_18.png,003/003_12.png,1
003/003_18.png,003/003_13.png,1
003/003_18.png,003/003_14.png,1
003/003_18.png,003/003_15.png,1
003/003_18.png,003/003_16.png,1
003/003_18.png,003/003_17.png,1
003/003_18.png,003/003_19.png,1
003/003_18.png,003/003_20.png,1
003/003_19.png,003/003_00.png,1
003/003_19.png,003/003_01.png,1
003/003_19.png,003/003_02.png,1
003/003_19.png,003/003_03.png,1
003/003_19.png,003/003_04.png,1
003/003_19.png,003/003_05.png,1
003/003_19.png,003/003_06.png,1
003/003_19.png,003/003_07.png,1
003/003_19.png,003/003_08.png,1
003/003_19.png,003/003_09.png,1
003/003_19.png,003/003_10.png,1
003/003_19.png,003/003_11.png,1
003/003_19.png,003/003_12.png,1
003/003_19.png,003/003_13.png,1
003/003_19.png,003/003_14.png,1
003/003_19.png,003/003_15.png,1
003/003_19.png,003/003_16.png,1
003/003_19.png,003/003_17.png,1
003/003_19.png,003/003_18.png,1
003/003_19.png,003/003_20.png,1
003/003_20.png,003/003_00.png,1
003/003_20.png,003/003_01.png,1
003/003_20.png,003/003_02.png,1
003/003_20.png,003/003_03.png,1
003/003_20.png,003/003_04.png,1
003/003_20.png,003/003_05.png,1
003/003_20.png,003/003_06.png,1
003/003_20.png,003/003_07.png,1
003/003_20.png,003/003_08.png,1
003/003_20.png,003/003_09.png,1
003/003_20.png,003/003_10.png,1
003/003_20.png,003/003_11.png,1
003/003_20.png,003/003_12.png,1
003/003_20.png,003/003_13.png,1
003/003_20.png,003/003_14.png,1
003/003_20.png,003/003_15.png,1
003/003_20.png,003/003_16.png,1
003/003_20.png,003/003_17.png,1
003/003_20.png,003/003_18.png,1
003/003_20.png,003/003_19.png,1
003/003_00.png,003_forge/003_00.png,0
003/003_00.png,003_forge/003_01.png,0
003/003_00.png,003_forge/003_02.png,0
003/003_00.png,003_forge/003_03.png,0
003/003_00.png,003_forge/003_04.png,0
003/003_00.png,003_forge/003_05.png,0
003/003_00.png,003_forge/003_06.png,0
003/003_00.png,003_forge/003_07.png,0
003/003_00.png,003_forge/003_08.png,0
003/003_00.png,003_forge/003_09.png,0
003/003_00.png,003_forge/003_10.png,0
003/003_00.png,003_forge/003_11.png,0
003/003_00.png,003_forge/003_12.png,0
003/003_00.png,003_forge/003_13.png,0
003/003_00.png,003_forge/003_14.png,0
003/003_00.png,003_forge/003_15.png,0
003/003_00.png,003_forge/003_16.png,0
003/003_00.png,003_forge/003_17.png,0
003/003_00.png,003_forge/003_18.png,0
003/003_00.png,003_forge/003_19.png,0
003/003_00.png,003_forge/003_20.png,0
003/003_01.png,003_forge/003_00.png,0
003/003_01.png,003_forge/003_01.png,0
003/003_01.png,003_forge/003_02.png,0
003/003_01.png,003_forge/003_03.png,0
003/003_01.png,003_forge/003_04.png,0
003/003_01.png,003_forge/003_05.png,0
003/003_01.png,003_forge/003_06.png,0
003/003_01.png,003_forge/003_07.png,0
003/003_01.png,003_forge/003_08.png,0
003/003_01.png,003_forge/003_09.png,0
003/003_01.png,003_forge/003_10.png,0
003/003_01.png,003_forge/003_11.png,0
003/003_01.png,003_forge/003_12.png,0
003/003_01.png,003_forge/003_13.png,0
003/003_01.png,003_forge/003_14.png,0
003/003_01.png,003_forge/003_15.png,0
003/003_01.png,003_forge/003_16.png,0
003/003_01.png,003_forge/003_17.png,0
003/003_01.png,003_forge/003_18.png,0
003/003_01.png,003_forge/003_19.png,0
003/003_01.png,003_forge/003_20.png,0
003/003_02.png,003_forge/003_00.png,0
003/003_02.png,003_forge/003_01.png,0
003/003_02.png,003_forge/003_02.png,0
003/003_02.png,003_forge/003_03.png,0
003/003_02.png,003_forge/003_04.png,0
003/003_02.png,003_forge/003_05.png,0
003/003_02.png,003_forge/003_06.png,0
003/003_02.png,003_forge/003_07.png,0
003/003_02.png,003_forge/003_08.png,0
003/003_02.png,003_forge/003_09.png,0
003/003_02.png,003_forge/003_10.png,0
003/003_02.png,003_forge/003_11.png,0
003/003_02.png,003_forge/003_12.png,0
003/003_02.png,003_forge/003_13.png,0
003/003_02.png,003_forge/003_14.png,0
003/003_02.png,003_forge/003_15.png,0
003/003_02.png,003_forge/003_16.png,0
003/003_02.png,003_forge/003_17.png,0
003/003_02.png,003_forge/003_18.png,0
003/003_02.png,003_forge/003_19.png,0
003/003_02.png,003_forge/003_20.png,0
003/003_03.png,003_forge/003_00.png,0
003/003_03.png,003_forge/003_01.png,0
003/003_03.png,003_forge/003_02.png,0
003/003_03.png,003_forge/003_03.png,0
003/003_03.png,003_forge/003_04.png,0
003/003_03.png,003_forge/003_05.png,0
003/003_03.png,003_forge/003_06.png,0
003/003_03.png,003_forge/003_07.png,0
003/003_03.png,003_forge/003_08.png,0
003/003_03.png,003_forge/003_09.png,0
003/003_03.png,003_forge/003_10.png,0
003/003_03.png,003_forge/003_11.png,0
003/003_03.png,003_forge/003_12.png,0
003/003_03.png,003_forge/003_13.png,0
003/003_03.png,003_forge/003_14.png,0
003/003_03.png,003_forge/003_15.png,0
003/003_03.png,003_forge/003_16.png,0
003/003_03.png,003_forge/003_17.png,0
003/003_03.png,003_forge/003_18.png,0
003/003_03.png,003_forge/003_19.png,0
003/003_03.png,003_forge/003_20.png,0
003/003_04.png,003_forge/003_00.png,0
003/003_04.png,003_forge/003_01.png,0
003/003_04.png,003_forge/003_02.png,0
003/003_04.png,003_forge/003_03.png,0
003/003_04.png,003_forge/003_04.png,0
003/003_04.png,003_forge/003_05.png,0
003/003_04.png,003_forge/003_06.png,0
003/003_04.png,003_forge/003_07.png,0
003/003_04.png,003_forge/003_08.png,0
003/003_04.png,003_forge/003_09.png,0
003/003_04.png,003_forge/003_10.png,0
003/003_04.png,003_forge/003_11.png,0
003/003_04.png,003_forge/003_12.png,0
003/003_04.png,003_forge/003_13.png,0
003/003_04.png,003_forge/003_14.png,0
003/003_04.png,003_forge/003_15.png,0
003/003_04.png,003_forge/003_16.png,0
003/003_04.png,003_forge/003_17.png,0
003/003_04.png,003_forge/003_18.png,0
003/003_04.png,003_forge/003_19.png,0
003/003_04.png,003_forge/003_20.png,0
003/003_05.png,003_forge/003_00.png,0
003/003_05.png,003_forge/003_01.png,0
003/003_05.png,003_forge/003_02.png,0
003/003_05.png,003_forge/003_03.png,0
003/003_05.png,003_forge/003_04.png,0
003/003_05.png,003_forge/003_05.png,0
003/003_05.png,003_forge/003_06.png,0
003/003_05.png,003_forge/003_07.png,0
003/003_05.png,003_forge/003_08.png,0
003/003_05.png,003_forge/003_09.png,0
003/003_05.png,003_forge/003_10.png,0
003/003_05.png,003_forge/003_11.png,0
003/003_05.png,003_forge/003_12.png,0
003/003_05.png,003_forge/003_13.png,0
003/003_05.png,003_forge/003_14.png,0
003/003_05.png,003_forge/003_15.png,0
003/003_05.png,003_forge/003_16.png,0
003/003_05.png,003_forge/003_17.png,0
003/003_05.png,003_forge/003_18.png,0
003/003_05.png,003_forge/003_19.png,0
003/003_05.png,003_forge/003_20.png,0
003/003_06.png,003_forge/003_00.png,0
003/003_06.png,003_forge/003_01.png,0
003/003_06.png,003_forge/003_02.png,0
003/003_06.png,003_forge/003_03.png,0
003/003_06.png,003_forge/003_04.png,0
003/003_06.png,003_forge/003_05.png,0
003/003_06.png,003_forge/003_06.png,0
003/003_06.png,003_forge/003_07.png,0
003/003_06.png,003_forge/003_08.png,0
003/003_06.png,003_forge/003_09.png,0
003/003_06.png,003_forge/003_10.png,0
003/003_06.png,003_forge/003_11.png,0
003/003_06.png,003_forge/003_12.png,0
003/003_06.png,003_forge/003_13.png,0
003/003_06.png,003_forge/003_14.png,0
003/003_06.png,003_forge/003_15.png,0
003/003_06.png,003_forge/003_16.png,0
003/003_06.png,003_forge/003_17.png,0
003/003_06.png,003_forge/003_18.png,0
003/003_06.png,003_forge/003_19.png,0
003/003_06.png,003_forge/003_20.png,0
003/003_07.png,003_forge/003_00.png,0
003/003_07.png,003_forge/003_01.png,0
003/003_07.png,003_forge/003_02.png,0
003/003_07.png,003_forge/003_03.png,0
003/003_07.png,003_forge/003_04.png,0
003/003_07.png,003_forge/003_05.png,0
003/003_07.png,003_forge/003_06.png,0
003/003_07.png,003_forge/003_07.png,0
003/003_07.png,003_forge/003_08.png,0
003/003_07.png,003_forge/003_09.png,0
003/003_07.png,003_forge/003_10.png,0
003/003_07.png,003_forge/003_11.png,0
003/003_07.png,003_forge/003_12.png,0
003/003_07.png,003_forge/003_13.png,0
003/003_07.png,003_forge/003_14.png,0
003/003_07.png,003_forge/003_15.png,0
003/003_07.png,003_forge/003_16.png,0
003/003_07.png,003_forge/003_17.png,0
003/003_07.png,003_forge/003_18.png,0
003/003_07.png,003_forge/003_19.png,0
003/003_07.png,003_forge/003_20.png,0
003/003_08.png,003_forge/003_00.png,0
003/003_08.png,003_forge/003_01.png,0
003/003_08.png,003_forge/003_02.png,0
003/003_08.png,003_forge/003_03.png,0
003/003_08.png,003_forge/003_04.png,0
003/003_08.png,003_forge/003_05.png,0
003/003_08.png,003_forge/003_06.png,0
003/003_08.png,003_forge/003_07.png,0
003/003_08.png,003_forge/003_08.png,0
003/003_08.png,003_forge/003_09.png,0
003/003_08.png,003_forge/003_10.png,0
003/003_08.png,003_forge/003_11.png,0
003/003_08.png,003_forge/003_12.png,0
003/003_08.png,003_forge/003_13.png,0
003/003_08.png,003_forge/003_14.png,0
003/003_08.png,003_forge/003_15.png,0
003/003_08.png,003_forge/003_16.png,0
003/003_08.png,003_forge/003_17.png,0
003/003_08.png,003_forge/003_18.png,0
003/003_08.png,003_forge/003_19.png,0
003/003_08.png,003_forge/003_20.png,0
003/003_09.png,003_forge/003_00.png,0
003/003_09.png,003_forge/003_01.png,0
003/003_09.png,003_forge/003_02.png,0
003/003_09.png,003_forge/003_03.png,0
003/003_09.png,003_forge/003_04.png,0
003/003_09.png,003_forge/003_05.png,0
003/003_09.png,003_forge/003_06.png,0
003/003_09.png,003_forge/003_07.png,0
003/003_09.png,003_forge/003_08.png,0
003/003_09.png,003_forge/003_09.png,0
003/003_09.png,003_forge/003_10.png,0
003/003_09.png,003_forge/003_11.png,0
003/003_09.png,003_forge/003_12.png,0
003/003_09.png,003_forge/003_13.png,0
003/003_09.png,003_forge/003_14.png,0
003/003_09.png,003_forge/003_15.png,0
003/003_09.png,003_forge/003_16.png,0
003/003_09.png,003_forge/003_17.png,0
003/003_09.png,003_forge/003_18.png,0
003/003_09.png,003_forge/003_19.png,0
003/003_09.png,003_forge/003_20.png,0
003/003_10.png,003_forge/003_00.png,0
003/003_10.png,003_forge/003_01.png,0
003/003_10.png,003_forge/003_02.png,0
003/003_10.png,003_forge/003_03.png,0
003/003_10.png,003_forge/003_04.png,0
003/003_10.png,003_forge/003_05.png,0
003/003_10.png,003_forge/003_06.png,0
003/003_10.png,003_forge/003_07.png,0
003/003_10.png,003_forge/003_08.png,0
003/003_10.png,003_forge/003_09.png,0
003/003_10.png,003_forge/003_10.png,0
003/003_10.png,003_forge/003_11.png,0
003/003_10.png,003_forge/003_12.png,0
003/003_10.png,003_forge/003_13.png,0
003/003_10.png,003_forge/003_14.png,0
003/003_10.png,003_forge/003_15.png,0
003/003_10.png,003_forge/003_16.png,0
003/003_10.png,003_forge/003_17.png,0
003/003_10.png,003_forge/003_18.png,0
003/003_10.png,003_forge/003_19.png,0
003/003_10.png,003_forge/003_20.png,0
003/003_11.png,003_forge/003_00.png,0
003/003_11.png,003_forge/003_01.png,0
003/003_11.png,003_forge/003_02.png,0
003/003_11.png,003_forge/003_03.png,0
003/003_11.png,003_forge/003_04.png,0
003/003_11.png,003_forge/003_05.png,0
003/003_11.png,003_forge/003_06.png,0
003/003_11.png,003_forge/003_07.png,0
003/003_11.png,003_forge/003_08.png,0
003/003_11.png,003_forge/003_09.png,0
003/003_11.png,003_forge/003_10.png,0
003/003_11.png,003_forge/003_11.png,0
003/003_11.png,003_forge/003_12.png,0
003/003_11.png,003_forge/003_13.png,0
003/003_11.png,003_forge/003_14.png,0
003/003_11.png,003_forge/003_15.png,0
003/003_11.png,003_forge/003_16.png,0
003/003_11.png,003_forge/003_17.png,0
003/003_11.png,003_forge/003_18.png,0
003/003_11.png,003_forge/003_19.png,0
003/003_11.png,003_forge/003_20.png,0
003/003_12.png,003_forge/003_00.png,0
003/003_12.png,003_forge/003_01.png,0
003/003_12.png,003_forge/003_02.png,0
003/003_12.png,003_forge/003_03.png,0
003/003_12.png,003_forge/003_04.png,0
003/003_12.png,003_forge/003_05.png,0
003/003_12.png,003_forge/003_06.png,0
003/003_12.png,003_forge/003_07.png,0
003/003_12.png,003_forge/003_08.png,0
003/003_12.png,003_forge/003_09.png,0
003/003_12.png,003_forge/003_10.png,0
003/003_12.png,003_forge/003_11.png,0
003/003_12.png,003_forge/003_12.png,0
003/003_12.png,003_forge/003_13.png,0
003/003_12.png,003_forge/003_14.png,0
003/003_12.png,003_forge/003_15.png,0
003/003_12.png,003_forge/003_16.png,0
003/003_12.png,003_forge/003_17.png,0
003/003_12.png,003_forge/003_18.png,0
003/003_12.png,003_forge/003_19.png,0
003/003_12.png,003_forge/003_20.png,0
003/003_13.png,003_forge/003_00.png,0
003/003_13.png,003_forge/003_01.png,0
003/003_13.png,003_forge/003_02.png,0
003/003_13.png,003_forge/003_03.png,0
003/003_13.png,003_forge/003_04.png,0
003/003_13.png,003_forge/003_05.png,0
003/003_13.png,003_forge/003_06.png,0
003/003_13.png,003_forge/003_07.png,0
003/003_13.png,003_forge/003_08.png,0
003/003_13.png,003_forge/003_09.png,0
003/003_13.png,003_forge/003_10.png,0
003/003_13.png,003_forge/003_11.png,0
003/003_13.png,003_forge/003_12.png,0
003/003_13.png,003_forge/003_13.png,0
003/003_13.png,003_forge/003_14.png,0
003/003_13.png,003_forge/003_15.png,0
003/003_13.png,003_forge/003_16.png,0
003/003_13.png,003_forge/003_17.png,0
003/003_13.png,003_forge/003_18.png,0
003/003_13.png,003_forge/003_19.png,0
003/003_13.png,003_forge/003_20.png,0
003/003_14.png,003_forge/003_00.png,0
003/003_14.png,003_forge/003_01.png,0
003/003_14.png,003_forge/003_02.png,0
003/003_14.png,003_forge/003_03.png,0
003/003_14.png,003_forge/003_04.png,0
003/003_14.png,003_forge/003_05.png,0
003/003_14.png,003_forge/003_06.png,0
003/003_14.png,003_forge/003_07.png,0
003/003_14.png,003_forge/003_08.png,0
003/003_14.png,003_forge/003_09.png,0
003/003_14.png,003_forge/003_10.png,0
003/003_14.png,003_forge/003_11.png,0
003/003_14.png,003_forge/003_12.png,0
003/003_14.png,003_forge/003_13.png,0
003/003_14.png,003_forge/003_14.png,0
003/003_14.png,003_forge/003_15.png,0
003/003_14.png,003_forge/003_16.png,0
003/003_14.png,003_forge/003_17.png,0
003/003_14.png,003_forge/003_18.png,0
003/003_14.png,003_forge/003_19.png,0
003/003_14.png,003_forge/003_20.png,0
003/003_15.png,003_forge/003_00.png,0
003/003_15.png,003_forge/003_01.png,0
003/003_15.png,003_forge/003_02.png,0
003/003_15.png,003_forge/003_03.png,0
003/003_15.png,003_forge/003_04.png,0
003/003_15.png,003_forge/003_05.png,0
003/003_15.png,003_forge/003_06.png,0
003/003_15.png,003_forge/003_07.png,0
003/003_15.png,003_forge/003_08.png,0
003/003_15.png,003_forge/003_09.png,0
003/003_15.png,003_forge/003_10.png,0
003/003_15.png,003_forge/003_11.png,0
003/003_15.png,003_forge/003_12.png,0
003/003_15.png,003_forge/003_13.png,0
003/003_15.png,003_forge/003_14.png,0
003/003_15.png,003_forge/003_15.png,0
003/003_15.png,003_forge/003_16.png,0
003/003_15.png,003_forge/003_17.png,0
003/003_15.png,003_forge/003_18.png,0
003/003_15.png,003_forge/003_19.png,0
003/003_15.png,003_forge/003_20.png,0
003/003_16.png,003_forge/003_00.png,0
003/003_16.png,003_forge/003_01.png,0
003/003_16.png,003_forge/003_02.png,0
003/003_16.png,003_forge/003_03.png,0
003/003_16.png,003_forge/003_04.png,0
003/003_16.png,003_forge/003_05.png,0
003/003_16.png,003_forge/003_06.png,0
003/003_16.png,003_forge/003_07.png,0
003/003_16.png,003_forge/003_08.png,0
003/003_16.png,003_forge/003_09.png,0
003/003_16.png,003_forge/003_10.png,0
003/003_16.png,003_forge/003_11.png,0
003/003_16.png,003_forge/003_12.png,0
003/003_16.png,003_forge/003_13.png,0
003/003_16.png,003_forge/003_14.png,0
003/003_16.png,003_forge/003_15.png,0
003/003_16.png,003_forge/003_16.png,0
003/003_16.png,003_forge/003_17.png,0
003/003_16.png,003_forge/003_18.png,0
003/003_16.png,003_forge/003_19.png,0
003/003_16.png,003_forge/003_20.png,0
003/003_17.png,003_forge/003_00.png,0
003/003_17.png,003_forge/003_01.png,0
003/003_17.png,003_forge/003_02.png,0
003/003_17.png,003_forge/003_03.png,0
003/003_17.png,003_forge/003_04.png,0
003/003_17.png,003_forge/003_05.png,0
003/003_17.png,003_forge/003_06.png,0
003/003_17.png,003_forge/003_07.png,0
003/003_17.png,003_forge/003_08.png,0
003/003_17.png,003_forge/003_09.png,0
003/003_17.png,003_forge/003_10.png,0
003/003_17.png,003_forge/003_11.png,0
003/003_17.png,003_forge/003_12.png,0
003/003_17.png,003_forge/003_13.png,0
003/003_17.png,003_forge/003_14.png,0
003/003_17.png,003_forge/003_15.png,0
003/003_17.png,003_forge/003_16.png,0
003/003_17.png,003_forge/003_17.png,0
003/003_17.png,003_forge/003_18.png,0
003/003_17.png,003_forge/003_19.png,0
003/003_17.png,003_forge/003_20.png,0
003/003_18.png,003_forge/003_00.png,0
003/003_18.png,003_forge/003_01.png,0
003/003_18.png,003_forge/003_02.png,0
003/003_18.png,003_forge/003_03.png,0
003/003_18.png,003_forge/003_04.png,0
003/003_18.png,003_forge/003_05.png,0
003/003_18.png,003_forge/003_06.png,0
003/003_18.png,003_forge/003_07.png,0
003/003_18.png,003_forge/003_08.png,0
003/003_18.png,003_forge/003_09.png,0
003/003_18.png,003_forge/003_10.png,0
003/003_18.png,003_forge/003_11.png,0
003/003_18.png,003_forge/003_12.png,0
003/003_18.png,003_forge/003_13.png,0
003/003_18.png,003_forge/003_14.png,0
003/003_18.png,003_forge/003_15.png,0
003/003_18.png,003_forge/003_16.png,0
003/003_18.png,003_forge/003_17.png,0
003/003_18.png,003_forge/003_18.png,0
003/003_18.png,003_forge/003_19.png,0
003/003_18.png,003_forge/003_20.png,0
003/003_19.png,003_forge/003_00.png,0
003/003_19.png,003_forge/003_01.png,0
003/003_19.png,003_forge/003_02.png,0
003/003_19.png,003_forge/003_03.png,0
003/003_19.png,003_forge/003_04.png,0
003/003_19.png,003_forge/003_05.png,0
003/003_19.png,003_forge/003_06.png,0
003/003_19.png,003_forge/003_07.png,0
003/003_19.png,003_forge/003_08.png,0
003/003_19.png,003_forge/003_09.png,0
003/003_19.png,003_forge/003_10.png,0
003/003_19.png,003_forge/003_11.png,0
003/003_19.png,003_forge/003_12.png,0
003/003_19.png,003_forge/003_13.png,0
003/003_19.png,003_forge/003_14.png,0
003/003_19.png,003_forge/003_15.png,0
003/003_19.png,003_forge/003_16.png,0
003/003_19.png,003_forge/003_17.png,0
003/003_19.png,003_forge/003_18.png,0
003/003_19.png,003_forge/003_19.png,0
003/003_19.png,003_forge/003_20.png,0
003/003_20.png,003_forge/003_00.png,0
003/003_20.png,003_forge/003_01.png,0
003/003_20.png,003_forge/003_02.png,0
003/003_20.png,003_forge/003_03.png,0
003/003_20.png,003_forge/003_04.png,0
003/003_20.png,003_forge/003_05.png,0
003/003_20.png,003_forge/003_06.png,0
003/003_20.png,003_forge/003_07.png,0
003/003_20.png,003_forge/003_08.png,0
003/003_20.png,003_forge/003_09.png,0
003/003_20.png,003_forge/003_10.png,0
003/003_20.png,003_forge/003_11.png,0
003/003_20.png,003_forge/003_12.png,0
003/003_20.png,003_forge/003_13.png,0
003/003_20.png,003_forge/003_14.png,0
003/003_20.png,003_forge/003_15.png,0
003/003_20.png,003_forge/003_16.png,0
003/003_20.png,003_forge/003_17.png,0
003/003_20.png,003_forge/003_18.png,0
003/003_20.png,003_forge/003_19.png,0
003/003_20.png,003_forge/003_20.png,0
003/003_00.png,003/003_01.png,1
003/003_00.png,003/003_02.png,1
003/003_00.png,003/003_03.png,1
003/003_00.png,003/003_04.png,1
003/003_00.png,003/003_05.png,1
003/003_00.png,003/003_06.png,1
003/003_00.png,003/003_07.png,1
003/003_00.png,003/003_08.png,1
003/003_00.png,003/003_09.png,1
003/003_00.png,003/003_10.png,1
003/003_00.png,003/003_11.png,1
003/003_00.png,003/003_12.png,1
003/003_00.png,003/003_13.png,1
003/003_00.png,003/003_14.png,1
003/003_00.png,003/003_15.png,1
003/003_00.png,003/003_16.png,1
003/003_00.png,003/003_17.png,1
003/003_00.png,003/003_18.png,1
003/003_00.png,003/003_19.png,1
003/003_00.png,003/003_20.png,1
003/003_01.png,003/003_00.png,1
003/003_01.png,003/003_02.png,1
003/003_01.png,003/003_03.png,1
003/003_01.png,003/003_04.png,1
003/003_01.png,003/003_05.png,1
003/003_01.png,003/003_06.png,1
003/003_01.png,003/003_07.png,1
003/003_01.png,003/003_08.png,1
003/003_01.png,003/003_09.png,1
003/003_01.png,003/003_10.png,1
003/003_01.png,003/003_11.png,1
003/003_01.png,003/003_12.png,1
003/003_01.png,003/003_13.png,1
003/003_01.png,003/003_14.png,1
003/003_01.png,003/003_15.png,1
003/003_01.png,003/003_16.png,1
003/003_01.png,003/003_17.png,1
003/003_01.png,003/003_18.png,1
003/003_01.png,003/003_19.png,1
003/003_01.png,003/003_20.png,1
003/003_02.png,003/003_00.png,1
003/003_02.png,003/003_01.png,1
003/003_02.png,003/003_03.png,1
003/003_02.png,003/003_04.png,1
003/003_02.png,003/003_05.png,1
003/003_02.png,003/003_06.png,1
003/003_02.png,003/003_07.png,1
003/003_02.png,003/003_08.png,1
003/003_02.png,003/003_09.png,1
003/003_02.png,003/003_10.png,1
003/003_02.png,003/003_11.png,1
003/003_02.png,003/003_12.png,1
003/003_02.png,003/003_13.png,1
003/003_02.png,003/003_14.png,1
003/003_02.png,003/003_15.png,1
003/003_02.png,003/003_16.png,1
003/003_02.png,003/003_17.png,1
003/003_02.png,003/003_18.png,1
003/003_02.png,003/003_19.png,1
003/003_02.png,003/003_20.png,1
003/003_03.png,003/003_00.png,1
003/003_03.png,003/003_01.png,1
003/003_03.png,003/003_02.png,1
003/003_03.png,003/003_04.png,1
003/003_03.png,003/003_05.png,1
003/003_03.png,003/003_06.png,1
003/003_03.png,003/003_07.png,1
003/003_03.png,003/003_08.png,1
003/003_03.png,003/003_09.png,1
003/003_03.png,003/003_10.png,1
003/003_03.png,003/003_11.png,1
003/003_03.png,003/003_12.png,1
003/003_03.png,003/003_13.png,1
003/003_03.png,003/003_14.png,1
003/003_03.png,003/003_15.png,1
003/003_03.png,003/003_16.png,1
003/003_03.png,003/003_17.png,1
003/003_03.png,003/003_18.png,1
003/003_03.png,003/003_19.png,1
003/003_03.png,003/003_20.png,1
003/003_04.png,003/003_00.png,1
003/003_04.png,003/003_01.png,1
003/003_04.png,003/003_02.png,1
003/003_04.png,003/003_03.png,1
003/003_04.png,003/003_05.png,1
003/003_04.png,003/003_06.png,1
003/003_04.png,003/003_07.png,1
003/003_04.png,003/003_08.png,1
003/003_04.png,003/003_09.png,1
003/003_04.png,003/003_10.png,1
003/003_04.png,003/003_11.png,1
003/003_04.png,003/003_12.png,1
003/003_04.png,003/003_13.png,1
003/003_04.png,003/003_14.png,1
003/003_04.png,003/003_15.png,1
003/003_04.png,003/003_16.png,1
003/003_04.png,003/003_17.png,1
003/003_04.png,003/003_18.png,1
003/003_04.png,003/003_19.png,1
003/003_04.png,003/003_20.png,1
003/003_05.png,003/003_00.png,1
003/003_05.png,003/003_01.png,1
003/003_05.png,003/003_02.png,1
003/003_05.png,003/003_03.png,1
003/003_05.png,003/003_04.png,1
003/003_05.png,003/003_06.png,1
003/003_05.png,003/003_07.png,1
003/003_05.png,003/003_08.png,1
003/003_05.png,003/003_09.png,1
003/003_05.png,003/003_10.png,1
003/003_05.png,003/003_11.png,1
003/003_05.png,003/003_12.png,1
003/003_05.png,003/003_13.png,1
003/003_05.png,003/003_14.png,1
003/003_05.png,003/003_15.png,1
003/003_05.png,003/003_16.png,1
003/003_05.png,003/003_17.png,1
003/003_05.png,003/003_18.png,1
003/003_05.png,003/003_19.png,1
003/003_05.png,003/003_20.png,1
003/003_06.png,003/003_00.png,1
003/003_06.png,003/003_01.png,1
003/003_06.png,003/003_02.png,1
003/003_06.png,003/003_03.png,1
003/003_06.png,003/003_04.png,1
003/003_06.png,003/003_05.png,1
003/003_06.png,003/003_07.png,1
003/003_06.png,003/003_08.png,1
003/003_06.png,003/003_09.png,1
003/003_06.png,003/003_10.png,1
003/003_06.png,003/003_11.png,1
003/003_06.png,003/003_12.png,1
003/003_06.png,003/003_13.png,1
003/003_06.png,003/003_14.png,1
003/003_06.png,003/003_15.png,1
003/003_06.png,003/003_16.png,1
003/003_06.png,003/003_17.png,1
003/003_06.png,003/003_18.png,1
003/003_06.png,003/003_19.png,1
003/003_06.png,003/003_20.png,1
003/003_07.png,003/003_00.png,1
003/003_07.png,003/003_01.png,1
003/003_07.png,003/003_02.png,1
003/003_07.png,003/003_03.png,1
003/003_07.png,003/003_04.png,1
003/003_07.png,003/003_05.png,1
003/003_07.png,003/003_06.png,1
003/003_07.png,003/003_08.png,1
003/003_07.png,003/003_09.png,1
003/003_07.png,003/003_10.png,1
003/003_07.png,003/003_11.png,1
003/003_07.png,003/003_12.png,1
003/003_07.png,003/003_13.png,1
003/003_07.png,003/003_14.png,1
003/003_07.png,003/003_15.png,1
003/003_07.png,003/003_16.png,1
003/003_07.png,003/003_17.png,1
003/003_07.png,003/003_18.png,1
003/003_07.png,003/003_19.png,1
003/003_07.png,003/003_20.png,1
003/003_08.png,003/003_00.png,1
003/003_08.png,003/003_01.png,1
003/003_08.png,003/003_02.png,1
003/003_08.png,003/003_03.png,1
003/003_08.png,003/003_04.png,1
003/003_08.png,003/003_05.png,1
003/003_08.png,003/003_06.png,1
003/003_08.png,003/003_07.png,1
003/003_08.png,003/003_09.png,1
003/003_08.png,003/003_10.png,1
003/003_08.png,003/003_11.png,1
003/003_08.png,003/003_12.png,1
003/003_08.png,003/003_13.png,1
003/003_08.png,003/003_14.png,1
003/003_08.png,003/003_15.png,1
003/003_08.png,003/003_16.png,1
003/003_08.png,003/003_17.png,1
003/003_08.png,003/003_18.png,1
003/003_08.png,003/003_19.png,1
003/003_08.png,003/003_20.png,1
003/003_09.png,003/003_00.png,1
003/003_09.png,003/003_01.png,1
003/003_09.png,003/003_02.png,1
003/003_09.png,003/003_03.png,1
003/003_09.png,003/003_04.png,1
003/003_09.png,003/003_05.png,1
003/003_09.png,003/003_06.png,1
003/003_09.png,003/003_07.png,1
003/003_09.png,003/003_08.png,1
003/003_09.png,003/003_10.png,1
003/003_09.png,003/003_11.png,1
003/003_09.png,003/003_12.png,1
003/003_09.png,003/003_13.png,1
003/003_09.png,003/003_14.png,1
003/003_09.png,003/003_15.png,1
003/003_09.png,003/003_16.png,1
003/003_09.png,003/003_17.png,1
003/003_09.png,003/003_18.png,1
003/003_09.png,003/003_19.png,1
003/003_09.png,003/003_20.png,1
003/003_10.png,003/003_00.png,1
003/003_10.png,003/003_01.png,1
003/003_10.png,003/003_02.png,1
003/003_10.png,003/003_03.png,1
003/003_10.png,003/003_04.png,1
003/003_10.png,003/003_05.png,1
003/003_10.png,003/003_06.png,1
003/003_10.png,003/003_07.png,1
003/003_10.png,003/003_08.png,1
003/003_10.png,003/003_09.png,1
003/003_10.png,003/003_11.png,1
003/003_10.png,003/003_12.png,1
003/003_10.png,003/003_13.png,1
003/003_10.png,003/003_14.png,1
003/003_10.png,003/003_15.png,1
003/003_10.png,003/003_16.png,1
003/003_10.png,003/003_17.png,1
003/003_10.png,003/003_18.png,1
003/003_10.png,003/003_19.png,1
003/003_10.png,003/003_20.png,1
003/003_11.png,003/003_00.png,1
003/003_11.png,003/003_01.png,1
003/003_11.png,003/003_02.png,1
003/003_11.png,003/003_03.png,1
003/003_11.png,003/003_04.png,1
003/003_11.png,003/003_05.png,1
003/003_11.png,003/003_06.png,1
003/003_11.png,003/003_07.png,1
003/003_11.png,003/003_08.png,1
003/003_11.png,003/003_09.png,1
003/003_11.png,003/003_10.png,1
003/003_11.png,003/003_12.png,1
003/003_11.png,003/003_13.png,1
003/003_11.png,003/003_14.png,1
003/003_11.png,003/003_15.png,1
003/003_11.png,003/003_16.png,1
003/003_11.png,003/003_17.png,1
003/003_11.png,003/003_18.png,1
003/003_11.png,003/003_19.png,1
003/003_11.png,003/003_20.png,1
003/003_12.png,003/003_00.png,1
003/003_12.png,003/003_01.png,1
003/003_12.png,003/003_02.png,1
003/003_12.png,003/003_03.png,1
003/003_12.png,003/003_04.png,1
003/003_12.png,003/003_05.png,1
003/003_12.png,003/003_06.png,1
003/003_12.png,003/003_07.png,1
003/003_12.png,003/003_08.png,1
003/003_12.png,003/003_09.png,1
003/003_12.png,003/003_10.png,1
003/003_12.png,003/003_11.png,1
003/003_12.png,003/003_13.png,1
003/003_12.png,003/003_14.png,1
003/003_12.png,003/003_15.png,1
003/003_12.png,003/003_16.png,1
003/003_12.png,003/003_17.png,1
003/003_12.png,003/003_18.png,1
003/003_12.png,003/003_19.png,1
003/003_12.png,003/003_20.png,1
003/003_13.png,003/003_00.png,1
003/003_13.png,003/003_01.png,1
003/003_13.png,003/003_02.png,1
003/003_13.png,003/003_03.png,1
003/003_13.png,003/003_04.png,1
003/003_13.png,003/003_05.png,1
003/003_13.png,003/003_06.png,1
003/003_13.png,003/003_07.png,1
003/003_13.png,003/003_08.png,1
003/003_13.png,003/003_09.png,1
003/003_13.png,003/003_10.png,1
003/003_13.png,003/003_11.png,1
003/003_13.png,003/003_12.png,1
003/003_13.png,003/003_14.png,1
003/003_13.png,003/003_15.png,1
003/003_13.png,003/003_16.png,1
003/003_13.png,003/003_17.png,1
003/003_13.png,003/003_18.png,1
003/003_13.png,003/003_19.png,1
003/003_13.png,003/003_20.png,1
003/003_14.png,003/003_00.png,1
003/003_14.png,003/003_01.png,1
003/003_14.png,003/003_02.png,1
003/003_14.png,003/003_03.png,1
003/003_14.png,003/003_04.png,1
003/003_14.png,003/003_05.png,1
003/003_14.png,003/003_06.png,1
003/003_14.png,003/003_07.png,1
003/003_14.png,003/003_08.png,1
003/003_14.png,003/003_09.png,1
003/003_14.png,003/003_10.png,1
003/003_14.png,003/003_11.png,1
003/003_14.png,003/003_12.png,1
003/003_14.png,003/003_13.png,1
003/003_14.png,003/003_15.png,1
003/003_14.png,003/003_16.png,1
003/003_14.png,003/003_17.png,1
003/003_14.png,003/003_18.png,1
003/003_14.png,003/003_19.png,1
003/003_14.png,003/003_20.png,1
003/003_15.png,003/003_00.png,1
003/003_15.png,003/003_01.png,1
003/003_15.png,003/003_02.png,1
003/003_15.png,003/003_03.png,1
003/003_15.png,003/003_04.png,1
003/003_15.png,003/003_05.png,1
003/003_15.png,003/003_06.png,1
003/003_15.png,003/003_07.png,1
003/003_15.png,003/003_08.png,1
003/003_15.png,003/003_09.png,1
003/003_15.png,003/003_10.png,1
003/003_15.png,003/003_11.png,1
003/003_15.png,003/003_12.png,1
003/003_15.png,003/003_13.png,1
003/003_15.png,003/003_14.png,1
003/003_15.png,003/003_16.png,1
003/003_15.png,003/003_17.png,1
003/003_15.png,003/003_18.png,1
003/003_15.png,003/003_19.png,1
003/003_15.png,003/003_20.png,1
003/003_16.png,003/003_00.png,1
003/003_16.png,003/003_01.png,1
003/003_16.png,003/003_02.png,1
003/003_16.png,003/003_03.png,1
003/003_16.png,003/003_04.png,1
003/003_16.png,003/003_05.png,1
003/003_16.png,003/003_06.png,1
003/003_16.png,003/003_07.png,1
003/003_16.png,003/003_08.png,1
003/003_16.png,003/003_09.png,1
003/003_16.png,003/003_10.png,1
003/003_16.png,003/003_11.png,1
003/003_16.png,003/003_12.png,1
003/003_16.png,003/003_13.png,1
003/003_16.png,003/003_14.png,1
003/003_16.png,003/003_15.png,1
003/003_16.png,003/003_17.png,1
003/003_16.png,003/003_18.png,1
003/003_16.png,003/003_19.png,1
003/003_16.png,003/003_20.png,1
003/003_17.png,003/003_00.png,1
003/003_17.png,003/003_01.png,1
003/003_17.png,003/003_02.png,1
003/003_17.png,003/003_03.png,1
003/003_17.png,003/003_04.png,1
003/003_17.png,003/003_05.png,1
003/003_17.png,003/003_06.png,1
003/003_17.png,003/003_07.png,1
003/003_17.png,003/003_08.png,1
003/003_17.png,003/003_09.png,1
003/003_17.png,003/003_10.png,1
003/003_17.png,003/003_11.png,1
003/003_17.png,003/003_12.png,1
003/003_17.png,003/003_13.png,1
003/003_17.png,003/003_14.png,1
003/003_17.png,003/003_15.png,1
003/003_17.png,003/003_16.png,1
003/003_17.png,003/003_18.png,1
003/003_17.png,003/003_19.png,1
003/003_17.png,003/003_20.png,1
003/003_18.png,003/003_00.png,1
003/003_18.png,003/003_01.png,1
003/003_18.png,003/003_02.png,1
003/003_18.png,003/003_03.png,1
003/003_18.png,003/003_04.png,1
003/003_18.png,003/003_05.png,1
003/003_18.png,003/003_06.png,1
003/003_18.png,003/003_07.png,1
003/003_18.png,003/003_08.png,1
003/003_18.png,003/003_09.png,1
003/003_18.png,003/003_10.png,1
003/003_18.png,003/003_11.png,1
003/003_18.png,003/003_12.png,1
003/003_18.png,003/003_13.png,1
003/003_18.png,003/003_14.png,1
003/003_18.png,003/003_15.png,1
003/003_18.png,003/003_16.png,1
003/003_18.png,003/003_17.png,1
003/003_18.png,003/003_19.png,1
003/003_18.png,003/003_20.png,1
003/003_19.png,003/003_00.png,1
003/003_19.png,003/003_01.png,1
003/003_19.png,003/003_02.png,1
003/003_19.png,003/003_03.png,1
003/003_19.png,003/003_04.png,1
003/003_19.png,003/003_05.png,1
003/003_19.png,003/003_06.png,1
003/003_19.png,003/003_07.png,1
003/003_19.png,003/003_08.png,1
003/003_19.png,003/003_09.png,1
003/003_19.png,003/003_10.png,1
003/003_19.png,003/003_11.png,1
003/003_19.png,003/003_12.png,1
003/003_19.png,003/003_13.png,1
003/003_19.png,003/003_14.png,1
003/003_19.png,003/003_15.png,1
003/003_19.png,003/003_16.png,1
003/003_19.png,003/003_17.png,1
003/003_19.png,003/003_18.png,1
003/003_19.png,003/003_20.png,1
003/003_20.png,003/003_00.png,1
003/003_20.png,003/003_01.png,1
003/003_20.png,003/003_02.png,1
003/003_20.png,003/003_03.png,1
003/003_20.png,003/003_04.png,1
003/003_20.png,003/003_05.png,1
003/003_20.png,003/003_06.png,1
003/003_20.png,003/003_07.png,1
003/003_20.png,003/003_08.png,1
003/003_20.png,003/003_09.png,1
003/003_20.png,003/003_10.png,1
003/003_20.png,003/003_11.png,1
003/003_20.png,003/003_12.png,1
003/003_20.png,003/003_13.png,1
003/003_20.png,003/003_14.png,1
003/003_20.png,003/003_15.png,1
003/003_20.png,003/003_16.png,1
003/003_20.png,003/003_17.png,1
003/003_20.png,003/003_18.png,1
003/003_20.png,003/003_19.png,1
003/003_00.png,003_forge/003_00.png,0
003/003_00.png,003_forge/003_01.png,0
003/003_00.png,003_forge/003_02.png,0
003/003_00.png,003_forge/003_03.png,0
003/003_00.png,003_forge/003_04.png,0
003/003_00.png,003_forge/003_05.png,0
003/003_00.png,003_forge/003_06.png,0
003/003_00.png,003_forge/003_07.png,0
003/003_00.png,003_forge/003_08.png,0
003/003_00.png,003_forge/003_09.png,0
003/003_00.png,003_forge/003_10.png,0
003/003_00.png,003_forge/003_11.png,0
003/003_00.png,003_forge/003_12.png,0
003/003_00.png,003_forge/003_13.png,0
003/003_00.png,003_forge/003_14.png,0
003/003_00.png,003_forge/003_15.png,0
003/003_00.png,003_forge/003_16.png,0
003/003_00.png,003_forge/003_17.png,0
003/003_00.png,003_forge/003_18.png,0
003/003_00.png,003_forge/003_19.png,0
003/003_00.png,003_forge/003_20.png,0
003/003_01.png,003_forge/003_00.png,0
003/003_01.png,003_forge/003_01.png,0
003/003_01.png,003_forge/003_02.png,0
003/003_01.png,003_forge/003_03.png,0
003/003_01.png,003_forge/003_04.png,0
003/003_01.png,003_forge/003_05.png,0
003/003_01.png,003_forge/003_06.png,0
003/003_01.png,003_forge/003_07.png,0
003/003_01.png,003_forge/003_08.png,0
003/003_01.png,003_forge/003_09.png,0
003/003_01.png,003_forge/003_10.png,0
003/003_01.png,003_forge/003_11.png,0
003/003_01.png,003_forge/003_12.png,0
003/003_01.png,003_forge/003_13.png,0
003/003_01.png,003_forge/003_14.png,0
003/003_01.png,003_forge/003_15.png,0
003/003_01.png,003_forge/003_16.png,0
003/003_01.png,003_forge/003_17.png,0
003/003_01.png,003_forge/003_18.png,0
003/003_01.png,003_forge/003_19.png,0
003/003_01.png,003_forge/003_20.png,0
003/003_02.png,003_forge/003_00.png,0
003/003_02.png,003_forge/003_01.png,0
003/003_02.png,003_forge/003_02.png,0
003/003_02.png,003_forge/003_03.png,0
003/003_02.png,003_forge/003_04.png,0
003/003_02.png,003_forge/003_05.png,0
003/003_02.png,003_forge/003_06.png,0
003/003_02.png,003_forge/003_07.png,0
003/003_02.png,003_forge/003_08.png,0
003/003_02.png,003_forge/003_09.png,0
003/003_02.png,003_forge/003_10.png,0
003/003_02.png,003_forge/003_11.png,0
003/003_02.png,003_forge/003_12.png,0
003/003_02.png,003_forge/003_13.png,0
003/003_02.png,003_forge/003_14.png,0
003/003_02.png,003_forge/003_15.png,0
003/003_02.png,003_forge/003_16.png,0
003/003_02.png,003_forge/003_17.png,0
003/003_02.png,003_forge/003_18.png,0
003/003_02.png,003_forge/003_19.png,0
003/003_02.png,003_forge/003_20.png,0
003/003_03.png,003_forge/003_00.png,0
003/003_03.png,003_forge/003_01.png,0
003/003_03.png,003_forge/003_02.png,0
003/003_03.png,003_forge/003_03.png,0
003/003_03.png,003_forge/003_04.png,0
003/003_03.png,003_forge/003_05.png,0
003/003_03.png,003_forge/003_06.png,0
003/003_03.png,003_forge/003_07.png,0
003/003_03.png,003_forge/003_08.png,0
003/003_03.png,003_forge/003_09.png,0
003/003_03.png,003_forge/003_10.png,0
003/003_03.png,003_forge/003_11.png,0
003/003_03.png,003_forge/003_12.png,0
003/003_03.png,003_forge/003_13.png,0
003/003_03.png,003_forge/003_14.png,0
003/003_03.png,003_forge/003_15.png,0
003/003_03.png,003_forge/003_16.png,0
003/003_03.png,003_forge/003_17.png,0
003/003_03.png,003_forge/003_18.png,0
003/003_03.png,003_forge/003_19.png,0
003/003_03.png,003_forge/003_20.png,0
003/003_04.png,003_forge/003_00.png,0
003/003_04.png,003_forge/003_01.png,0
003/003_04.png,003_forge/003_02.png,0
003/003_04.png,003_forge/003_03.png,0
003/003_04.png,003_forge/003_04.png,0
003/003_04.png,003_forge/003_05.png,0
003/003_04.png,003_forge/003_06.png,0
003/003_04.png,003_forge/003_07.png,0
003/003_04.png,003_forge/003_08.png,0
003/003_04.png,003_forge/003_09.png,0
003/003_04.png,003_forge/003_10.png,0
003/003_04.png,003_forge/003_11.png,0
003/003_04.png,003_forge/003_12.png,0
003/003_04.png,003_forge/003_13.png,0
003/003_04.png,003_forge/003_14.png,0
003/003_04.png,003_forge/003_15.png,0
003/003_04.png,003_forge/003_16.png,0
003/003_04.png,003_forge/003_17.png,0
003/003_04.png,003_forge/003_18.png,0
003/003_04.png,003_forge/003_19.png,0
003/003_04.png,003_forge/003_20.png,0
003/003_05.png,003_forge/003_00.png,0
003/003_05.png,003_forge/003_01.png,0
003/003_05.png,003_forge/003_02.png,0
003/003_05.png,003_forge/003_03.png,0
003/003_05.png,003_forge/003_04.png,0
003/003_05.png,003_forge/003_05.png,0
003/003_05.png,003_forge/003_06.png,0
003/003_05.png,003_forge/003_07.png,0
003/003_05.png,003_forge/003_08.png,0
003/003_05.png,003_forge/003_09.png,0
003/003_05.png,003_forge/003_10.png,0
003/003_05.png,003_forge/003_11.png,0
003/003_05.png,003_forge/003_12.png,0
003/003_05.png,003_forge/003_13.png,0
003/003_05.png,003_forge/003_14.png,0
003/003_05.png,003_forge/003_15.png,0
003/003_05.png,003_forge/003_16.png,0
003/003_05.png,003_forge/003_17.png,0
003/003_05.png,003_forge/003_18.png,0
003/003_05.png,003_forge/003_19.png,0
003/003_05.png,003_forge/003_20.png,0
003/003_06.png,003_forge/003_00.png,0
003/003_06.png,003_forge/003_01.png,0
003/003_06.png,003_forge/003_02.png,0
003/003_06.png,003_forge/003_03.png,0
003/003_06.png,003_forge/003_04.png,0
003/003_06.png,003_forge/003_05.png,0
003/003_06.png,003_forge/003_06.png,0
003/003_06.png,003_forge/003_07.png,0
003/003_06.png,003_forge/003_08.png,0
003/003_06.png,003_forge/003_09.png,0
003/003_06.png,003_forge/003_10.png,0
003/003_06.png,003_forge/003_11.png,0
003/003_06.png,003_forge/003_12.png,0
003/003_06.png,003_forge/003_13.png,0
003/003_06.png,003_forge/003_14.png,0
003/003_06.png,003_forge/003_15.png,0
003/003_06.png,003_forge/003_16.png,0
003/003_06.png,003_forge/003_17.png,0
003/003_06.png,003_forge/003_18.png,0
003/003_06.png,003_forge/003_19.png,0
003/003_06.png,003_forge/003_20.png,0
003/003_07.png,003_forge/003_00.png,0
003/003_07.png,003_forge/003_01.png,0
003/003_07.png,003_forge/003_02.png,0
003/003_07.png,003_forge/003_03.png,0
003/003_07.png,003_forge/003_04.png,0
003/003_07.png,003_forge/003_05.png,0
003/003_07.png,003_forge/003_06.png,0
003/003_07.png,003_forge/003_07.png,0
003/003_07.png,003_forge/003_08.png,0
003/003_07.png,003_forge/003_09.png,0
003/003_07.png,003_forge/003_10.png,0
003/003_07.png,003_forge/003_11.png,0
003/003_07.png,003_forge/003_12.png,0
003/003_07.png,003_forge/003_13.png,0
003/003_07.png,003_forge/003_14.png,0
003/003_07.png,003_forge/003_15.png,0
003/003_07.png,003_forge/003_16.png,0
003/003_07.png,003_forge/003_17.png,0
003/003_07.png,003_forge/003_18.png,0
003/003_07.png,003_forge/003_19.png,0
003/003_07.png,003_forge/003_20.png,0
003/003_08.png,003_forge/003_00.png,0
003/003_08.png,003_forge/003_01.png,0
003/003_08.png,003_forge/003_02.png,0
003/003_08.png,003_forge/003_03.png,0
003/003_08.png,003_forge/003_04.png,0
003/003_08.png,003_forge/003_05.png,0
003/003_08.png,003_forge/003_06.png,0
003/003_08.png,003_forge/003_07.png,0
003/003_08.png,003_forge/003_08.png,0
003/003_08.png,003_forge/003_09.png,0
003/003_08.png,003_forge/003_10.png,0
003/003_08.png,003_forge/003_11.png,0
003/003_08.png,003_forge/003_12.png,0
003/003_08.png,003_forge/003_13.png,0
003/003_08.png,003_forge/003_14.png,0
003/003_08.png,003_forge/003_15.png,0
003/003_08.png,003_forge/003_16.png,0
003/003_08.png,003_forge/003_17.png,0
003/003_08.png,003_forge/003_18.png,0
003/003_08.png,003_forge/003_19.png,0
003/003_08.png,003_forge/003_20.png,0
003/003_09.png,003_forge/003_00.png,0
003/003_09.png,003_forge/003_01.png,0
003/003_09.png,003_forge/003_02.png,0
003/003_09.png,003_forge/003_03.png,0
003/003_09.png,003_forge/003_04.png,0
003/003_09.png,003_forge/003_05.png,0
003/003_09.png,003_forge/003_06.png,0
003/003_09.png,003_forge/003_07.png,0
003/003_09.png,003_forge/003_08.png,0
003/003_09.png,003_forge/003_09.png,0
003/003_09.png,003_forge/003_10.png,0
003/003_09.png,003_forge/003_11.png,0
003/003_09.png,003_forge/003_12.png,0
003/003_09.png,003_forge/003_13.png,0
003/003_09.png,003_forge/003_14.png,0
003/003_09.png,003_forge/003_15.png,0
003/003_09.png,003_forge/003_16.png,0
003/003_09.png,003_forge/003_17.png,0
003/003_09.png,003_forge/003_18.png,0
003/003_09.png,003_forge/003_19.png,0
003/003_09.png,003_forge/003_20.png,0
003/003_10.png,003_forge/003_00.png,0
003/003_10.png,003_forge/003_01.png,0
003/003_10.png,003_forge/003_02.png,0
003/003_10.png,003_forge/003_03.png,0
003/003_10.png,003_forge/003_04.png,0
003/003_10.png,003_forge/003_05.png,0
003/003_10.png,003_forge/003_06.png,0
003/003_10.png,003_forge/003_07.png,0
003/003_10.png,003_forge/003_08.png,0
003/003_10.png,003_forge/003_09.png,0
003/003_10.png,003_forge/003_10.png,0
003/003_10.png,003_forge/003_11.png,0
003/003_10.png,003_forge/003_12.png,0
003/003_10.png,003_forge/003_13.png,0
003/003_10.png,003_forge/003_14.png,0
003/003_10.png,003_forge/003_15.png,0
003/003_10.png,003_forge/003_16.png,0
003/003_10.png,003_forge/003_17.png,0
003/003_10.png,003_forge/003_18.png,0
003/003_10.png,003_forge/003_19.png,0
003/003_10.png,003_forge/003_20.png,0
003/003_11.png,003_forge/003_00.png,0
003/003_11.png,003_forge/003_01.png,0
003/003_11.png,003_forge/003_02.png,0
003/003_11.png,003_forge/003_03.png,0
003/003_11.png,003_forge/003_04.png,0
003/003_11.png,003_forge/003_05.png,0
003/003_11.png,003_forge/003_06.png,0
003/003_11.png,003_forge/003_07.png,0
003/003_11.png,003_forge/003_08.png,0
003/003_11.png,003_forge/003_09.png,0
003/003_11.png,003_forge/003_10.png,0
003/003_11.png,003_forge/003_11.png,0
003/003_11.png,003_forge/003_12.png,0
003/003_11.png,003_forge/003_13.png,0
003/003_11.png,003_forge/003_14.png,0
003/003_11.png,003_forge/003_15.png,0
003/003_11.png,003_forge/003_16.png,0
003/003_11.png,003_forge/003_17.png,0
003/003_11.png,003_forge/003_18.png,0
003/003_11.png,003_forge/003_19.png,0
003/003_11.png,003_forge/003_20.png,0
003/003_12.png,003_forge/003_00.png,0
003/003_12.png,003_forge/003_01.png,0
003/003_12.png,003_forge/003_02.png,0
003/003_12.png,003_forge/003_03.png,0
003/003_12.png,003_forge/003_04.png,0
003/003_12.png,003_forge/003_05.png,0
003/003_12.png,003_forge/003_06.png,0
003/003_12.png,003_forge/003_07.png,0
003/003_12.png,003_forge/003_08.png,0
003/003_12.png,003_forge/003_09.png,0
003/003_12.png,003_forge/003_10.png,0
003/003_12.png,003_forge/003_11.png,0
003/003_12.png,003_forge/003_12.png,0
003/003_12.png,003_forge/003_13.png,0
003/003_12.png,003_forge/003_14.png,0
003/003_12.png,003_forge/003_15.png,0
003/003_12.png,003_forge/003_16.png,0
003/003_12.png,003_forge/003_17.png,0
003/003_12.png,003_forge/003_18.png,0
003/003_12.png,003_forge/003_19.png,0
003/003_12.png,003_forge/003_20.png,0
003/003_13.png,003_forge/003_00.png,0
003/003_13.png,003_forge/003_01.png,0
003/003_13.png,003_forge/003_02.png,0
003/003_13.png,003_forge/003_03.png,0
003/003_13.png,003_forge/003_04.png,0
003/003_13.png,003_forge/003_05.png,0
003/003_13.png,003_forge/003_06.png,0
003/003_13.png,003_forge/003_07.png,0
003/003_13.png,003_forge/003_08.png,0
003/003_13.png,003_forge/003_09.png,0
003/003_13.png,003_forge/003_10.png,0
003/003_13.png,003_forge/003_11.png,0
003/003_13.png,003_forge/003_12.png,0
003/003_13.png,003_forge/003_13.png,0
003/003_13.png,003_forge/003_14.png,0
003/003_13.png,003_forge/003_15.png,0
003/003_13.png,003_forge/003_16.png,0
003/003_13.png,003_forge/003_17.png,0
003/003_13.png,003_forge/003_18.png,0
003/003_13.png,003_forge/003_19.png,0
003/003_13.png,003_forge/003_20.png,0
003/003_14.png,003_forge/003_00.png,0
003/003_14.png,003_forge/003_01.png,0
003/003_14.png,003_forge/003_02.png,0
003/003_14.png,003_forge/003_03.png,0
003/003_14.png,003_forge/003_04.png,0
003/003_14.png,003_forge/003_05.png,0
003/003_14.png,003_forge/003_06.png,0
003/003_14.png,003_forge/003_07.png,0
003/003_14.png,003_forge/003_08.png,0
003/003_14.png,003_forge/003_09.png,0
003/003_14.png,003_forge/003_10.png,0
003/003_14.png,003_forge/003_11.png,0
003/003_14.png,003_forge/003_12.png,0
003/003_14.png,003_forge/003_13.png,0
003/003_14.png,003_forge/003_14.png,0
003/003_14.png,003_forge/003_15.png,0
003/003_14.png,003_forge/003_16.png,0
003/003_14.png,003_forge/003_17.png,0
003/003_14.png,003_forge/003_18.png,0
003/003_14.png,003_forge/003_19.png,0
003/003_14.png,003_forge/003_20.png,0
003/003_15.png,003_forge/003_00.png,0
003/003_15.png,003_forge/003_01.png,0
003/003_15.png,003_forge/003_02.png,0
003/003_15.png,003_forge/003_03.png,0
003/003_15.png,003_forge/003_04.png,0
003/003_15.png,003_forge/003_05.png,0
003/003_15.png,003_forge/003_06.png,0
003/003_15.png,003_forge/003_07.png,0
003/003_15.png,003_forge/003_08.png,0
003/003_15.png,003_forge/003_09.png,0
003/003_15.png,003_forge/003_10.png,0
003/003_15.png,003_forge/003_11.png,0
003/003_15.png,003_forge/003_12.png,0
003/003_15.png,003_forge/003_13.png,0
003/003_15.png,003_forge/003_14.png,0
003/003_15.png,003_forge/003_15.png,0
003/003_15.png,003_forge/003_16.png,0
003/003_15.png,003_forge/003_17.png,0
003/003_15.png,003_forge/003_18.png,0
003/003_15.png,003_forge/003_19.png,0
003/003_15.png,003_forge/003_20.png,0
003/003_16.png,003_forge/003_00.png,0
003/003_16.png,003_forge/003_01.png,0
003/003_16.png,003_forge/003_02.png,0
003/003_16.png,003_forge/003_03.png,0
003/003_16.png,003_forge/003_04.png,0
003/003_16.png,003_forge/003_05.png,0
003/003_16.png,003_forge/003_06.png,0
003/003_16.png,003_forge/003_07.png,0
003/003_16.png,003_forge/003_08.png,0
003/003_16.png,003_forge/003_09.png,0
003/003_16.png,003_forge/003_10.png,0
003/003_16.png,003_forge/003_11.png,0
003/003_16.png,003_forge/003_12.png,0
003/003_16.png,003_forge/003_13.png,0
003/003_16.png,003_forge/003_14.png,0
003/003_16.png,003_forge/003_15.png,0
003/003_16.png,003_forge/003_16.png,0
003/003_16.png,003_forge/003_17.png,0
003/003_16.png,003_forge/003_18.png,0
003/003_16.png,003_forge/003_19.png,0
003/003_16.png,003_forge/003_20.png,0
003/003_17.png,003_forge/003_00.png,0
003/003_17.png,003_forge/003_01.png,0
003/003_17.png,003_forge/003_02.png,0
003/003_17.png,003_forge/003_03.png,0
003/003_17.png,003_forge/003_04.png,0
003/003_17.png,003_forge/003_05.png,0
003/003_17.png,003_forge/003_06.png,0
003/003_17.png,003_forge/003_07.png,0
003/003_17.png,003_forge/003_08.png,0
003/003_17.png,003_forge/003_09.png,0
003/003_17.png,003_forge/003_10.png,0
003/003_17.png,003_forge/003_11.png,0
003/003_17.png,003_forge/003_12.png,0
003/003_17.png,003_forge/003_13.png,0
003/003_17.png,003_forge/003_14.png,0
003/003_17.png,003_forge/003_15.png,0
003/003_17.png,003_forge/003_16.png,0
003/003_17.png,003_forge/003_17.png,0
003/003_17.png,003_forge/003_18.png,0
003/003_17.png,003_forge/003_19.png,0
003/003_17.png,003_forge/003_20.png,0
003/003_18.png,003_forge/003_00.png,0
003/003_18.png,003_forge/003_01.png,0
003/003_18.png,003_forge/003_02.png,0
003/003_18.png,003_forge/003_03.png,0
003/003_18.png,003_forge/003_04.png,0
003/003_18.png,003_forge/003_05.png,0
003/003_18.png,003_forge/003_06.png,0
003/003_18.png,003_forge/003_07.png,0
003/003_18.png,003_forge/003_08.png,0
003/003_18.png,003_forge/003_09.png,0
003/003_18.png,003_forge/003_10.png,0
003/003_18.png,003_forge/003_11.png,0
003/003_18.png,003_forge/003_12.png,0
003/003_18.png,003_forge/003_13.png,0
003/003_18.png,003_forge/003_14.png,0
003/003_18.png,003_forge/003_15.png,0
003/003_18.png,003_forge/003_16.png,0
003/003_18.png,003_forge/003_17.png,0
003/003_18.png,003_forge/003_18.png,0
003/003_18.png,003_forge/003_19.png,0
003/003_18.png,003_forge/003_20.png,0
003/003_19.png,003_forge/003_00.png,0
003/003_19.png,003_forge/003_01.png,0
003/003_19.png,003_forge/003_02.png,0
003/003_19.png,003_forge/003_03.png,0
003/003_19.png,003_forge/003_04.png,0
003/003_19.png,003_forge/003_05.png,0
003/003_19.png,003_forge/003_06.png,0
003/003_19.png,003_forge/003_07.png,0
003/003_19.png,003_forge/003_08.png,0
003/003_19.png,003_forge/003_09.png,0
003/003_19.png,003_forge/003_10.png,0
003/003_19.png,003_forge/003_11.png,0
003/003_19.png,003_forge/003_12.png,0
003/003_19.png,003_forge/003_13.png,0
003/003_19.png,003_forge/003_14.png,0
003/003_19.png,003_forge/003_15.png,0
003/003_19.png,003_forge/003_16.png,0
003/003_19.png,003_forge/003_17.png,0
003/003_19.png,003_forge/003_18.png,0
003/003_19.png,003_forge/003_19.png,0
003/003_19.png,003_forge/003_20.png,0
003/003_20.png,003_forge/003_00.png,0
003/003_20.png,003_forge/003_01.png,0
003/003_20.png,003_forge/003_02.png,0
003/003_20.png,003_forge/003_03.png,0
003/003_20.png,003_forge/003_04.png,0
003/003_20.png,003_forge/003_05.png,0
003/003_20.png,003_forge/003_06.png,0
003/003_20.png,003_forge/003_07.png,0
003/003_20.png,003_forge/003_08.png,0
003/003_20.png,003_forge/003_09.png,0
003/003_20.png,003_forge/003_10.png,0
003/003_20.png,003_forge/003_11.png,0
003/003_20.png,003_forge/003_12.png,0
003/003_20.png,003_forge/003_13.png,0
003/003_20.png,003_forge/003_14.png,0
003/003_20.png,003_forge/003_15.png,0
003/003_20.png,003_forge/003_16.png,0
003/003_20.png,003_forge/003_17.png,0
003/003_20.png,003_forge/003_18.png,0
003/003_20.png,003_forge/003_19.png,0
003/003_20.png,003_forge/003_20.png,0
004/004_00.png,004/004_01.png,1
004/004_00.png,004/004_02.png,1
004/004_00.png,004/004_03.png,1
004/004_00.png,004/004_04.png,1
004/004_00.png,004/004_05.png,1
004/004_00.png,004/004_06.png,1
004/004_00.png,004/004_07.png,1
004/004_00.png,004/004_08.png,1
004/004_00.png,004/004_09.png,1
004/004_00.png,004/004_10.png,1
004/004_00.png,004/004_11.png,1
004/004_00.png,004/004_12.png,1
004/004_00.png,004/004_13.png,1
004/004_00.png,004/004_14.png,1
004/004_00.png,004/004_15.png,1
004/004_00.png,004/004_16.png,1
004/004_00.png,004/004_17.png,1
004/004_00.png,004/004_18.png,1
004/004_00.png,004/004_19.png,1
004/004_00.png,004/004_20.png,1
004/004_01.png,004/004_00.png,1
004/004_01.png,004/004_02.png,1
004/004_01.png,004/004_03.png,1
004/004_01.png,004/004_04.png,1
004/004_01.png,004/004_05.png,1
004/004_01.png,004/004_06.png,1
004/004_01.png,004/004_07.png,1
004/004_01.png,004/004_08.png,1
004/004_01.png,004/004_09.png,1
004/004_01.png,004/004_10.png,1
004/004_01.png,004/004_11.png,1
004/004_01.png,004/004_12.png,1
004/004_01.png,004/004_13.png,1
004/004_01.png,004/004_14.png,1
004/004_01.png,004/004_15.png,1
004/004_01.png,004/004_16.png,1
004/004_01.png,004/004_17.png,1
004/004_01.png,004/004_18.png,1
004/004_01.png,004/004_19.png,1
004/004_01.png,004/004_20.png,1
004/004_02.png,004/004_00.png,1
004/004_02.png,004/004_01.png,1
004/004_02.png,004/004_03.png,1
004/004_02.png,004/004_04.png,1
004/004_02.png,004/004_05.png,1
004/004_02.png,004/004_06.png,1
004/004_02.png,004/004_07.png,1
004/004_02.png,004/004_08.png,1
004/004_02.png,004/004_09.png,1
004/004_02.png,004/004_10.png,1
004/004_02.png,004/004_11.png,1
004/004_02.png,004/004_12.png,1
004/004_02.png,004/004_13.png,1
004/004_02.png,004/004_14.png,1
004/004_02.png,004/004_15.png,1
004/004_02.png,004/004_16.png,1
004/004_02.png,004/004_17.png,1
004/004_02.png,004/004_18.png,1
004/004_02.png,004/004_19.png,1
004/004_02.png,004/004_20.png,1
004/004_03.png,004/004_00.png,1
004/004_03.png,004/004_01.png,1
004/004_03.png,004/004_02.png,1
004/004_03.png,004/004_04.png,1
004/004_03.png,004/004_05.png,1
004/004_03.png,004/004_06.png,1
004/004_03.png,004/004_07.png,1
004/004_03.png,004/004_08.png,1
004/004_03.png,004/004_09.png,1
004/004_03.png,004/004_10.png,1
004/004_03.png,004/004_11.png,1
004/004_03.png,004/004_12.png,1
004/004_03.png,004/004_13.png,1
004/004_03.png,004/004_14.png,1
004/004_03.png,004/004_15.png,1
004/004_03.png,004/004_16.png,1
004/004_03.png,004/004_17.png,1
004/004_03.png,004/004_18.png,1
004/004_03.png,004/004_19.png,1
004/004_03.png,004/004_20.png,1
004/004_04.png,004/004_00.png,1
004/004_04.png,004/004_01.png,1
004/004_04.png,004/004_02.png,1
004/004_04.png,004/004_03.png,1
004/004_04.png,004/004_05.png,1
004/004_04.png,004/004_06.png,1
004/004_04.png,004/004_07.png,1
004/004_04.png,004/004_08.png,1
004/004_04.png,004/004_09.png,1
004/004_04.png,004/004_10.png,1
004/004_04.png,004/004_11.png,1
004/004_04.png,004/004_12.png,1
004/004_04.png,004/004_13.png,1
004/004_04.png,004/004_14.png,1
004/004_04.png,004/004_15.png,1
004/004_04.png,004/004_16.png,1
004/004_04.png,004/004_17.png,1
004/004_04.png,004/004_18.png,1
004/004_04.png,004/004_19.png,1
004/004_04.png,004/004_20.png,1
004/004_05.png,004/004_00.png,1
004/004_05.png,004/004_01.png,1
004/004_05.png,004/004_02.png,1
004/004_05.png,004/004_03.png,1
004/004_05.png,004/004_04.png,1
004/004_05.png,004/004_06.png,1
004/004_05.png,004/004_07.png,1
004/004_05.png,004/004_08.png,1
004/004_05.png,004/004_09.png,1
004/004_05.png,004/004_10.png,1
004/004_05.png,004/004_11.png,1
004/004_05.png,004/004_12.png,1
004/004_05.png,004/004_13.png,1
004/004_05.png,004/004_14.png,1
004/004_05.png,004/004_15.png,1
004/004_05.png,004/004_16.png,1
004/004_05.png,004/004_17.png,1
004/004_05.png,004/004_18.png,1
004/004_05.png,004/004_19.png,1
004/004_05.png,004/004_20.png,1
004/004_06.png,004/004_00.png,1
004/004_06.png,004/004_01.png,1
004/004_06.png,004/004_02.png,1
004/004_06.png,004/004_03.png,1
004/004_06.png,004/004_04.png,1
004/004_06.png,004/004_05.png,1
004/004_06.png,004/004_07.png,1
004/004_06.png,004/004_08.png,1
004/004_06.png,004/004_09.png,1
004/004_06.png,004/004_10.png,1
004/004_06.png,004/004_11.png,1
004/004_06.png,004/004_12.png,1
004/004_06.png,004/004_13.png,1
004/004_06.png,004/004_14.png,1
004/004_06.png,004/004_15.png,1
004/004_06.png,004/004_16.png,1
004/004_06.png,004/004_17.png,1
004/004_06.png,004/004_18.png,1
004/004_06.png,004/004_19.png,1
004/004_06.png,004/004_20.png,1
004/004_07.png,004/004_00.png,1
004/004_07.png,004/004_01.png,1
004/004_07.png,004/004_02.png,1
004/004_07.png,004/004_03.png,1
004/004_07.png,004/004_04.png,1
004/004_07.png,004/004_05.png,1
004/004_07.png,004/004_06.png,1
004/004_07.png,004/004_08.png,1
004/004_07.png,004/004_09.png,1
004/004_07.png,004/004_10.png,1
004/004_07.png,004/004_11.png,1
004/004_07.png,004/004_12.png,1
004/004_07.png,004/004_13.png,1
004/004_07.png,004/004_14.png,1
004/004_07.png,004/004_15.png,1
004/004_07.png,004/004_16.png,1
004/004_07.png,004/004_17.png,1
004/004_07.png,004/004_18.png,1
004/004_07.png,004/004_19.png,1
004/004_07.png,004/004_20.png,1
004/004_08.png,004/004_00.png,1
004/004_08.png,004/004_01.png,1
004/004_08.png,004/004_02.png,1
004/004_08.png,004/004_03.png,1
004/004_08.png,004/004_04.png,1
004/004_08.png,004/004_05.png,1
004/004_08.png,004/004_06.png,1
004/004_08.png,004/004_07.png,1
004/004_08.png,004/004_09.png,1
004/004_08.png,004/004_10.png,1
004/004_08.png,004/004_11.png,1
004/004_08.png,004/004_12.png,1
004/004_08.png,004/004_13.png,1
004/004_08.png,004/004_14.png,1
004/004_08.png,004/004_15.png,1
004/004_08.png,004/004_16.png,1
004/004_08.png,004/004_17.png,1
004/004_08.png,004/004_18.png,1
004/004_08.png,004/004_19.png,1
004/004_08.png,004/004_20.png,1
004/004_09.png,004/004_00.png,1
004/004_09.png,004/004_01.png,1
004/004_09.png,004/004_02.png,1
004/004_09.png,004/004_03.png,1
004/004_09.png,004/004_04.png,1
004/004_09.png,004/004_05.png,1
004/004_09.png,004/004_06.png,1
004/004_09.png,004/004_07.png,1
004/004_09.png,004/004_08.png,1
004/004_09.png,004/004_10.png,1
004/004_09.png,004/004_11.png,1
004/004_09.png,004/004_12.png,1
004/004_09.png,004/004_13.png,1
004/004_09.png,004/004_14.png,1
004/004_09.png,004/004_15.png,1
004/004_09.png,004/004_16.png,1
004/004_09.png,004/004_17.png,1
004/004_09.png,004/004_18.png,1
004/004_09.png,004/004_19.png,1
004/004_09.png,004/004_20.png,1
004/004_10.png,004/004_00.png,1
004/004_10.png,004/004_01.png,1
004/004_10.png,004/004_02.png,1
004/004_10.png,004/004_03.png,1
004/004_10.png,004/004_04.png,1
004/004_10.png,004/004_05.png,1
004/004_10.png,004/004_06.png,1
004/004_10.png,004/004_07.png,1
004/004_10.png,004/004_08.png,1
004/004_10.png,004/004_09.png,1
004/004_10.png,004/004_11.png,1
004/004_10.png,004/004_12.png,1
004/004_10.png,004/004_13.png,1
004/004_10.png,004/004_14.png,1
004/004_10.png,004/004_15.png,1
004/004_10.png,004/004_16.png,1
004/004_10.png,004/004_17.png,1
004/004_10.png,004/004_18.png,1
004/004_10.png,004/004_19.png,1
004/004_10.png,004/004_20.png,1
004/004_11.png,004/004_00.png,1
004/004_11.png,004/004_01.png,1
004/004_11.png,004/004_02.png,1
004/004_11.png,004/004_03.png,1
004/004_11.png,004/004_04.png,1
004/004_11.png,004/004_05.png,1
004/004_11.png,004/004_06.png,1
004/004_11.png,004/004_07.png,1
004/004_11.png,004/004_08.png,1
004/004_11.png,004/004_09.png,1
004/004_11.png,004/004_10.png,1
004/004_11.png,004/004_12.png,1
004/004_11.png,004/004_13.png,1
004/004_11.png,004/004_14.png,1
004/004_11.png,004/004_15.png,1
004/004_11.png,004/004_16.png,1
004/004_11.png,004/004_17.png,1
004/004_11.png,004/004_18.png,1
004/004_11.png,004/004_19.png,1
004/004_11.png,004/004_20.png,1
004/004_12.png,004/004_00.png,1
004/004_12.png,004/004_01.png,1
004/004_12.png,004/004_02.png,1
004/004_12.png,004/004_03.png,1
004/004_12.png,004/004_04.png,1
004/004_12.png,004/004_05.png,1
004/004_12.png,004/004_06.png,1
004/004_12.png,004/004_07.png,1
004/004_12.png,004/004_08.png,1
004/004_12.png,004/004_09.png,1
004/004_12.png,004/004_10.png,1
004/004_12.png,004/004_11.png,1
004/004_12.png,004/004_13.png,1
004/004_12.png,004/004_14.png,1
004/004_12.png,004/004_15.png,1
004/004_12.png,004/004_16.png,1
004/004_12.png,004/004_17.png,1
004/004_12.png,004/004_18.png,1
004/004_12.png,004/004_19.png,1
004/004_12.png,004/004_20.png,1
004/004_13.png,004/004_00.png,1
004/004_13.png,004/004_01.png,1
004/004_13.png,004/004_02.png,1
004/004_13.png,004/004_03.png,1
004/004_13.png,004/004_04.png,1
004/004_13.png,004/004_05.png,1
004/004_13.png,004/004_06.png,1
004/004_13.png,004/004_07.png,1
004/004_13.png,004/004_08.png,1
004/004_13.png,004/004_09.png,1
004/004_13.png,004/004_10.png,1
004/004_13.png,004/004_11.png,1
004/004_13.png,004/004_12.png,1
004/004_13.png,004/004_14.png,1
004/004_13.png,004/004_15.png,1
004/004_13.png,004/004_16.png,1
004/004_13.png,004/004_17.png,1
004/004_13.png,004/004_18.png,1
004/004_13.png,004/004_19.png,1
004/004_13.png,004/004_20.png,1
004/004_14.png,004/004_00.png,1
004/004_14.png,004/004_01.png,1
004/004_14.png,004/004_02.png,1
004/004_14.png,004/004_03.png,1
004/004_14.png,004/004_04.png,1
004/004_14.png,004/004_05.png,1
004/004_14.png,004/004_06.png,1
004/004_14.png,004/004_07.png,1
004/004_14.png,004/004_08.png,1
004/004_14.png,004/004_09.png,1
004/004_14.png,004/004_10.png,1
004/004_14.png,004/004_11.png,1
004/004_14.png,004/004_12.png,1
004/004_14.png,004/004_13.png,1
004/004_14.png,004/004_15.png,1
004/004_14.png,004/004_16.png,1
004/004_14.png,004/004_17.png,1
004/004_14.png,004/004_18.png,1
004/004_14.png,004/004_19.png,1
004/004_14.png,004/004_20.png,1
004/004_15.png,004/004_00.png,1
004/004_15.png,004/004_01.png,1
004/004_15.png,004/004_02.png,1
004/004_15.png,004/004_03.png,1
004/004_15.png,004/004_04.png,1
004/004_15.png,004/004_05.png,1
004/004_15.png,004/004_06.png,1
004/004_15.png,004/004_07.png,1
004/004_15.png,004/004_08.png,1
004/004_15.png,004/004_09.png,1
004/004_15.png,004/004_10.png,1
004/004_15.png,004/004_11.png,1
004/004_15.png,004/004_12.png,1
004/004_15.png,004/004_13.png,1
004/004_15.png,004/004_14.png,1
004/004_15.png,004/004_16.png,1
004/004_15.png,004/004_17.png,1
004/004_15.png,004/004_18.png,1
004/004_15.png,004/004_19.png,1
004/004_15.png,004/004_20.png,1
004/004_16.png,004/004_00.png,1
004/004_16.png,004/004_01.png,1
004/004_16.png,004/004_02.png,1
004/004_16.png,004/004_03.png,1
004/004_16.png,004/004_04.png,1
004/004_16.png,004/004_05.png,1
004/004_16.png,004/004_06.png,1
004/004_16.png,004/004_07.png,1
004/004_16.png,004/004_08.png,1
004/004_16.png,004/004_09.png,1
004/004_16.png,004/004_10.png,1
004/004_16.png,004/004_11.png,1
004/004_16.png,004/004_12.png,1
004/004_16.png,004/004_13.png,1
004/004_16.png,004/004_14.png,1
004/004_16.png,004/004_15.png,1
004/004_16.png,004/004_17.png,1
004/004_16.png,004/004_18.png,1
004/004_16.png,004/004_19.png,1
004/004_16.png,004/004_20.png,1
004/004_17.png,004/004_00.png,1
004/004_17.png,004/004_01.png,1
004/004_17.png,004/004_02.png,1
004/004_17.png,004/004_03.png,1
004/004_17.png,004/004_04.png,1
004/004_17.png,004/004_05.png,1
004/004_17.png,004/004_06.png,1
004/004_17.png,004/004_07.png,1
004/004_17.png,004/004_08.png,1
004/004_17.png,004/004_09.png,1
004/004_17.png,004/004_10.png,1
004/004_17.png,004/004_11.png,1
004/004_17.png,004/004_12.png,1
004/004_17.png,004/004_13.png,1
004/004_17.png,004/004_14.png,1
004/004_17.png,004/004_15.png,1
004/004_17.png,004/004_16.png,1
004/004_17.png,004/004_18.png,1
004/004_17.png,004/004_19.png,1
004/004_17.png,004/004_20.png,1
004/004_18.png,004/004_00.png,1
004/004_18.png,004/004_01.png,1
004/004_18.png,004/004_02.png,1
004/004_18.png,004/004_03.png,1
004/004_18.png,004/004_04.png,1
004/004_18.png,004/004_05.png,1
004/004_18.png,004/004_06.png,1
004/004_18.png,004/004_07.png,1
004/004_18.png,004/004_08.png,1
004/004_18.png,004/004_09.png,1
004/004_18.png,004/004_10.png,1
004/004_18.png,004/004_11.png,1
004/004_18.png,004/004_12.png,1
004/004_18.png,004/004_13.png,1
004/004_18.png,004/004_14.png,1
004/004_18.png,004/004_15.png,1
004/004_18.png,004/004_16.png,1
004/004_18.png,004/004_17.png,1
004/004_18.png,004/004_19.png,1
004/004_18.png,004/004_20.png,1
004/004_19.png,004/004_00.png,1
004/004_19.png,004/004_01.png,1
004/004_19.png,004/004_02.png,1
004/004_19.png,004/004_03.png,1
004/004_19.png,004/004_04.png,1
004/004_19.png,004/004_05.png,1
004/004_19.png,004/004_06.png,1
004/004_19.png,004/004_07.png,1
004/004_19.png,004/004_08.png,1
004/004_19.png,004/004_09.png,1
004/004_19.png,004/004_10.png,1
004/004_19.png,004/004_11.png,1
004/004_19.png,004/004_12.png,1
004/004_19.png,004/004_13.png,1
004/004_19.png,004/004_14.png,1
004/004_19.png,004/004_15.png,1
004/004_19.png,004/004_16.png,1
004/004_19.png,004/004_17.png,1
004/004_19.png,004/004_18.png,1
004/004_19.png,004/004_20.png,1
004/004_20.png,004/004_00.png,1
004/004_20.png,004/004_01.png,1
004/004_20.png,004/004_02.png,1
004/004_20.png,004/004_03.png,1
004/004_20.png,004/004_04.png,1
004/004_20.png,004/004_05.png,1
004/004_20.png,004/004_06.png,1
004/004_20.png,004/004_07.png,1
004/004_20.png,004/004_08.png,1
004/004_20.png,004/004_09.png,1
004/004_20.png,004/004_10.png,1
004/004_20.png,004/004_11.png,1
004/004_20.png,004/004_12.png,1
004/004_20.png,004/004_13.png,1
004/004_20.png,004/004_14.png,1
004/004_20.png,004/004_15.png,1
004/004_20.png,004/004_16.png,1
004/004_20.png,004/004_17.png,1
004/004_20.png,004/004_18.png,1
004/004_20.png,004/004_19.png,1
004/004_00.png,004_forge/004_00.png,0
004/004_00.png,004_forge/004_01.png,0
004/004_00.png,004_forge/004_02.png,0
004/004_00.png,004_forge/004_03.png,0
004/004_00.png,004_forge/004_04.png,0
004/004_00.png,004_forge/004_05.png,0
004/004_00.png,004_forge/004_06.png,0
004/004_00.png,004_forge/004_07.png,0
004/004_00.png,004_forge/004_08.png,0
004/004_00.png,004_forge/004_09.png,0
004/004_00.png,004_forge/004_10.png,0
004/004_00.png,004_forge/004_11.png,0
004/004_00.png,004_forge/004_12.png,0
004/004_00.png,004_forge/004_13.png,0
004/004_00.png,004_forge/004_14.png,0
004/004_00.png,004_forge/004_15.png,0
004/004_00.png,004_forge/004_16.png,0
004/004_00.png,004_forge/004_17.png,0
004/004_00.png,004_forge/004_18.png,0
004/004_00.png,004_forge/004_19.png,0
004/004_00.png,004_forge/004_20.png,0
004/004_01.png,004_forge/004_00.png,0
004/004_01.png,004_forge/004_01.png,0
004/004_01.png,004_forge/004_02.png,0
004/004_01.png,004_forge/004_03.png,0
004/004_01.png,004_forge/004_04.png,0
004/004_01.png,004_forge/004_05.png,0
004/004_01.png,004_forge/004_06.png,0
004/004_01.png,004_forge/004_07.png,0
004/004_01.png,004_forge/004_08.png,0
004/004_01.png,004_forge/004_09.png,0
004/004_01.png,004_forge/004_10.png,0
004/004_01.png,004_forge/004_11.png,0
004/004_01.png,004_forge/004_12.png,0
004/004_01.png,004_forge/004_13.png,0
004/004_01.png,004_forge/004_14.png,0
004/004_01.png,004_forge/004_15.png,0
004/004_01.png,004_forge/004_16.png,0
004/004_01.png,004_forge/004_17.png,0
004/004_01.png,004_forge/004_18.png,0
004/004_01.png,004_forge/004_19.png,0
004/004_01.png,004_forge/004_20.png,0
004/004_02.png,004_forge/004_00.png,0
004/004_02.png,004_forge/004_01.png,0
004/004_02.png,004_forge/004_02.png,0
004/004_02.png,004_forge/004_03.png,0
004/004_02.png,004_forge/004_04.png,0
004/004_02.png,004_forge/004_05.png,0
004/004_02.png,004_forge/004_06.png,0
004/004_02.png,004_forge/004_07.png,0
004/004_02.png,004_forge/004_08.png,0
004/004_02.png,004_forge/004_09.png,0
004/004_02.png,004_forge/004_10.png,0
004/004_02.png,004_forge/004_11.png,0
004/004_02.png,004_forge/004_12.png,0
004/004_02.png,004_forge/004_13.png,0
004/004_02.png,004_forge/004_14.png,0
004/004_02.png,004_forge/004_15.png,0
004/004_02.png,004_forge/004_16.png,0
004/004_02.png,004_forge/004_17.png,0
004/004_02.png,004_forge/004_18.png,0
004/004_02.png,004_forge/004_19.png,0
004/004_02.png,004_forge/004_20.png,0
004/004_03.png,004_forge/004_00.png,0
004/004_03.png,004_forge/004_01.png,0
004/004_03.png,004_forge/004_02.png,0
004/004_03.png,004_forge/004_03.png,0
004/004_03.png,004_forge/004_04.png,0
004/004_03.png,004_forge/004_05.png,0
004/004_03.png,004_forge/004_06.png,0
004/004_03.png,004_forge/004_07.png,0
004/004_03.png,004_forge/004_08.png,0
004/004_03.png,004_forge/004_09.png,0
004/004_03.png,004_forge/004_10.png,0
004/004_03.png,004_forge/004_11.png,0
004/004_03.png,004_forge/004_12.png,0
004/004_03.png,004_forge/004_13.png,0
004/004_03.png,004_forge/004_14.png,0
004/004_03.png,004_forge/004_15.png,0
004/004_03.png,004_forge/004_16.png,0
004/004_03.png,004_forge/004_17.png,0
004/004_03.png,004_forge/004_18.png,0
004/004_03.png,004_forge/004_19.png,0
004/004_03.png,004_forge/004_20.png,0
004/004_04.png,004_forge/004_00.png,0
004/004_04.png,004_forge/004_01.png,0
004/004_04.png,004_forge/004_02.png,0
004/004_04.png,004_forge/004_03.png,0
004/004_04.png,004_forge/004_04.png,0
004/004_04.png,004_forge/004_05.png,0
004/004_04.png,004_forge/004_06.png,0
004/004_04.png,004_forge/004_07.png,0
004/004_04.png,004_forge/004_08.png,0
004/004_04.png,004_forge/004_09.png,0
004/004_04.png,004_forge/004_10.png,0
004/004_04.png,004_forge/004_11.png,0
004/004_04.png,004_forge/004_12.png,0
004/004_04.png,004_forge/004_13.png,0
004/004_04.png,004_forge/004_14.png,0
004/004_04.png,004_forge/004_15.png,0
004/004_04.png,004_forge/004_16.png,0
004/004_04.png,004_forge/004_17.png,0
004/004_04.png,004_forge/004_18.png,0
004/004_04.png,004_forge/004_19.png,0
004/004_04.png,004_forge/004_20.png,0
004/004_05.png,004_forge/004_00.png,0
004/004_05.png,004_forge/004_01.png,0
004/004_05.png,004_forge/004_02.png,0
004/004_05.png,004_forge/004_03.png,0
004/004_05.png,004_forge/004_04.png,0
004/004_05.png,004_forge/004_05.png,0
004/004_05.png,004_forge/004_06.png,0
004/004_05.png,004_forge/004_07.png,0
004/004_05.png,004_forge/004_08.png,0
004/004_05.png,004_forge/004_09.png,0
004/004_05.png,004_forge/004_10.png,0
004/004_05.png,004_forge/004_11.png,0
004/004_05.png,004_forge/004_12.png,0
004/004_05.png,004_forge/004_13.png,0
004/004_05.png,004_forge/004_14.png,0
004/004_05.png,004_forge/004_15.png,0
004/004_05.png,004_forge/004_16.png,0
004/004_05.png,004_forge/004_17.png,0
004/004_05.png,004_forge/004_18.png,0
004/004_05.png,004_forge/004_19.png,0
004/004_05.png,004_forge/004_20.png,0
004/004_06.png,004_forge/004_00.png,0
004/004_06.png,004_forge/004_01.png,0
004/004_06.png,004_forge/004_02.png,0
004/004_06.png,004_forge/004_03.png,0
004/004_06.png,004_forge/004_04.png,0
004/004_06.png,004_forge/004_05.png,0
004/004_06.png,004_forge/004_06.png,0
004/004_06.png,004_forge/004_07.png,0
004/004_06.png,004_forge/004_08.png,0
004/004_06.png,004_forge/004_09.png,0
004/004_06.png,004_forge/004_10.png,0
004/004_06.png,004_forge/004_11.png,0
004/004_06.png,004_forge/004_12.png,0
004/004_06.png,004_forge/004_13.png,0
004/004_06.png,004_forge/004_14.png,0
004/004_06.png,004_forge/004_15.png,0
004/004_06.png,004_forge/004_16.png,0
004/004_06.png,004_forge/004_17.png,0
004/004_06.png,004_forge/004_18.png,0
004/004_06.png,004_forge/004_19.png,0
004/004_06.png,004_forge/004_20.png,0
004/004_07.png,004_forge/004_00.png,0
004/004_07.png,004_forge/004_01.png,0
004/004_07.png,004_forge/004_02.png,0
004/004_07.png,004_forge/004_03.png,0
004/004_07.png,004_forge/004_04.png,0
004/004_07.png,004_forge/004_05.png,0
004/004_07.png,004_forge/004_06.png,0
004/004_07.png,004_forge/004_07.png,0
004/004_07.png,004_forge/004_08.png,0
004/004_07.png,004_forge/004_09.png,0
004/004_07.png,004_forge/004_10.png,0
004/004_07.png,004_forge/004_11.png,0
004/004_07.png,004_forge/004_12.png,0
004/004_07.png,004_forge/004_13.png,0
004/004_07.png,004_forge/004_14.png,0
004/004_07.png,004_forge/004_15.png,0
004/004_07.png,004_forge/004_16.png,0
004/004_07.png,004_forge/004_17.png,0
004/004_07.png,004_forge/004_18.png,0
004/004_07.png,004_forge/004_19.png,0
004/004_07.png,004_forge/004_20.png,0
004/004_08.png,004_forge/004_00.png,0
004/004_08.png,004_forge/004_01.png,0
004/004_08.png,004_forge/004_02.png,0
004/004_08.png,004_forge/004_03.png,0
004/004_08.png,004_forge/004_04.png,0
004/004_08.png,004_forge/004_05.png,0
004/004_08.png,004_forge/004_06.png,0
004/004_08.png,004_forge/004_07.png,0
004/004_08.png,004_forge/004_08.png,0
004/004_08.png,004_forge/004_09.png,0
004/004_08.png,004_forge/004_10.png,0
004/004_08.png,004_forge/004_11.png,0
004/004_08.png,004_forge/004_12.png,0
004/004_08.png,004_forge/004_13.png,0
004/004_08.png,004_forge/004_14.png,0
004/004_08.png,004_forge/004_15.png,0
004/004_08.png,004_forge/004_16.png,0
004/004_08.png,004_forge/004_17.png,0
004/004_08.png,004_forge/004_18.png,0
004/004_08.png,004_forge/004_19.png,0
004/004_08.png,004_forge/004_20.png,0
004/004_09.png,004_forge/004_00.png,0
004/004_09.png,004_forge/004_01.png,0
004/004_09.png,004_forge/004_02.png,0
004/004_09.png,004_forge/004_03.png,0
004/004_09.png,004_forge/004_04.png,0
004/004_09.png,004_forge/004_05.png,0
004/004_09.png,004_forge/004_06.png,0
004/004_09.png,004_forge/004_07.png,0
004/004_09.png,004_forge/004_08.png,0
004/004_09.png,004_forge/004_09.png,0
004/004_09.png,004_forge/004_10.png,0
004/004_09.png,004_forge/004_11.png,0
004/004_09.png,004_forge/004_12.png,0
004/004_09.png,004_forge/004_13.png,0
004/004_09.png,004_forge/004_14.png,0
004/004_09.png,004_forge/004_15.png,0
004/004_09.png,004_forge/004_16.png,0
004/004_09.png,004_forge/004_17.png,0
004/004_09.png,004_forge/004_18.png,0
004/004_09.png,004_forge/004_19.png,0
004/004_09.png,004_forge/004_20.png,0
004/004_10.png,004_forge/004_00.png,0
004/004_10.png,004_forge/004_01.png,0
004/004_10.png,004_forge/004_02.png,0
004/004_10.png,004_forge/004_03.png,0
004/004_10.png,004_forge/004_04.png,0
004/004_10.png,004_forge/004_05.png,0
004/004_10.png,004_forge/004_06.png,0
004/004_10.png,004_forge/004_07.png,0
004/004_10.png,004_forge/004_08.png,0
004/004_10.png,004_forge/004_09.png,0
004/004_10.png,004_forge/004_10.png,0
004/004_10.png,004_forge/004_11.png,0
004/004_10.png,004_forge/004_12.png,0
004/004_10.png,004_forge/004_13.png,0
004/004_10.png,004_forge/004_14.png,0
004/004_10.png,004_forge/004_15.png,0
004/004_10.png,004_forge/004_16.png,0
004/004_10.png,004_forge/004_17.png,0
004/004_10.png,004_forge/004_18.png,0
004/004_10.png,004_forge/004_19.png,0
004/004_10.png,004_forge/004_20.png,0
004/004_11.png,004_forge/004_00.png,0
004/004_11.png,004_forge/004_01.png,0
004/004_11.png,004_forge/004_02.png,0
004/004_11.png,004_forge/004_03.png,0
004/004_11.png,004_forge/004_04.png,0
004/004_11.png,004_forge/004_05.png,0
004/004_11.png,004_forge/004_06.png,0
004/004_11.png,004_forge/004_07.png,0
004/004_11.png,004_forge/004_08.png,0
004/004_11.png,004_forge/004_09.png,0
004/004_11.png,004_forge/004_10.png,0
004/004_11.png,004_forge/004_11.png,0
004/004_11.png,004_forge/004_12.png,0
004/004_11.png,004_forge/004_13.png,0
004/004_11.png,004_forge/004_14.png,0
004/004_11.png,004_forge/004_15.png,0
004/004_11.png,004_forge/004_16.png,0
004/004_11.png,004_forge/004_17.png,0
004/004_11.png,004_forge/004_18.png,0
004/004_11.png,004_forge/004_19.png,0
004/004_11.png,004_forge/004_20.png,0
004/004_12.png,004_forge/004_00.png,0
004/004_12.png,004_forge/004_01.png,0
004/004_12.png,004_forge/004_02.png,0
004/004_12.png,004_forge/004_03.png,0
004/004_12.png,004_forge/004_04.png,0
004/004_12.png,004_forge/004_05.png,0
004/004_12.png,004_forge/004_06.png,0
004/004_12.png,004_forge/004_07.png,0
004/004_12.png,004_forge/004_08.png,0
004/004_12.png,004_forge/004_09.png,0
004/004_12.png,004_forge/004_10.png,0
004/004_12.png,004_forge/004_11.png,0
004/004_12.png,004_forge/004_12.png,0
004/004_12.png,004_forge/004_13.png,0
004/004_12.png,004_forge/004_14.png,0
004/004_12.png,004_forge/004_15.png,0
004/004_12.png,004_forge/004_16.png,0
004/004_12.png,004_forge/004_17.png,0
004/004_12.png,004_forge/004_18.png,0
004/004_12.png,004_forge/004_19.png,0
004/004_12.png,004_forge/004_20.png,0
004/004_13.png,004_forge/004_00.png,0
004/004_13.png,004_forge/004_01.png,0
004/004_13.png,004_forge/004_02.png,0
004/004_13.png,004_forge/004_03.png,0
004/004_13.png,004_forge/004_04.png,0
004/004_13.png,004_forge/004_05.png,0
004/004_13.png,004_forge/004_06.png,0
004/004_13.png,004_forge/004_07.png,0
004/004_13.png,004_forge/004_08.png,0
004/004_13.png,004_forge/004_09.png,0
004/004_13.png,004_forge/004_10.png,0
004/004_13.png,004_forge/004_11.png,0
004/004_13.png,004_forge/004_12.png,0
004/004_13.png,004_forge/004_13.png,0
004/004_13.png,004_forge/004_14.png,0
004/004_13.png,004_forge/004_15.png,0
004/004_13.png,004_forge/004_16.png,0
004/004_13.png,004_forge/004_17.png,0
004/004_13.png,004_forge/004_18.png,0
004/004_13.png,004_forge/004_19.png,0
004/004_13.png,004_forge/004_20.png,0
004/004_14.png,004_forge/004_00.png,0
004/004_14.png,004_forge/004_01.png,0
004/004_14.png,004_forge/004_02.png,0
004/004_14.png,004_forge/004_03.png,0
004/004_14.png,004_forge/004_04.png,0
004/004_14.png,004_forge/004_05.png,0
004/004_14.png,004_forge/004_06.png,0
004/004_14.png,004_forge/004_07.png,0
004/004_14.png,004_forge/004_08.png,0
004/004_14.png,004_forge/004_09.png,0
004/004_14.png,004_forge/004_10.png,0
004/004_14.png,004_forge/004_11.png,0
004/004_14.png,004_forge/004_12.png,0
004/004_14.png,004_forge/004_13.png,0
004/004_14.png,004_forge/004_14.png,0
004/004_14.png,004_forge/004_15.png,0
004/004_14.png,004_forge/004_16.png,0
004/004_14.png,004_forge/004_17.png,0
004/004_14.png,004_forge/004_18.png,0
004/004_14.png,004_forge/004_19.png,0
004/004_14.png,004_forge/004_20.png,0
004/004_15.png,004_forge/004_00.png,0
004/004_15.png,004_forge/004_01.png,0
004/004_15.png,004_forge/004_02.png,0
004/004_15.png,004_forge/004_03.png,0
004/004_15.png,004_forge/004_04.png,0
004/004_15.png,004_forge/004_05.png,0
004/004_15.png,004_forge/004_06.png,0
004/004_15.png,004_forge/004_07.png,0
004/004_15.png,004_forge/004_08.png,0
004/004_15.png,004_forge/004_09.png,0
004/004_15.png,004_forge/004_10.png,0
004/004_15.png,004_forge/004_11.png,0
004/004_15.png,004_forge/004_12.png,0
004/004_15.png,004_forge/004_13.png,0
004/004_15.png,004_forge/004_14.png,0
004/004_15.png,004_forge/004_15.png,0
004/004_15.png,004_forge/004_16.png,0
004/004_15.png,004_forge/004_17.png,0
004/004_15.png,004_forge/004_18.png,0
004/004_15.png,004_forge/004_19.png,0
004/004_15.png,004_forge/004_20.png,0
004/004_16.png,004_forge/004_00.png,0
004/004_16.png,004_forge/004_01.png,0
004/004_16.png,004_forge/004_02.png,0
004/004_16.png,004_forge/004_03.png,0
004/004_16.png,004_forge/004_04.png,0
004/004_16.png,004_forge/004_05.png,0
004/004_16.png,004_forge/004_06.png,0
004/004_16.png,004_forge/004_07.png,0
004/004_16.png,004_forge/004_08.png,0
004/004_16.png,004_forge/004_09.png,0
004/004_16.png,004_forge/004_10.png,0
004/004_16.png,004_forge/004_11.png,0
004/004_16.png,004_forge/004_12.png,0
004/004_16.png,004_forge/004_13.png,0
004/004_16.png,004_forge/004_14.png,0
004/004_16.png,004_forge/004_15.png,0
004/004_16.png,004_forge/004_16.png,0
004/004_16.png,004_forge/004_17.png,0
004/004_16.png,004_forge/004_18.png,0
004/004_16.png,004_forge/004_19.png,0
004/004_16.png,004_forge/004_20.png,0
004/004_17.png,004_forge/004_00.png,0
004/004_17.png,004_forge/004_01.png,0
004/004_17.png,004_forge/004_02.png,0
004/004_17.png,004_forge/004_03.png,0
004/004_17.png,004_forge/004_04.png,0
004/004_17.png,004_forge/004_05.png,0
004/004_17.png,004_forge/004_06.png,0
004/004_17.png,004_forge/004_07.png,0
004/004_17.png,004_forge/004_08.png,0
004/004_17.png,004_forge/004_09.png,0
004/004_17.png,004_forge/004_10.png,0
004/004_17.png,004_forge/004_11.png,0
004/004_17.png,004_forge/004_12.png,0
004/004_17.png,004_forge/004_13.png,0
004/004_17.png,004_forge/004_14.png,0
004/004_17.png,004_forge/004_15.png,0
004/004_17.png,004_forge/004_16.png,0
004/004_17.png,004_forge/004_17.png,0
004/004_17.png,004_forge/004_18.png,0
004/004_17.png,004_forge/004_19.png,0
004/004_17.png,004_forge/004_20.png,0
004/004_18.png,004_forge/004_00.png,0
004/004_18.png,004_forge/004_01.png,0
004/004_18.png,004_forge/004_02.png,0
004/004_18.png,004_forge/004_03.png,0
004/004_18.png,004_forge/004_04.png,0
004/004_18.png,004_forge/004_05.png,0
004/004_18.png,004_forge/004_06.png,0
004/004_18.png,004_forge/004_07.png,0
004/004_18.png,004_forge/004_08.png,0
004/004_18.png,004_forge/004_09.png,0
004/004_18.png,004_forge/004_10.png,0
004/004_18.png,004_forge/004_11.png,0
004/004_18.png,004_forge/004_12.png,0
004/004_18.png,004_forge/004_13.png,0
004/004_18.png,004_forge/004_14.png,0
004/004_18.png,004_forge/004_15.png,0
004/004_18.png,004_forge/004_16.png,0
004/004_18.png,004_forge/004_17.png,0
004/004_18.png,004_forge/004_18.png,0
004/004_18.png,004_forge/004_19.png,0
004/004_18.png,004_forge/004_20.png,0
004/004_19.png,004_forge/004_00.png,0
004/004_19.png,004_forge/004_01.png,0
004/004_19.png,004_forge/004_02.png,0
004/004_19.png,004_forge/004_03.png,0
004/004_19.png,004_forge/004_04.png,0
004/004_19.png,004_forge/004_05.png,0
004/004_19.png,004_forge/004_06.png,0
004/004_19.png,004_forge/004_07.png,0
004/004_19.png,004_forge/004_08.png,0
004/004_19.png,004_forge/004_09.png,0
004/004_19.png,004_forge/004_10.png,0
004/004_19.png,004_forge/004_11.png,0
004/004_19.png,004_forge/004_12.png,0
004/004_19.png,004_forge/004_13.png,0
004/004_19.png,004_forge/004_14.png,0
004/004_19.png,004_forge/004_15.png,0
004/004_19.png,004_forge/004_16.png,0
004/004_19.png,004_forge/004_17.png,0
004/004_19.png,004_forge/004_18.png,0
004/004_19.png,004_forge/004_19.png,0
004/004_19.png,004_forge/004_20.png,0
004/004_20.png,004_forge/004_00.png,0
004/004_20.png,004_forge/004_01.png,0
004/004_20.png,004_forge/004_02.png,0
004/004_20.png,004_forge/004_03.png,0
004/004_20.png,004_forge/004_04.png,0
004/004_20.png,004_forge/004_05.png,0
004/004_20.png,004_forge/004_06.png,0
004/004_20.png,004_forge/004_07.png,0
004/004_20.png,004_forge/004_08.png,0
004/004_20.png,004_forge/004_09.png,0
004/004_20.png,004_forge/004_10.png,0
004/004_20.png,004_forge/004_11.png,0
004/004_20.png,004_forge/004_12.png,0
004/004_20.png,004_forge/004_13.png,0
004/004_20.png,004_forge/004_14.png,0
004/004_20.png,004_forge/004_15.png,0
004/004_20.png,004_forge/004_16.png,0
004/004_20.png,004_forge/004_17.png,0
004/004_20.png,004_forge/004_18.png,0
004/004_20.png,004_forge/004_19.png,0
004/004_20.png,004_forge/004_20.png,0
004/004_00.png,004/004_01.png,1
004/004_00.png,004/004_02.png,1
004/004_00.png,004/004_03.png,1
004/004_00.png,004/004_04.png,1
004/004_00.png,004/004_05.png,1
004/004_00.png,004/004_06.png,1
004/004_00.png,004/004_07.png,1
004/004_00.png,004/004_08.png,1
004/004_00.png,004/004_09.png,1
004/004_00.png,004/004_10.png,1
004/004_00.png,004/004_11.png,1
004/004_00.png,004/004_12.png,1
004/004_00.png,004/004_13.png,1
004/004_00.png,004/004_14.png,1
004/004_00.png,004/004_15.png,1
004/004_00.png,004/004_16.png,1
004/004_00.png,004/004_17.png,1
004/004_00.png,004/004_18.png,1
004/004_00.png,004/004_19.png,1
004/004_00.png,004/004_20.png,1
004/004_01.png,004/004_00.png,1
004/004_01.png,004/004_02.png,1
004/004_01.png,004/004_03.png,1
004/004_01.png,004/004_04.png,1
004/004_01.png,004/004_05.png,1
004/004_01.png,004/004_06.png,1
004/004_01.png,004/004_07.png,1
004/004_01.png,004/004_08.png,1
004/004_01.png,004/004_09.png,1
004/004_01.png,004/004_10.png,1
004/004_01.png,004/004_11.png,1
004/004_01.png,004/004_12.png,1
004/004_01.png,004/004_13.png,1
004/004_01.png,004/004_14.png,1
004/004_01.png,004/004_15.png,1
004/004_01.png,004/004_16.png,1
004/004_01.png,004/004_17.png,1
004/004_01.png,004/004_18.png,1
004/004_01.png,004/004_19.png,1
004/004_01.png,004/004_20.png,1
004/004_02.png,004/004_00.png,1
004/004_02.png,004/004_01.png,1
004/004_02.png,004/004_03.png,1
004/004_02.png,004/004_04.png,1
004/004_02.png,004/004_05.png,1
004/004_02.png,004/004_06.png,1
004/004_02.png,004/004_07.png,1
004/004_02.png,004/004_08.png,1
004/004_02.png,004/004_09.png,1
004/004_02.png,004/004_10.png,1
004/004_02.png,004/004_11.png,1
004/004_02.png,004/004_12.png,1
004/004_02.png,004/004_13.png,1
004/004_02.png,004/004_14.png,1
004/004_02.png,004/004_15.png,1
004/004_02.png,004/004_16.png,1
004/004_02.png,004/004_17.png,1
004/004_02.png,004/004_18.png,1
004/004_02.png,004/004_19.png,1
004/004_02.png,004/004_20.png,1
004/004_03.png,004/004_00.png,1
004/004_03.png,004/004_01.png,1
004/004_03.png,004/004_02.png,1
004/004_03.png,004/004_04.png,1
004/004_03.png,004/004_05.png,1
004/004_03.png,004/004_06.png,1
004/004_03.png,004/004_07.png,1
004/004_03.png,004/004_08.png,1
004/004_03.png,004/004_09.png,1
004/004_03.png,004/004_10.png,1
004/004_03.png,004/004_11.png,1
004/004_03.png,004/004_12.png,1
004/004_03.png,004/004_13.png,1
004/004_03.png,004/004_14.png,1
004/004_03.png,004/004_15.png,1
004/004_03.png,004/004_16.png,1
004/004_03.png,004/004_17.png,1
004/004_03.png,004/004_18.png,1
004/004_03.png,004/004_19.png,1
004/004_03.png,004/004_20.png,1
004/004_04.png,004/004_00.png,1
004/004_04.png,004/004_01.png,1
004/004_04.png,004/004_02.png,1
004/004_04.png,004/004_03.png,1
004/004_04.png,004/004_05.png,1
004/004_04.png,004/004_06.png,1
004/004_04.png,004/004_07.png,1
004/004_04.png,004/004_08.png,1
004/004_04.png,004/004_09.png,1
004/004_04.png,004/004_10.png,1
004/004_04.png,004/004_11.png,1
004/004_04.png,004/004_12.png,1
004/004_04.png,004/004_13.png,1
004/004_04.png,004/004_14.png,1
004/004_04.png,004/004_15.png,1
004/004_04.png,004/004_16.png,1
004/004_04.png,004/004_17.png,1
004/004_04.png,004/004_18.png,1
004/004_04.png,004/004_19.png,1
004/004_04.png,004/004_20.png,1
004/004_05.png,004/004_00.png,1
004/004_05.png,004/004_01.png,1
004/004_05.png,004/004_02.png,1
004/004_05.png,004/004_03.png,1
004/004_05.png,004/004_04.png,1
004/004_05.png,004/004_06.png,1
004/004_05.png,004/004_07.png,1
004/004_05.png,004/004_08.png,1
004/004_05.png,004/004_09.png,1
004/004_05.png,004/004_10.png,1
004/004_05.png,004/004_11.png,1
004/004_05.png,004/004_12.png,1
004/004_05.png,004/004_13.png,1
004/004_05.png,004/004_14.png,1
004/004_05.png,004/004_15.png,1
004/004_05.png,004/004_16.png,1
004/004_05.png,004/004_17.png,1
004/004_05.png,004/004_18.png,1
004/004_05.png,004/004_19.png,1
004/004_05.png,004/004_20.png,1
004/004_06.png,004/004_00.png,1
004/004_06.png,004/004_01.png,1
004/004_06.png,004/004_02.png,1
004/004_06.png,004/004_03.png,1
004/004_06.png,004/004_04.png,1
004/004_06.png,004/004_05.png,1
004/004_06.png,004/004_07.png,1
004/004_06.png,004/004_08.png,1
004/004_06.png,004/004_09.png,1
004/004_06.png,004/004_10.png,1
004/004_06.png,004/004_11.png,1
004/004_06.png,004/004_12.png,1
004/004_06.png,004/004_13.png,1
004/004_06.png,004/004_14.png,1
004/004_06.png,004/004_15.png,1
004/004_06.png,004/004_16.png,1
004/004_06.png,004/004_17.png,1
004/004_06.png,004/004_18.png,1
004/004_06.png,004/004_19.png,1
004/004_06.png,004/004_20.png,1
004/004_07.png,004/004_00.png,1
004/004_07.png,004/004_01.png,1
004/004_07.png,004/004_02.png,1
004/004_07.png,004/004_03.png,1
004/004_07.png,004/004_04.png,1
004/004_07.png,004/004_05.png,1
004/004_07.png,004/004_06.png,1
004/004_07.png,004/004_08.png,1
004/004_07.png,004/004_09.png,1
004/004_07.png,004/004_10.png,1
004/004_07.png,004/004_11.png,1
004/004_07.png,004/004_12.png,1
004/004_07.png,004/004_13.png,1
004/004_07.png,004/004_14.png,1
004/004_07.png,004/004_15.png,1
004/004_07.png,004/004_16.png,1
004/004_07.png,004/004_17.png,1
004/004_07.png,004/004_18.png,1
004/004_07.png,004/004_19.png,1
004/004_07.png,004/004_20.png,1
004/004_08.png,004/004_00.png,1
004/004_08.png,004/004_01.png,1
004/004_08.png,004/004_02.png,1
004/004_08.png,004/004_03.png,1
004/004_08.png,004/004_04.png,1
004/004_08.png,004/004_05.png,1
004/004_08.png,004/004_06.png,1
004/004_08.png,004/004_07.png,1
004/004_08.png,004/004_09.png,1
004/004_08.png,004/004_10.png,1
004/004_08.png,004/004_11.png,1
004/004_08.png,004/004_12.png,1
004/004_08.png,004/004_13.png,1
004/004_08.png,004/004_14.png,1
004/004_08.png,004/004_15.png,1
004/004_08.png,004/004_16.png,1
004/004_08.png,004/004_17.png,1
004/004_08.png,004/004_18.png,1
004/004_08.png,004/004_19.png,1
004/004_08.png,004/004_20.png,1
004/004_09.png,004/004_00.png,1
004/004_09.png,004/004_01.png,1
004/004_09.png,004/004_02.png,1
004/004_09.png,004/004_03.png,1
004/004_09.png,004/004_04.png,1
004/004_09.png,004/004_05.png,1
004/004_09.png,004/004_06.png,1
004/004_09.png,004/004_07.png,1
004/004_09.png,004/004_08.png,1
004/004_09.png,004/004_10.png,1
004/004_09.png,004/004_11.png,1
004/004_09.png,004/004_12.png,1
004/004_09.png,004/004_13.png,1
004/004_09.png,004/004_14.png,1
004/004_09.png,004/004_15.png,1
004/004_09.png,004/004_16.png,1
004/004_09.png,004/004_17.png,1
004/004_09.png,004/004_18.png,1
004/004_09.png,004/004_19.png,1
004/004_09.png,004/004_20.png,1
004/004_10.png,004/004_00.png,1
004/004_10.png,004/004_01.png,1
004/004_10.png,004/004_02.png,1
004/004_10.png,004/004_03.png,1
004/004_10.png,004/004_04.png,1
004/004_10.png,004/004_05.png,1
004/004_10.png,004/004_06.png,1
004/004_10.png,004/004_07.png,1
004/004_10.png,004/004_08.png,1
004/004_10.png,004/004_09.png,1
004/004_10.png,004/004_11.png,1
004/004_10.png,004/004_12.png,1
004/004_10.png,004/004_13.png,1
004/004_10.png,004/004_14.png,1
004/004_10.png,004/004_15.png,1
004/004_10.png,004/004_16.png,1
004/004_10.png,004/004_17.png,1
004/004_10.png,004/004_18.png,1
004/004_10.png,004/004_19.png,1
004/004_10.png,004/004_20.png,1
004/004_11.png,004/004_00.png,1
004/004_11.png,004/004_01.png,1
004/004_11.png,004/004_02.png,1
004/004_11.png,004/004_03.png,1
004/004_11.png,004/004_04.png,1
004/004_11.png,004/004_05.png,1
004/004_11.png,004/004_06.png,1
004/004_11.png,004/004_07.png,1
004/004_11.png,004/004_08.png,1
004/004_11.png,004/004_09.png,1
004/004_11.png,004/004_10.png,1
004/004_11.png,004/004_12.png,1
004/004_11.png,004/004_13.png,1
004/004_11.png,004/004_14.png,1
004/004_11.png,004/004_15.png,1
004/004_11.png,004/004_16.png,1
004/004_11.png,004/004_17.png,1
004/004_11.png,004/004_18.png,1
004/004_11.png,004/004_19.png,1
004/004_11.png,004/004_20.png,1
004/004_12.png,004/004_00.png,1
004/004_12.png,004/004_01.png,1
004/004_12.png,004/004_02.png,1
004/004_12.png,004/004_03.png,1
004/004_12.png,004/004_04.png,1
004/004_12.png,004/004_05.png,1
004/004_12.png,004/004_06.png,1
004/004_12.png,004/004_07.png,1
004/004_12.png,004/004_08.png,1
004/004_12.png,004/004_09.png,1
004/004_12.png,004/004_10.png,1
004/004_12.png,004/004_11.png,1
004/004_12.png,004/004_13.png,1
004/004_12.png,004/004_14.png,1
004/004_12.png,004/004_15.png,1
004/004_12.png,004/004_16.png,1
004/004_12.png,004/004_17.png,1
004/004_12.png,004/004_18.png,1
004/004_12.png,004/004_19.png,1
004/004_12.png,004/004_20.png,1
004/004_13.png,004/004_00.png,1
004/004_13.png,004/004_01.png,1
004/004_13.png,004/004_02.png,1
004/004_13.png,004/004_03.png,1
004/004_13.png,004/004_04.png,1
004/004_13.png,004/004_05.png,1
004/004_13.png,004/004_06.png,1
004/004_13.png,004/004_07.png,1
004/004_13.png,004/004_08.png,1
004/004_13.png,004/004_09.png,1
004/004_13.png,004/004_10.png,1
004/004_13.png,004/004_11.png,1
004/004_13.png,004/004_12.png,1
004/004_13.png,004/004_14.png,1
004/004_13.png,004/004_15.png,1
004/004_13.png,004/004_16.png,1
004/004_13.png,004/004_17.png,1
004/004_13.png,004/004_18.png,1
004/004_13.png,004/004_19.png,1
004/004_13.png,004/004_20.png,1
004/004_14.png,004/004_00.png,1
004/004_14.png,004/004_01.png,1
004/004_14.png,004/004_02.png,1
004/004_14.png,004/004_03.png,1
004/004_14.png,004/004_04.png,1
004/004_14.png,004/004_05.png,1
004/004_14.png,004/004_06.png,1
004/004_14.png,004/004_07.png,1
004/004_14.png,004/004_08.png,1
004/004_14.png,004/004_09.png,1
004/004_14.png,004/004_10.png,1
004/004_14.png,004/004_11.png,1
004/004_14.png,004/004_12.png,1
004/004_14.png,004/004_13.png,1
004/004_14.png,004/004_15.png,1
004/004_14.png,004/004_16.png,1
004/004_14.png,004/004_17.png,1
004/004_14.png,004/004_18.png,1
004/004_14.png,004/004_19.png,1
004/004_14.png,004/004_20.png,1
004/004_15.png,004/004_00.png,1
004/004_15.png,004/004_01.png,1
004/004_15.png,004/004_02.png,1
004/004_15.png,004/004_03.png,1
004/004_15.png,004/004_04.png,1
004/004_15.png,004/004_05.png,1
004/004_15.png,004/004_06.png,1
004/004_15.png,004/004_07.png,1
004/004_15.png,004/004_08.png,1
004/004_15.png,004/004_09.png,1
004/004_15.png,004/004_10.png,1
004/004_15.png,004/004_11.png,1
004/004_15.png,004/004_12.png,1
004/004_15.png,004/004_13.png,1
004/004_15.png,004/004_14.png,1
004/004_15.png,004/004_16.png,1
004/004_15.png,004/004_17.png,1
004/004_15.png,004/004_18.png,1
004/004_15.png,004/004_19.png,1
004/004_15.png,004/004_20.png,1
004/004_16.png,004/004_00.png,1
004/004_16.png,004/004_01.png,1
004/004_16.png,004/004_02.png,1
004/004_16.png,004/004_03.png,1
004/004_16.png,004/004_04.png,1
004/004_16.png,004/004_05.png,1
004/004_16.png,004/004_06.png,1
004/004_16.png,004/004_07.png,1
004/004_16.png,004/004_08.png,1
004/004_16.png,004/004_09.png,1
004/004_16.png,004/004_10.png,1
004/004_16.png,004/004_11.png,1
004/004_16.png,004/004_12.png,1
004/004_16.png,004/004_13.png,1
004/004_16.png,004/004_14.png,1
004/004_16.png,004/004_15.png,1
004/004_16.png,004/004_17.png,1
004/004_16.png,004/004_18.png,1
004/004_16.png,004/004_19.png,1
004/004_16.png,004/004_20.png,1
004/004_17.png,004/004_00.png,1
004/004_17.png,004/004_01.png,1
004/004_17.png,004/004_02.png,1
004/004_17.png,004/004_03.png,1
004/004_17.png,004/004_04.png,1
004/004_17.png,004/004_05.png,1
004/004_17.png,004/004_06.png,1
004/004_17.png,004/004_07.png,1
004/004_17.png,004/004_08.png,1
004/004_17.png,004/004_09.png,1
004/004_17.png,004/004_10.png,1
004/004_17.png,004/004_11.png,1
004/004_17.png,004/004_12.png,1
004/004_17.png,004/004_13.png,1
004/004_17.png,004/004_14.png,1
004/004_17.png,004/004_15.png,1
004/004_17.png,004/004_16.png,1
004/004_17.png,004/004_18.png,1
004/004_17.png,004/004_19.png,1
004/004_17.png,004/004_20.png,1
004/004_18.png,004/004_00.png,1
004/004_18.png,004/004_01.png,1
004/004_18.png,004/004_02.png,1
004/004_18.png,004/004_03.png,1
004/004_18.png,004/004_04.png,1
004/004_18.png,004/004_05.png,1
004/004_18.png,004/004_06.png,1
004/004_18.png,004/004_07.png,1
004/004_18.png,004/004_08.png,1
004/004_18.png,004/004_09.png,1
004/004_18.png,004/004_10.png,1
004/004_18.png,004/004_11.png,1
004/004_18.png,004/004_12.png,1
004/004_18.png,004/004_13.png,1
004/004_18.png,004/004_14.png,1
004/004_18.png,004/004_15.png,1
004/004_18.png,004/004_16.png,1
004/004_18.png,004/004_17.png,1
004/004_18.png,004/004_19.png,1
004/004_18.png,004/004_20.png,1
004/004_19.png,004/004_00.png,1
004/004_19.png,004/004_01.png,1
004/004_19.png,004/004_02.png,1
004/004_19.png,004/004_03.png,1
004/004_19.png,004/004_04.png,1
004/004_19.png,004/004_05.png,1
004/004_19.png,004/004_06.png,1
004/004_19.png,004/004_07.png,1
004/004_19.png,004/004_08.png,1
004/004_19.png,004/004_09.png,1
004/004_19.png,004/004_10.png,1
004/004_19.png,004/004_11.png,1
004/004_19.png,004/004_12.png,1
004/004_19.png,004/004_13.png,1
004/004_19.png,004/004_14.png,1
004/004_19.png,004/004_15.png,1
004/004_19.png,004/004_16.png,1
004/004_19.png,004/004_17.png,1
004/004_19.png,004/004_18.png,1
004/004_19.png,004/004_20.png,1
004/004_20.png,004/004_00.png,1
004/004_20.png,004/004_01.png,1
004/004_20.png,004/004_02.png,1
004/004_20.png,004/004_03.png,1
004/004_20.png,004/004_04.png,1
004/004_20.png,004/004_05.png,1
004/004_20.png,004/004_06.png,1
004/004_20.png,004/004_07.png,1
004/004_20.png,004/004_08.png,1
004/004_20.png,004/004_09.png,1
004/004_20.png,004/004_10.png,1
004/004_20.png,004/004_11.png,1
004/004_20.png,004/004_12.png,1
004/004_20.png,004/004_13.png,1
004/004_20.png,004/004_14.png,1
004/004_20.png,004/004_15.png,1
004/004_20.png,004/004_16.png,1
004/004_20.png,004/004_17.png,1
004/004_20.png,004/004_18.png,1
004/004_20.png,004/004_19.png,1
004/004_00.png,004_forge/004_00.png,0
004/004_00.png,004_forge/004_01.png,0
004/004_00.png,004_forge/004_02.png,0
004/004_00.png,004_forge/004_03.png,0
004/004_00.png,004_forge/004_04.png,0
004/004_00.png,004_forge/004_05.png,0
004/004_00.png,004_forge/004_06.png,0
004/004_00.png,004_forge/004_07.png,0
004/004_00.png,004_forge/004_08.png,0
004/004_00.png,004_forge/004_09.png,0
004/004_00.png,004_forge/004_10.png,0
004/004_00.png,004_forge/004_11.png,0
004/004_00.png,004_forge/004_12.png,0
004/004_00.png,004_forge/004_13.png,0
004/004_00.png,004_forge/004_14.png,0
004/004_00.png,004_forge/004_15.png,0
004/004_00.png,004_forge/004_16.png,0
004/004_00.png,004_forge/004_17.png,0
004/004_00.png,004_forge/004_18.png,0
004/004_00.png,004_forge/004_19.png,0
004/004_00.png,004_forge/004_20.png,0
004/004_01.png,004_forge/004_00.png,0
004/004_01.png,004_forge/004_01.png,0
004/004_01.png,004_forge/004_02.png,0
004/004_01.png,004_forge/004_03.png,0
004/004_01.png,004_forge/004_04.png,0
004/004_01.png,004_forge/004_05.png,0
004/004_01.png,004_forge/004_06.png,0
004/004_01.png,004_forge/004_07.png,0
004/004_01.png,004_forge/004_08.png,0
004/004_01.png,004_forge/004_09.png,0
004/004_01.png,004_forge/004_10.png,0
004/004_01.png,004_forge/004_11.png,0
004/004_01.png,004_forge/004_12.png,0
004/004_01.png,004_forge/004_13.png,0
004/004_01.png,004_forge/004_14.png,0
004/004_01.png,004_forge/004_15.png,0
004/004_01.png,004_forge/004_16.png,0
004/004_01.png,004_forge/004_17.png,0
004/004_01.png,004_forge/004_18.png,0
004/004_01.png,004_forge/004_19.png,0
004/004_01.png,004_forge/004_20.png,0
004/004_02.png,004_forge/004_00.png,0
004/004_02.png,004_forge/004_01.png,0
004/004_02.png,004_forge/004_02.png,0
004/004_02.png,004_forge/004_03.png,0
004/004_02.png,004_forge/004_04.png,0
004/004_02.png,004_forge/004_05.png,0
004/004_02.png,004_forge/004_06.png,0
004/004_02.png,004_forge/004_07.png,0
004/004_02.png,004_forge/004_08.png,0
004/004_02.png,004_forge/004_09.png,0
004/004_02.png,004_forge/004_10.png,0
004/004_02.png,004_forge/004_11.png,0
004/004_02.png,004_forge/004_12.png,0
004/004_02.png,004_forge/004_13.png,0
004/004_02.png,004_forge/004_14.png,0
004/004_02.png,004_forge/004_15.png,0
004/004_02.png,004_forge/004_16.png,0
004/004_02.png,004_forge/004_17.png,0
004/004_02.png,004_forge/004_18.png,0
004/004_02.png,004_forge/004_19.png,0
004/004_02.png,004_forge/004_20.png,0
004/004_03.png,004_forge/004_00.png,0
004/004_03.png,004_forge/004_01.png,0
004/004_03.png,004_forge/004_02.png,0
004/004_03.png,004_forge/004_03.png,0
004/004_03.png,004_forge/004_04.png,0
004/004_03.png,004_forge/004_05.png,0
004/004_03.png,004_forge/004_06.png,0
004/004_03.png,004_forge/004_07.png,0
004/004_03.png,004_forge/004_08.png,0
004/004_03.png,004_forge/004_09.png,0
004/004_03.png,004_forge/004_10.png,0
004/004_03.png,004_forge/004_11.png,0
004/004_03.png,004_forge/004_12.png,0
004/004_03.png,004_forge/004_13.png,0
004/004_03.png,004_forge/004_14.png,0
004/004_03.png,004_forge/004_15.png,0
004/004_03.png,004_forge/004_16.png,0
004/004_03.png,004_forge/004_17.png,0
004/004_03.png,004_forge/004_18.png,0
004/004_03.png,004_forge/004_19.png,0
004/004_03.png,004_forge/004_20.png,0
004/004_04.png,004_forge/004_00.png,0
004/004_04.png,004_forge/004_01.png,0
004/004_04.png,004_forge/004_02.png,0
004/004_04.png,004_forge/004_03.png,0
004/004_04.png,004_forge/004_04.png,0
004/004_04.png,004_forge/004_05.png,0
004/004_04.png,004_forge/004_06.png,0
004/004_04.png,004_forge/004_07.png,0
004/004_04.png,004_forge/004_08.png,0
004/004_04.png,004_forge/004_09.png,0
004/004_04.png,004_forge/004_10.png,0
004/004_04.png,004_forge/004_11.png,0
004/004_04.png,004_forge/004_12.png,0
004/004_04.png,004_forge/004_13.png,0
004/004_04.png,004_forge/004_14.png,0
004/004_04.png,004_forge/004_15.png,0
004/004_04.png,004_forge/004_16.png,0
004/004_04.png,004_forge/004_17.png,0
004/004_04.png,004_forge/004_18.png,0
004/004_04.png,004_forge/004_19.png,0
004/004_04.png,004_forge/004_20.png,0
004/004_05.png,004_forge/004_00.png,0
004/004_05.png,004_forge/004_01.png,0
004/004_05.png,004_forge/004_02.png,0
004/004_05.png,004_forge/004_03.png,0
004/004_05.png,004_forge/004_04.png,0
004/004_05.png,004_forge/004_05.png,0
004/004_05.png,004_forge/004_06.png,0
004/004_05.png,004_forge/004_07.png,0
004/004_05.png,004_forge/004_08.png,0
004/004_05.png,004_forge/004_09.png,0
004/004_05.png,004_forge/004_10.png,0
004/004_05.png,004_forge/004_11.png,0
004/004_05.png,004_forge/004_12.png,0
004/004_05.png,004_forge/004_13.png,0
004/004_05.png,004_forge/004_14.png,0
004/004_05.png,004_forge/004_15.png,0
004/004_05.png,004_forge/004_16.png,0
004/004_05.png,004_forge/004_17.png,0
004/004_05.png,004_forge/004_18.png,0
004/004_05.png,004_forge/004_19.png,0
004/004_05.png,004_forge/004_20.png,0
004/004_06.png,004_forge/004_00.png,0
004/004_06.png,004_forge/004_01.png,0
004/004_06.png,004_forge/004_02.png,0
004/004_06.png,004_forge/004_03.png,0
004/004_06.png,004_forge/004_04.png,0
004/004_06.png,004_forge/004_05.png,0
004/004_06.png,004_forge/004_06.png,0
004/004_06.png,004_forge/004_07.png,0
004/004_06.png,004_forge/004_08.png,0
004/004_06.png,004_forge/004_09.png,0
004/004_06.png,004_forge/004_10.png,0
004/004_06.png,004_forge/004_11.png,0
004/004_06.png,004_forge/004_12.png,0
004/004_06.png,004_forge/004_13.png,0
004/004_06.png,004_forge/004_14.png,0
004/004_06.png,004_forge/004_15.png,0
004/004_06.png,004_forge/004_16.png,0
004/004_06.png,004_forge/004_17.png,0
004/004_06.png,004_forge/004_18.png,0
004/004_06.png,004_forge/004_19.png,0
004/004_06.png,004_forge/004_20.png,0
004/004_07.png,004_forge/004_00.png,0
004/004_07.png,004_forge/004_01.png,0
004/004_07.png,004_forge/004_02.png,0
004/004_07.png,004_forge/004_03.png,0
004/004_07.png,004_forge/004_04.png,0
004/004_07.png,004_forge/004_05.png,0
004/004_07.png,004_forge/004_06.png,0
004/004_07.png,004_forge/004_07.png,0
004/004_07.png,004_forge/004_08.png,0
004/004_07.png,004_forge/004_09.png,0
004/004_07.png,004_forge/004_10.png,0
004/004_07.png,004_forge/004_11.png,0
004/004_07.png,004_forge/004_12.png,0
004/004_07.png,004_forge/004_13.png,0
004/004_07.png,004_forge/004_14.png,0
004/004_07.png,004_forge/004_15.png,0
004/004_07.png,004_forge/004_16.png,0
004/004_07.png,004_forge/004_17.png,0
004/004_07.png,004_forge/004_18.png,0
004/004_07.png,004_forge/004_19.png,0
004/004_07.png,004_forge/004_20.png,0
004/004_08.png,004_forge/004_00.png,0
004/004_08.png,004_forge/004_01.png,0
004/004_08.png,004_forge/004_02.png,0
004/004_08.png,004_forge/004_03.png,0
004/004_08.png,004_forge/004_04.png,0
004/004_08.png,004_forge/004_05.png,0
004/004_08.png,004_forge/004_06.png,0
004/004_08.png,004_forge/004_07.png,0
004/004_08.png,004_forge/004_08.png,0
004/004_08.png,004_forge/004_09.png,0
004/004_08.png,004_forge/004_10.png,0
004/004_08.png,004_forge/004_11.png,0
004/004_08.png,004_forge/004_12.png,0
004/004_08.png,004_forge/004_13.png,0
004/004_08.png,004_forge/004_14.png,0
004/004_08.png,004_forge/004_15.png,0
004/004_08.png,004_forge/004_16.png,0
004/004_08.png,004_forge/004_17.png,0
004/004_08.png,004_forge/004_18.png,0
004/004_08.png,004_forge/004_19.png,0
004/004_08.png,004_forge/004_20.png,0
004/004_09.png,004_forge/004_00.png,0
004/004_09.png,004_forge/004_01.png,0
004/004_09.png,004_forge/004_02.png,0
004/004_09.png,004_forge/004_03.png,0
004/004_09.png,004_forge/004_04.png,0
004/004_09.png,004_forge/004_05.png,0
004/004_09.png,004_forge/004_06.png,0
004/004_09.png,004_forge/004_07.png,0
004/004_09.png,004_forge/004_08.png,0
004/004_09.png,004_forge/004_09.png,0
004/004_09.png,004_forge/004_10.png,0
004/004_09.png,004_forge/004_11.png,0
004/004_09.png,004_forge/004_12.png,0
004/004_09.png,004_forge/004_13.png,0
004/004_09.png,004_forge/004_14.png,0
004/004_09.png,004_forge/004_15.png,0
004/004_09.png,004_forge/004_16.png,0
004/004_09.png,004_forge/004_17.png,0
004/004_09.png,004_forge/004_18.png,0
004/004_09.png,004_forge/004_19.png,0
004/004_09.png,004_forge/004_20.png,0
004/004_10.png,004_forge/004_00.png,0
004/004_10.png,004_forge/004_01.png,0
004/004_10.png,004_forge/004_02.png,0
004/004_10.png,004_forge/004_03.png,0
004/004_10.png,004_forge/004_04.png,0
004/004_10.png,004_forge/004_05.png,0
004/004_10.png,004_forge/004_06.png,0
004/004_10.png,004_forge/004_07.png,0
004/004_10.png,004_forge/004_08.png,0
004/004_10.png,004_forge/004_09.png,0
004/004_10.png,004_forge/004_10.png,0
004/004_10.png,004_forge/004_11.png,0
004/004_10.png,004_forge/004_12.png,0
004/004_10.png,004_forge/004_13.png,0
004/004_10.png,004_forge/004_14.png,0
004/004_10.png,004_forge/004_15.png,0
004/004_10.png,004_forge/004_16.png,0
004/004_10.png,004_forge/004_17.png,0
004/004_10.png,004_forge/004_18.png,0
004/004_10.png,004_forge/004_19.png,0
004/004_10.png,004_forge/004_20.png,0
004/004_11.png,004_forge/004_00.png,0
004/004_11.png,004_forge/004_01.png,0
004/004_11.png,004_forge/004_02.png,0
004/004_11.png,004_forge/004_03.png,0
004/004_11.png,004_forge/004_04.png,0
004/004_11.png,004_forge/004_05.png,0
004/004_11.png,004_forge/004_06.png,0
004/004_11.png,004_forge/004_07.png,0
004/004_11.png,004_forge/004_08.png,0
004/004_11.png,004_forge/004_09.png,0
004/004_11.png,004_forge/004_10.png,0
004/004_11.png,004_forge/004_11.png,0
004/004_11.png,004_forge/004_12.png,0
004/004_11.png,004_forge/004_13.png,0
004/004_11.png,004_forge/004_14.png,0
004/004_11.png,004_forge/004_15.png,0
004/004_11.png,004_forge/004_16.png,0
004/004_11.png,004_forge/004_17.png,0
004/004_11.png,004_forge/004_18.png,0
004/004_11.png,004_forge/004_19.png,0
004/004_11.png,004_forge/004_20.png,0
004/004_12.png,004_forge/004_00.png,0
004/004_12.png,004_forge/004_01.png,0
004/004_12.png,004_forge/004_02.png,0
004/004_12.png,004_forge/004_03.png,0
004/004_12.png,004_forge/004_04.png,0
004/004_12.png,004_forge/004_05.png,0
004/004_12.png,004_forge/004_06.png,0
004/004_12.png,004_forge/004_07.png,0
004/004_12.png,004_forge/004_08.png,0
004/004_12.png,004_forge/004_09.png,0
004/004_12.png,004_forge/004_10.png,0
004/004_12.png,004_forge/004_11.png,0
004/004_12.png,004_forge/004_12.png,0
004/004_12.png,004_forge/004_13.png,0
004/004_12.png,004_forge/004_14.png,0
004/004_12.png,004_forge/004_15.png,0
004/004_12.png,004_forge/004_16.png,0
004/004_12.png,004_forge/004_17.png,0
004/004_12.png,004_forge/004_18.png,0
004/004_12.png,004_forge/004_19.png,0
004/004_12.png,004_forge/004_20.png,0
004/004_13.png,004_forge/004_00.png,0
004/004_13.png,004_forge/004_01.png,0
004/004_13.png,004_forge/004_02.png,0
004/004_13.png,004_forge/004_03.png,0
004/004_13.png,004_forge/004_04.png,0
004/004_13.png,004_forge/004_05.png,0
004/004_13.png,004_forge/004_06.png,0
004/004_13.png,004_forge/004_07.png,0
004/004_13.png,004_forge/004_08.png,0
004/004_13.png,004_forge/004_09.png,0
004/004_13.png,004_forge/004_10.png,0
004/004_13.png,004_forge/004_11.png,0
004/004_13.png,004_forge/004_12.png,0
004/004_13.png,004_forge/004_13.png,0
004/004_13.png,004_forge/004_14.png,0
004/004_13.png,004_forge/004_15.png,0
004/004_13.png,004_forge/004_16.png,0
004/004_13.png,004_forge/004_17.png,0
004/004_13.png,004_forge/004_18.png,0
004/004_13.png,004_forge/004_19.png,0
004/004_13.png,004_forge/004_20.png,0
004/004_14.png,004_forge/004_00.png,0
004/004_14.png,004_forge/004_01.png,0
004/004_14.png,004_forge/004_02.png,0
004/004_14.png,004_forge/004_03.png,0
004/004_14.png,004_forge/004_04.png,0
004/004_14.png,004_forge/004_05.png,0
004/004_14.png,004_forge/004_06.png,0
004/004_14.png,004_forge/004_07.png,0
004/004_14.png,004_forge/004_08.png,0
004/004_14.png,004_forge/004_09.png,0
004/004_14.png,004_forge/004_10.png,0
004/004_14.png,004_forge/004_11.png,0
004/004_14.png,004_forge/004_12.png,0
004/004_14.png,004_forge/004_13.png,0
004/004_14.png,004_forge/004_14.png,0
004/004_14.png,004_forge/004_15.png,0
004/004_14.png,004_forge/004_16.png,0
004/004_14.png,004_forge/004_17.png,0
004/004_14.png,004_forge/004_18.png,0
004/004_14.png,004_forge/004_19.png,0
004/004_14.png,004_forge/004_20.png,0
004/004_15.png,004_forge/004_00.png,0
004/004_15.png,004_forge/004_01.png,0
004/004_15.png,004_forge/004_02.png,0
004/004_15.png,004_forge/004_03.png,0
004/004_15.png,004_forge/004_04.png,0
004/004_15.png,004_forge/004_05.png,0
004/004_15.png,004_forge/004_06.png,0
004/004_15.png,004_forge/004_07.png,0
004/004_15.png,004_forge/004_08.png,0
004/004_15.png,004_forge/004_09.png,0
004/004_15.png,004_forge/004_10.png,0
004/004_15.png,004_forge/004_11.png,0
004/004_15.png,004_forge/004_12.png,0
004/004_15.png,004_forge/004_13.png,0
004/004_15.png,004_forge/004_14.png,0
004/004_15.png,004_forge/004_15.png,0
004/004_15.png,004_forge/004_16.png,0
004/004_15.png,004_forge/004_17.png,0
004/004_15.png,004_forge/004_18.png,0
004/004_15.png,004_forge/004_19.png,0
004/004_15.png,004_forge/004_20.png,0
004/004_16.png,004_forge/004_00.png,0
004/004_16.png,004_forge/004_01.png,0
004/004_16.png,004_forge/004_02.png,0
004/004_16.png,004_forge/004_03.png,0
004/004_16.png,004_forge/004_04.png,0
004/004_16.png,004_forge/004_05.png,0
004/004_16.png,004_forge/004_06.png,0
004/004_16.png,004_forge/004_07.png,0
004/004_16.png,004_forge/004_08.png,0
004/004_16.png,004_forge/004_09.png,0
004/004_16.png,004_forge/004_10.png,0
004/004_16.png,004_forge/004_11.png,0
004/004_16.png,004_forge/004_12.png,0
004/004_16.png,004_forge/004_13.png,0
004/004_16.png,004_forge/004_14.png,0
004/004_16.png,004_forge/004_15.png,0
004/004_16.png,004_forge/004_16.png,0
004/004_16.png,004_forge/004_17.png,0
004/004_16.png,004_forge/004_18.png,0
004/004_16.png,004_forge/004_19.png,0
004/004_16.png,004_forge/004_20.png,0
004/004_17.png,004_forge/004_00.png,0
004/004_17.png,004_forge/004_01.png,0
004/004_17.png,004_forge/004_02.png,0
004/004_17.png,004_forge/004_03.png,0
004/004_17.png,004_forge/004_04.png,0
004/004_17.png,004_forge/004_05.png,0
004/004_17.png,004_forge/004_06.png,0
004/004_17.png,004_forge/004_07.png,0
004/004_17.png,004_forge/004_08.png,0
004/004_17.png,004_forge/004_09.png,0
004/004_17.png,004_forge/004_10.png,0
004/004_17.png,004_forge/004_11.png,0
004/004_17.png,004_forge/004_12.png,0
004/004_17.png,004_forge/004_13.png,0
004/004_17.png,004_forge/004_14.png,0
004/004_17.png,004_forge/004_15.png,0
004/004_17.png,004_forge/004_16.png,0
004/004_17.png,004_forge/004_17.png,0
004/004_17.png,004_forge/004_18.png,0
004/004_17.png,004_forge/004_19.png,0
004/004_17.png,004_forge/004_20.png,0
004/004_18.png,004_forge/004_00.png,0
004/004_18.png,004_forge/004_01.png,0
004/004_18.png,004_forge/004_02.png,0
004/004_18.png,004_forge/004_03.png,0
004/004_18.png,004_forge/004_04.png,0
004/004_18.png,004_forge/004_05.png,0
004/004_18.png,004_forge/004_06.png,0
004/004_18.png,004_forge/004_07.png,0
004/004_18.png,004_forge/004_08.png,0
004/004_18.png,004_forge/004_09.png,0
004/004_18.png,004_forge/004_10.png,0
004/004_18.png,004_forge/004_11.png,0
004/004_18.png,004_forge/004_12.png,0
004/004_18.png,004_forge/004_13.png,0
004/004_18.png,004_forge/004_14.png,0
004/004_18.png,004_forge/004_15.png,0
004/004_18.png,004_forge/004_16.png,0
004/004_18.png,004_forge/004_17.png,0
004/004_18.png,004_forge/004_18.png,0
004/004_18.png,004_forge/004_19.png,0
004/004_18.png,004_forge/004_20.png,0
004/004_19.png,004_forge/004_00.png,0
004/004_19.png,004_forge/004_01.png,0
004/004_19.png,004_forge/004_02.png,0
004/004_19.png,004_forge/004_03.png,0
004/004_19.png,004_forge/004_04.png,0
004/004_19.png,004_forge/004_05.png,0
004/004_19.png,004_forge/004_06.png,0
004/004_19.png,004_forge/004_07.png,0
004/004_19.png,004_forge/004_08.png,0
004/004_19.png,004_forge/004_09.png,0
004/004_19.png,004_forge/004_10.png,0
004/004_19.png,004_forge/004_11.png,0
004/004_19.png,004_forge/004_12.png,0
004/004_19.png,004_forge/004_13.png,0
004/004_19.png,004_forge/004_14.png,0
004/004_19.png,004_forge/004_15.png,0
004/004_19.png,004_forge/004_16.png,0
004/004_19.png,004_forge/004_17.png,0
004/004_19.png,004_forge/004_18.png,0
004/004_19.png,004_forge/004_19.png,0
004/004_19.png,004_forge/004_20.png,0
004/004_20.png,004_forge/004_00.png,0
004/004_20.png,004_forge/004_01.png,0
004/004_20.png,004_forge/004_02.png,0
004/004_20.png,004_forge/004_03.png,0
004/004_20.png,004_forge/004_04.png,0
004/004_20.png,004_forge/004_05.png,0
004/004_20.png,004_forge/004_06.png,0
004/004_20.png,004_forge/004_07.png,0
004/004_20.png,004_forge/004_08.png,0
004/004_20.png,004_forge/004_09.png,0
004/004_20.png,004_forge/004_10.png,0
004/004_20.png,004_forge/004_11.png,0
004/004_20.png,004_forge/004_12.png,0
004/004_20.png,004_forge/004_13.png,0
004/004_20.png,004_forge/004_14.png,0
004/004_20.png,004_forge/004_15.png,0
004/004_20.png,004_forge/004_16.png,0
004/004_20.png,004_forge/004_17.png,0
004/004_20.png,004_forge/004_18.png,0
004/004_20.png,004_forge/004_19.png,0
004/004_20.png,004_forge/004_20.png,0
005/005_00.png,005/005_01.png,1
005/005_00.png,005/005_02.png,1
005/005_00.png,005/005_03.png,1
005/005_00.png,005/005_04.png,1
005/005_00.png,005/005_05.png,1
005/005_00.png,005/005_06.png,1
005/005_00.png,005/005_07.png,1
005/005_00.png,005/005_08.png,1
005/005_00.png,005/005_09.png,1
005/005_00.png,005/005_10.png,1
005/005_00.png,005/005_11.png,1
005/005_00.png,005/005_12.png,1
005/005_00.png,005/005_13.png,1
005/005_00.png,005/005_14.png,1
005/005_00.png,005/005_15.png,1
005/005_00.png,005/005_16.png,1
005/005_00.png,005/005_17.png,1
005/005_00.png,005/005_18.png,1
005/005_00.png,005/005_19.png,1
005/005_00.png,005/005_20.png,1
005/005_01.png,005/005_00.png,1
005/005_01.png,005/005_02.png,1
005/005_01.png,005/005_03.png,1
005/005_01.png,005/005_04.png,1
005/005_01.png,005/005_05.png,1
005/005_01.png,005/005_06.png,1
005/005_01.png,005/005_07.png,1
005/005_01.png,005/005_08.png,1
005/005_01.png,005/005_09.png,1
005/005_01.png,005/005_10.png,1
005/005_01.png,005/005_11.png,1
005/005_01.png,005/005_12.png,1
005/005_01.png,005/005_13.png,1
005/005_01.png,005/005_14.png,1
005/005_01.png,005/005_15.png,1
005/005_01.png,005/005_16.png,1
005/005_01.png,005/005_17.png,1
005/005_01.png,005/005_18.png,1
005/005_01.png,005/005_19.png,1
005/005_01.png,005/005_20.png,1
005/005_02.png,005/005_00.png,1
005/005_02.png,005/005_01.png,1
005/005_02.png,005/005_03.png,1
005/005_02.png,005/005_04.png,1
005/005_02.png,005/005_05.png,1
005/005_02.png,005/005_06.png,1
005/005_02.png,005/005_07.png,1
005/005_02.png,005/005_08.png,1
005/005_02.png,005/005_09.png,1
005/005_02.png,005/005_10.png,1
005/005_02.png,005/005_11.png,1
005/005_02.png,005/005_12.png,1
005/005_02.png,005/005_13.png,1
005/005_02.png,005/005_14.png,1
005/005_02.png,005/005_15.png,1
005/005_02.png,005/005_16.png,1
005/005_02.png,005/005_17.png,1
005/005_02.png,005/005_18.png,1
005/005_02.png,005/005_19.png,1
005/005_02.png,005/005_20.png,1
005/005_03.png,005/005_00.png,1
005/005_03.png,005/005_01.png,1
005/005_03.png,005/005_02.png,1
005/005_03.png,005/005_04.png,1
005/005_03.png,005/005_05.png,1
005/005_03.png,005/005_06.png,1
005/005_03.png,005/005_07.png,1
005/005_03.png,005/005_08.png,1
005/005_03.png,005/005_09.png,1
005/005_03.png,005/005_10.png,1
005/005_03.png,005/005_11.png,1
005/005_03.png,005/005_12.png,1
005/005_03.png,005/005_13.png,1
005/005_03.png,005/005_14.png,1
005/005_03.png,005/005_15.png,1
005/005_03.png,005/005_16.png,1
005/005_03.png,005/005_17.png,1
005/005_03.png,005/005_18.png,1
005/005_03.png,005/005_19.png,1
005/005_03.png,005/005_20.png,1
005/005_04.png,005/005_00.png,1
005/005_04.png,005/005_01.png,1
005/005_04.png,005/005_02.png,1
005/005_04.png,005/005_03.png,1
005/005_04.png,005/005_05.png,1
005/005_04.png,005/005_06.png,1
005/005_04.png,005/005_07.png,1
005/005_04.png,005/005_08.png,1
005/005_04.png,005/005_09.png,1
005/005_04.png,005/005_10.png,1
005/005_04.png,005/005_11.png,1
005/005_04.png,005/005_12.png,1
005/005_04.png,005/005_13.png,1
005/005_04.png,005/005_14.png,1
005/005_04.png,005/005_15.png,1
005/005_04.png,005/005_16.png,1
005/005_04.png,005/005_17.png,1
005/005_04.png,005/005_18.png,1
005/005_04.png,005/005_19.png,1
005/005_04.png,005/005_20.png,1
005/005_05.png,005/005_00.png,1
005/005_05.png,005/005_01.png,1
005/005_05.png,005/005_02.png,1
005/005_05.png,005/005_03.png,1
005/005_05.png,005/005_04.png,1
005/005_05.png,005/005_06.png,1
005/005_05.png,005/005_07.png,1
005/005_05.png,005/005_08.png,1
005/005_05.png,005/005_09.png,1
005/005_05.png,005/005_10.png,1
005/005_05.png,005/005_11.png,1
005/005_05.png,005/005_12.png,1
005/005_05.png,005/005_13.png,1
005/005_05.png,005/005_14.png,1
005/005_05.png,005/005_15.png,1
005/005_05.png,005/005_16.png,1
005/005_05.png,005/005_17.png,1
005/005_05.png,005/005_18.png,1
005/005_05.png,005/005_19.png,1
005/005_05.png,005/005_20.png,1
005/005_06.png,005/005_00.png,1
005/005_06.png,005/005_01.png,1
005/005_06.png,005/005_02.png,1
005/005_06.png,005/005_03.png,1
005/005_06.png,005/005_04.png,1
005/005_06.png,005/005_05.png,1
005/005_06.png,005/005_07.png,1
005/005_06.png,005/005_08.png,1
005/005_06.png,005/005_09.png,1
005/005_06.png,005/005_10.png,1
005/005_06.png,005/005_11.png,1
005/005_06.png,005/005_12.png,1
005/005_06.png,005/005_13.png,1
005/005_06.png,005/005_14.png,1
005/005_06.png,005/005_15.png,1
005/005_06.png,005/005_16.png,1
005/005_06.png,005/005_17.png,1
005/005_06.png,005/005_18.png,1
005/005_06.png,005/005_19.png,1
005/005_06.png,005/005_20.png,1
005/005_07.png,005/005_00.png,1
005/005_07.png,005/005_01.png,1
005/005_07.png,005/005_02.png,1
005/005_07.png,005/005_03.png,1
005/005_07.png,005/005_04.png,1
005/005_07.png,005/005_05.png,1
005/005_07.png,005/005_06.png,1
005/005_07.png,005/005_08.png,1
005/005_07.png,005/005_09.png,1
005/005_07.png,005/005_10.png,1
005/005_07.png,005/005_11.png,1
005/005_07.png,005/005_12.png,1
005/005_07.png,005/005_13.png,1
005/005_07.png,005/005_14.png,1
005/005_07.png,005/005_15.png,1
005/005_07.png,005/005_16.png,1
005/005_07.png,005/005_17.png,1
005/005_07.png,005/005_18.png,1
005/005_07.png,005/005_19.png,1
005/005_07.png,005/005_20.png,1
005/005_08.png,005/005_00.png,1
005/005_08.png,005/005_01.png,1
005/005_08.png,005/005_02.png,1
005/005_08.png,005/005_03.png,1
005/005_08.png,005/005_04.png,1
005/005_08.png,005/005_05.png,1
005/005_08.png,005/005_06.png,1
005/005_08.png,005/005_07.png,1
005/005_08.png,005/005_09.png,1
005/005_08.png,005/005_10.png,1
005/005_08.png,005/005_11.png,1
005/005_08.png,005/005_12.png,1
005/005_08.png,005/005_13.png,1
005/005_08.png,005/005_14.png,1
005/005_08.png,005/005_15.png,1
005/005_08.png,005/005_16.png,1
005/005_08.png,005/005_17.png,1
005/005_08.png,005/005_18.png,1
005/005_08.png,005/005_19.png,1
005/005_08.png,005/005_20.png,1
005/005_09.png,005/005_00.png,1
005/005_09.png,005/005_01.png,1
005/005_09.png,005/005_02.png,1
005/005_09.png,005/005_03.png,1
005/005_09.png,005/005_04.png,1
005/005_09.png,005/005_05.png,1
005/005_09.png,005/005_06.png,1
005/005_09.png,005/005_07.png,1
005/005_09.png,005/005_08.png,1
005/005_09.png,005/005_10.png,1
005/005_09.png,005/005_11.png,1
005/005_09.png,005/005_12.png,1
005/005_09.png,005/005_13.png,1
005/005_09.png,005/005_14.png,1
005/005_09.png,005/005_15.png,1
005/005_09.png,005/005_16.png,1
005/005_09.png,005/005_17.png,1
005/005_09.png,005/005_18.png,1
005/005_09.png,005/005_19.png,1
005/005_09.png,005/005_20.png,1
005/005_10.png,005/005_00.png,1
005/005_10.png,005/005_01.png,1
005/005_10.png,005/005_02.png,1
005/005_10.png,005/005_03.png,1
005/005_10.png,005/005_04.png,1
005/005_10.png,005/005_05.png,1
005/005_10.png,005/005_06.png,1
005/005_10.png,005/005_07.png,1
005/005_10.png,005/005_08.png,1
005/005_10.png,005/005_09.png,1
005/005_10.png,005/005_11.png,1
005/005_10.png,005/005_12.png,1
005/005_10.png,005/005_13.png,1
005/005_10.png,005/005_14.png,1
005/005_10.png,005/005_15.png,1
005/005_10.png,005/005_16.png,1
005/005_10.png,005/005_17.png,1
005/005_10.png,005/005_18.png,1
005/005_10.png,005/005_19.png,1
005/005_10.png,005/005_20.png,1
005/005_11.png,005/005_00.png,1
005/005_11.png,005/005_01.png,1
005/005_11.png,005/005_02.png,1
005/005_11.png,005/005_03.png,1
005/005_11.png,005/005_04.png,1
005/005_11.png,005/005_05.png,1
005/005_11.png,005/005_06.png,1
005/005_11.png,005/005_07.png,1
005/005_11.png,005/005_08.png,1
005/005_11.png,005/005_09.png,1
005/005_11.png,005/005_10.png,1
005/005_11.png,005/005_12.png,1
005/005_11.png,005/005_13.png,1
005/005_11.png,005/005_14.png,1
005/005_11.png,005/005_15.png,1
005/005_11.png,005/005_16.png,1
005/005_11.png,005/005_17.png,1
005/005_11.png,005/005_18.png,1
005/005_11.png,005/005_19.png,1
005/005_11.png,005/005_20.png,1
005/005_12.png,005/005_00.png,1
005/005_12.png,005/005_01.png,1
005/005_12.png,005/005_02.png,1
005/005_12.png,005/005_03.png,1
005/005_12.png,005/005_04.png,1
005/005_12.png,005/005_05.png,1
005/005_12.png,005/005_06.png,1
005/005_12.png,005/005_07.png,1
005/005_12.png,005/005_08.png,1
005/005_12.png,005/005_09.png,1
005/005_12.png,005/005_10.png,1
005/005_12.png,005/005_11.png,1
005/005_12.png,005/005_13.png,1
005/005_12.png,005/005_14.png,1
005/005_12.png,005/005_15.png,1
005/005_12.png,005/005_16.png,1
005/005_12.png,005/005_17.png,1
005/005_12.png,005/005_18.png,1
005/005_12.png,005/005_19.png,1
005/005_12.png,005/005_20.png,1
005/005_13.png,005/005_00.png,1
005/005_13.png,005/005_01.png,1
005/005_13.png,005/005_02.png,1
005/005_13.png,005/005_03.png,1
005/005_13.png,005/005_04.png,1
005/005_13.png,005/005_05.png,1
005/005_13.png,005/005_06.png,1
005/005_13.png,005/005_07.png,1
005/005_13.png,005/005_08.png,1
005/005_13.png,005/005_09.png,1
005/005_13.png,005/005_10.png,1
005/005_13.png,005/005_11.png,1
005/005_13.png,005/005_12.png,1
005/005_13.png,005/005_14.png,1
005/005_13.png,005/005_15.png,1
005/005_13.png,005/005_16.png,1
005/005_13.png,005/005_17.png,1
005/005_13.png,005/005_18.png,1
005/005_13.png,005/005_19.png,1
005/005_13.png,005/005_20.png,1
005/005_14.png,005/005_00.png,1
005/005_14.png,005/005_01.png,1
005/005_14.png,005/005_02.png,1
005/005_14.png,005/005_03.png,1
005/005_14.png,005/005_04.png,1
005/005_14.png,005/005_05.png,1
005/005_14.png,005/005_06.png,1
005/005_14.png,005/005_07.png,1
005/005_14.png,005/005_08.png,1
005/005_14.png,005/005_09.png,1
005/005_14.png,005/005_10.png,1
005/005_14.png,005/005_11.png,1
005/005_14.png,005/005_12.png,1
005/005_14.png,005/005_13.png,1
005/005_14.png,005/005_15.png,1
005/005_14.png,005/005_16.png,1
005/005_14.png,005/005_17.png,1
005/005_14.png,005/005_18.png,1
005/005_14.png,005/005_19.png,1
005/005_14.png,005/005_20.png,1
005/005_15.png,005/005_00.png,1
005/005_15.png,005/005_01.png,1
005/005_15.png,005/005_02.png,1
005/005_15.png,005/005_03.png,1
005/005_15.png,005/005_04.png,1
005/005_15.png,005/005_05.png,1
005/005_15.png,005/005_06.png,1
005/005_15.png,005/005_07.png,1
005/005_15.png,005/005_08.png,1
005/005_15.png,005/005_09.png,1
005/005_15.png,005/005_10.png,1
005/005_15.png,005/005_11.png,1
005/005_15.png,005/005_12.png,1
005/005_15.png,005/005_13.png,1
005/005_15.png,005/005_14.png,1
005/005_15.png,005/005_16.png,1
005/005_15.png,005/005_17.png,1
005/005_15.png,005/005_18.png,1
005/005_15.png,005/005_19.png,1
005/005_15.png,005/005_20.png,1
005/005_16.png,005/005_00.png,1
005/005_16.png,005/005_01.png,1
005/005_16.png,005/005_02.png,1
005/005_16.png,005/005_03.png,1
005/005_16.png,005/005_04.png,1
005/005_16.png,005/005_05.png,1
005/005_16.png,005/005_06.png,1
005/005_16.png,005/005_07.png,1
005/005_16.png,005/005_08.png,1
005/005_16.png,005/005_09.png,1
005/005_16.png,005/005_10.png,1
005/005_16.png,005/005_11.png,1
005/005_16.png,005/005_12.png,1
005/005_16.png,005/005_13.png,1
005/005_16.png,005/005_14.png,1
005/005_16.png,005/005_15.png,1
005/005_16.png,005/005_17.png,1
005/005_16.png,005/005_18.png,1
005/005_16.png,005/005_19.png,1
005/005_16.png,005/005_20.png,1
005/005_17.png,005/005_00.png,1
005/005_17.png,005/005_01.png,1
005/005_17.png,005/005_02.png,1
005/005_17.png,005/005_03.png,1
005/005_17.png,005/005_04.png,1
005/005_17.png,005/005_05.png,1
005/005_17.png,005/005_06.png,1
005/005_17.png,005/005_07.png,1
005/005_17.png,005/005_08.png,1
005/005_17.png,005/005_09.png,1
005/005_17.png,005/005_10.png,1
005/005_17.png,005/005_11.png,1
005/005_17.png,005/005_12.png,1
005/005_17.png,005/005_13.png,1
005/005_17.png,005/005_14.png,1
005/005_17.png,005/005_15.png,1
005/005_17.png,005/005_16.png,1
005/005_17.png,005/005_18.png,1
005/005_17.png,005/005_19.png,1
005/005_17.png,005/005_20.png,1
005/005_18.png,005/005_00.png,1
005/005_18.png,005/005_01.png,1
005/005_18.png,005/005_02.png,1
005/005_18.png,005/005_03.png,1
005/005_18.png,005/005_04.png,1
005/005_18.png,005/005_05.png,1
005/005_18.png,005/005_06.png,1
005/005_18.png,005/005_07.png,1
005/005_18.png,005/005_08.png,1
005/005_18.png,005/005_09.png,1
005/005_18.png,005/005_10.png,1
005/005_18.png,005/005_11.png,1
005/005_18.png,005/005_12.png,1
005/005_18.png,005/005_13.png,1
005/005_18.png,005/005_14.png,1
005/005_18.png,005/005_15.png,1
005/005_18.png,005/005_16.png,1
005/005_18.png,005/005_17.png,1
005/005_18.png,005/005_19.png,1
005/005_18.png,005/005_20.png,1
005/005_19.png,005/005_00.png,1
005/005_19.png,005/005_01.png,1
005/005_19.png,005/005_02.png,1
005/005_19.png,005/005_03.png,1
005/005_19.png,005/005_04.png,1
005/005_19.png,005/005_05.png,1
005/005_19.png,005/005_06.png,1
005/005_19.png,005/005_07.png,1
005/005_19.png,005/005_08.png,1
005/005_19.png,005/005_09.png,1
005/005_19.png,005/005_10.png,1
005/005_19.png,005/005_11.png,1
005/005_19.png,005/005_12.png,1
005/005_19.png,005/005_13.png,1
005/005_19.png,005/005_14.png,1
005/005_19.png,005/005_15.png,1
005/005_19.png,005/005_16.png,1
005/005_19.png,005/005_17.png,1
005/005_19.png,005/005_18.png,1
005/005_19.png,005/005_20.png,1
005/005_20.png,005/005_00.png,1
005/005_20.png,005/005_01.png,1
005/005_20.png,005/005_02.png,1
005/005_20.png,005/005_03.png,1
005/005_20.png,005/005_04.png,1
005/005_20.png,005/005_05.png,1
005/005_20.png,005/005_06.png,1
005/005_20.png,005/005_07.png,1
005/005_20.png,005/005_08.png,1
005/005_20.png,005/005_09.png,1
005/005_20.png,005/005_10.png,1
005/005_20.png,005/005_11.png,1
005/005_20.png,005/005_12.png,1
005/005_20.png,005/005_13.png,1
005/005_20.png,005/005_14.png,1
005/005_20.png,005/005_15.png,1
005/005_20.png,005/005_16.png,1
005/005_20.png,005/005_17.png,1
005/005_20.png,005/005_18.png,1
005/005_20.png,005/005_19.png,1
005/005_00.png,005_forge/005_00.png,0
005/005_00.png,005_forge/005_01.png,0
005/005_00.png,005_forge/005_02.png,0
005/005_00.png,005_forge/005_03.png,0
005/005_00.png,005_forge/005_04.png,0
005/005_00.png,005_forge/005_05.png,0
005/005_00.png,005_forge/005_06.png,0
005/005_00.png,005_forge/005_07.png,0
005/005_00.png,005_forge/005_08.png,0
005/005_00.png,005_forge/005_09.png,0
005/005_00.png,005_forge/005_10.png,0
005/005_00.png,005_forge/005_11.png,0
005/005_00.png,005_forge/005_12.png,0
005/005_00.png,005_forge/005_13.png,0
005/005_00.png,005_forge/005_14.png,0
005/005_00.png,005_forge/005_15.png,0
005/005_00.png,005_forge/005_16.png,0
005/005_00.png,005_forge/005_17.png,0
005/005_00.png,005_forge/005_18.png,0
005/005_00.png,005_forge/005_19.png,0
005/005_00.png,005_forge/005_20.png,0
005/005_01.png,005_forge/005_00.png,0
005/005_01.png,005_forge/005_01.png,0
005/005_01.png,005_forge/005_02.png,0
005/005_01.png,005_forge/005_03.png,0
005/005_01.png,005_forge/005_04.png,0
005/005_01.png,005_forge/005_05.png,0
005/005_01.png,005_forge/005_06.png,0
005/005_01.png,005_forge/005_07.png,0
005/005_01.png,005_forge/005_08.png,0
005/005_01.png,005_forge/005_09.png,0
005/005_01.png,005_forge/005_10.png,0
005/005_01.png,005_forge/005_11.png,0
005/005_01.png,005_forge/005_12.png,0
005/005_01.png,005_forge/005_13.png,0
005/005_01.png,005_forge/005_14.png,0
005/005_01.png,005_forge/005_15.png,0
005/005_01.png,005_forge/005_16.png,0
005/005_01.png,005_forge/005_17.png,0
005/005_01.png,005_forge/005_18.png,0
005/005_01.png,005_forge/005_19.png,0
005/005_01.png,005_forge/005_20.png,0
005/005_02.png,005_forge/005_00.png,0
005/005_02.png,005_forge/005_01.png,0
005/005_02.png,005_forge/005_02.png,0
005/005_02.png,005_forge/005_03.png,0
005/005_02.png,005_forge/005_04.png,0
005/005_02.png,005_forge/005_05.png,0
005/005_02.png,005_forge/005_06.png,0
005/005_02.png,005_forge/005_07.png,0
005/005_02.png,005_forge/005_08.png,0
005/005_02.png,005_forge/005_09.png,0
005/005_02.png,005_forge/005_10.png,0
005/005_02.png,005_forge/005_11.png,0
005/005_02.png,005_forge/005_12.png,0
005/005_02.png,005_forge/005_13.png,0
005/005_02.png,005_forge/005_14.png,0
005/005_02.png,005_forge/005_15.png,0
005/005_02.png,005_forge/005_16.png,0
005/005_02.png,005_forge/005_17.png,0
005/005_02.png,005_forge/005_18.png,0
005/005_02.png,005_forge/005_19.png,0
005/005_02.png,005_forge/005_20.png,0
005/005_03.png,005_forge/005_00.png,0
005/005_03.png,005_forge/005_01.png,0
005/005_03.png,005_forge/005_02.png,0
005/005_03.png,005_forge/005_03.png,0
005/005_03.png,005_forge/005_04.png,0
005/005_03.png,005_forge/005_05.png,0
005/005_03.png,005_forge/005_06.png,0
005/005_03.png,005_forge/005_07.png,0
005/005_03.png,005_forge/005_08.png,0
005/005_03.png,005_forge/005_09.png,0
005/005_03.png,005_forge/005_10.png,0
005/005_03.png,005_forge/005_11.png,0
005/005_03.png,005_forge/005_12.png,0
005/005_03.png,005_forge/005_13.png,0
005/005_03.png,005_forge/005_14.png,0
005/005_03.png,005_forge/005_15.png,0
005/005_03.png,005_forge/005_16.png,0
005/005_03.png,005_forge/005_17.png,0
005/005_03.png,005_forge/005_18.png,0
005/005_03.png,005_forge/005_19.png,0
005/005_03.png,005_forge/005_20.png,0
005/005_04.png,005_forge/005_00.png,0
005/005_04.png,005_forge/005_01.png,0
005/005_04.png,005_forge/005_02.png,0
005/005_04.png,005_forge/005_03.png,0
005/005_04.png,005_forge/005_04.png,0
005/005_04.png,005_forge/005_05.png,0
005/005_04.png,005_forge/005_06.png,0
005/005_04.png,005_forge/005_07.png,0
005/005_04.png,005_forge/005_08.png,0
005/005_04.png,005_forge/005_09.png,0
005/005_04.png,005_forge/005_10.png,0
005/005_04.png,005_forge/005_11.png,0
005/005_04.png,005_forge/005_12.png,0
005/005_04.png,005_forge/005_13.png,0
005/005_04.png,005_forge/005_14.png,0
005/005_04.png,005_forge/005_15.png,0
005/005_04.png,005_forge/005_16.png,0
005/005_04.png,005_forge/005_17.png,0
005/005_04.png,005_forge/005_18.png,0
005/005_04.png,005_forge/005_19.png,0
005/005_04.png,005_forge/005_20.png,0
005/005_05.png,005_forge/005_00.png,0
005/005_05.png,005_forge/005_01.png,0
005/005_05.png,005_forge/005_02.png,0
005/005_05.png,005_forge/005_03.png,0
005/005_05.png,005_forge/005_04.png,0
005/005_05.png,005_forge/005_05.png,0
005/005_05.png,005_forge/005_06.png,0
005/005_05.png,005_forge/005_07.png,0
005/005_05.png,005_forge/005_08.png,0
005/005_05.png,005_forge/005_09.png,0
005/005_05.png,005_forge/005_10.png,0
005/005_05.png,005_forge/005_11.png,0
005/005_05.png,005_forge/005_12.png,0
005/005_05.png,005_forge/005_13.png,0
005/005_05.png,005_forge/005_14.png,0
005/005_05.png,005_forge/005_15.png,0
005/005_05.png,005_forge/005_16.png,0
005/005_05.png,005_forge/005_17.png,0
005/005_05.png,005_forge/005_18.png,0
005/005_05.png,005_forge/005_19.png,0
005/005_05.png,005_forge/005_20.png,0
005/005_06.png,005_forge/005_00.png,0
005/005_06.png,005_forge/005_01.png,0
005/005_06.png,005_forge/005_02.png,0
005/005_06.png,005_forge/005_03.png,0
005/005_06.png,005_forge/005_04.png,0
005/005_06.png,005_forge/005_05.png,0
005/005_06.png,005_forge/005_06.png,0
005/005_06.png,005_forge/005_07.png,0
005/005_06.png,005_forge/005_08.png,0
005/005_06.png,005_forge/005_09.png,0
005/005_06.png,005_forge/005_10.png,0
005/005_06.png,005_forge/005_11.png,0
005/005_06.png,005_forge/005_12.png,0
005/005_06.png,005_forge/005_13.png,0
005/005_06.png,005_forge/005_14.png,0
005/005_06.png,005_forge/005_15.png,0
005/005_06.png,005_forge/005_16.png,0
005/005_06.png,005_forge/005_17.png,0
005/005_06.png,005_forge/005_18.png,0
005/005_06.png,005_forge/005_19.png,0
005/005_06.png,005_forge/005_20.png,0
005/005_07.png,005_forge/005_00.png,0
005/005_07.png,005_forge/005_01.png,0
005/005_07.png,005_forge/005_02.png,0
005/005_07.png,005_forge/005_03.png,0
005/005_07.png,005_forge/005_04.png,0
005/005_07.png,005_forge/005_05.png,0
005/005_07.png,005_forge/005_06.png,0
005/005_07.png,005_forge/005_07.png,0
005/005_07.png,005_forge/005_08.png,0
005/005_07.png,005_forge/005_09.png,0
005/005_07.png,005_forge/005_10.png,0
005/005_07.png,005_forge/005_11.png,0
005/005_07.png,005_forge/005_12.png,0
005/005_07.png,005_forge/005_13.png,0
005/005_07.png,005_forge/005_14.png,0
005/005_07.png,005_forge/005_15.png,0
005/005_07.png,005_forge/005_16.png,0
005/005_07.png,005_forge/005_17.png,0
005/005_07.png,005_forge/005_18.png,0
005/005_07.png,005_forge/005_19.png,0
005/005_07.png,005_forge/005_20.png,0
005/005_08.png,005_forge/005_00.png,0
005/005_08.png,005_forge/005_01.png,0
005/005_08.png,005_forge/005_02.png,0
005/005_08.png,005_forge/005_03.png,0
005/005_08.png,005_forge/005_04.png,0
005/005_08.png,005_forge/005_05.png,0
005/005_08.png,005_forge/005_06.png,0
005/005_08.png,005_forge/005_07.png,0
005/005_08.png,005_forge/005_08.png,0
005/005_08.png,005_forge/005_09.png,0
005/005_08.png,005_forge/005_10.png,0
005/005_08.png,005_forge/005_11.png,0
005/005_08.png,005_forge/005_12.png,0
005/005_08.png,005_forge/005_13.png,0
005/005_08.png,005_forge/005_14.png,0
005/005_08.png,005_forge/005_15.png,0
005/005_08.png,005_forge/005_16.png,0
005/005_08.png,005_forge/005_17.png,0
005/005_08.png,005_forge/005_18.png,0
005/005_08.png,005_forge/005_19.png,0
005/005_08.png,005_forge/005_20.png,0
005/005_09.png,005_forge/005_00.png,0
005/005_09.png,005_forge/005_01.png,0
005/005_09.png,005_forge/005_02.png,0
005/005_09.png,005_forge/005_03.png,0
005/005_09.png,005_forge/005_04.png,0
005/005_09.png,005_forge/005_05.png,0
005/005_09.png,005_forge/005_06.png,0
005/005_09.png,005_forge/005_07.png,0
005/005_09.png,005_forge/005_08.png,0
005/005_09.png,005_forge/005_09.png,0
005/005_09.png,005_forge/005_10.png,0
005/005_09.png,005_forge/005_11.png,0
005/005_09.png,005_forge/005_12.png,0
005/005_09.png,005_forge/005_13.png,0
005/005_09.png,005_forge/005_14.png,0
005/005_09.png,005_forge/005_15.png,0
005/005_09.png,005_forge/005_16.png,0
005/005_09.png,005_forge/005_17.png,0
005/005_09.png,005_forge/005_18.png,0
005/005_09.png,005_forge/005_19.png,0
005/005_09.png,005_forge/005_20.png,0
005/005_10.png,005_forge/005_00.png,0
005/005_10.png,005_forge/005_01.png,0
005/005_10.png,005_forge/005_02.png,0
005/005_10.png,005_forge/005_03.png,0
005/005_10.png,005_forge/005_04.png,0
005/005_10.png,005_forge/005_05.png,0
005/005_10.png,005_forge/005_06.png,0
005/005_10.png,005_forge/005_07.png,0
005/005_10.png,005_forge/005_08.png,0
005/005_10.png,005_forge/005_09.png,0
005/005_10.png,005_forge/005_10.png,0
005/005_10.png,005_forge/005_11.png,0
005/005_10.png,005_forge/005_12.png,0
005/005_10.png,005_forge/005_13.png,0
005/005_10.png,005_forge/005_14.png,0
005/005_10.png,005_forge/005_15.png,0
005/005_10.png,005_forge/005_16.png,0
005/005_10.png,005_forge/005_17.png,0
005/005_10.png,005_forge/005_18.png,0
005/005_10.png,005_forge/005_19.png,0
005/005_10.png,005_forge/005_20.png,0
005/005_11.png,005_forge/005_00.png,0
005/005_11.png,005_forge/005_01.png,0
005/005_11.png,005_forge/005_02.png,0
005/005_11.png,005_forge/005_03.png,0
005/005_11.png,005_forge/005_04.png,0
005/005_11.png,005_forge/005_05.png,0
005/005_11.png,005_forge/005_06.png,0
005/005_11.png,005_forge/005_07.png,0
005/005_11.png,005_forge/005_08.png,0
005/005_11.png,005_forge/005_09.png,0
005/005_11.png,005_forge/005_10.png,0
005/005_11.png,005_forge/005_11.png,0
005/005_11.png,005_forge/005_12.png,0
005/005_11.png,005_forge/005_13.png,0
005/005_11.png,005_forge/005_14.png,0
005/005_11.png,005_forge/005_15.png,0
005/005_11.png,005_forge/005_16.png,0
005/005_11.png,005_forge/005_17.png,0
005/005_11.png,005_forge/005_18.png,0
005/005_11.png,005_forge/005_19.png,0
005/005_11.png,005_forge/005_20.png,0
005/005_12.png,005_forge/005_00.png,0
005/005_12.png,005_forge/005_01.png,0
005/005_12.png,005_forge/005_02.png,0
005/005_12.png,005_forge/005_03.png,0
005/005_12.png,005_forge/005_04.png,0
005/005_12.png,005_forge/005_05.png,0
005/005_12.png,005_forge/005_06.png,0
005/005_12.png,005_forge/005_07.png,0
005/005_12.png,005_forge/005_08.png,0
005/005_12.png,005_forge/005_09.png,0
005/005_12.png,005_forge/005_10.png,0
005/005_12.png,005_forge/005_11.png,0
005/005_12.png,005_forge/005_12.png,0
005/005_12.png,005_forge/005_13.png,0
005/005_12.png,005_forge/005_14.png,0
005/005_12.png,005_forge/005_15.png,0
005/005_12.png,005_forge/005_16.png,0
005/005_12.png,005_forge/005_17.png,0
005/005_12.png,005_forge/005_18.png,0
005/005_12.png,005_forge/005_19.png,0
005/005_12.png,005_forge/005_20.png,0
005/005_13.png,005_forge/005_00.png,0
005/005_13.png,005_forge/005_01.png,0
005/005_13.png,005_forge/005_02.png,0
005/005_13.png,005_forge/005_03.png,0
005/005_13.png,005_forge/005_04.png,0
005/005_13.png,005_forge/005_05.png,0
005/005_13.png,005_forge/005_06.png,0
005/005_13.png,005_forge/005_07.png,0
005/005_13.png,005_forge/005_08.png,0
005/005_13.png,005_forge/005_09.png,0
005/005_13.png,005_forge/005_10.png,0
005/005_13.png,005_forge/005_11.png,0
005/005_13.png,005_forge/005_12.png,0
005/005_13.png,005_forge/005_13.png,0
005/005_13.png,005_forge/005_14.png,0
005/005_13.png,005_forge/005_15.png,0
005/005_13.png,005_forge/005_16.png,0
005/005_13.png,005_forge/005_17.png,0
005/005_13.png,005_forge/005_18.png,0
005/005_13.png,005_forge/005_19.png,0
005/005_13.png,005_forge/005_20.png,0
005/005_14.png,005_forge/005_00.png,0
005/005_14.png,005_forge/005_01.png,0
005/005_14.png,005_forge/005_02.png,0
005/005_14.png,005_forge/005_03.png,0
005/005_14.png,005_forge/005_04.png,0
005/005_14.png,005_forge/005_05.png,0
005/005_14.png,005_forge/005_06.png,0
005/005_14.png,005_forge/005_07.png,0
005/005_14.png,005_forge/005_08.png,0
005/005_14.png,005_forge/005_09.png,0
005/005_14.png,005_forge/005_10.png,0
005/005_14.png,005_forge/005_11.png,0
005/005_14.png,005_forge/005_12.png,0
005/005_14.png,005_forge/005_13.png,0
005/005_14.png,005_forge/005_14.png,0
005/005_14.png,005_forge/005_15.png,0
005/005_14.png,005_forge/005_16.png,0
005/005_14.png,005_forge/005_17.png,0
005/005_14.png,005_forge/005_18.png,0
005/005_14.png,005_forge/005_19.png,0
005/005_14.png,005_forge/005_20.png,0
005/005_15.png,005_forge/005_00.png,0
005/005_15.png,005_forge/005_01.png,0
005/005_15.png,005_forge/005_02.png,0
005/005_15.png,005_forge/005_03.png,0
005/005_15.png,005_forge/005_04.png,0
005/005_15.png,005_forge/005_05.png,0
005/005_15.png,005_forge/005_06.png,0
005/005_15.png,005_forge/005_07.png,0
005/005_15.png,005_forge/005_08.png,0
005/005_15.png,005_forge/005_09.png,0
005/005_15.png,005_forge/005_10.png,0
005/005_15.png,005_forge/005_11.png,0
005/005_15.png,005_forge/005_12.png,0
005/005_15.png,005_forge/005_13.png,0
005/005_15.png,005_forge/005_14.png,0
005/005_15.png,005_forge/005_15.png,0
005/005_15.png,005_forge/005_16.png,0
005/005_15.png,005_forge/005_17.png,0
005/005_15.png,005_forge/005_18.png,0
005/005_15.png,005_forge/005_19.png,0
005/005_15.png,005_forge/005_20.png,0
005/005_16.png,005_forge/005_00.png,0
005/005_16.png,005_forge/005_01.png,0
005/005_16.png,005_forge/005_02.png,0
005/005_16.png,005_forge/005_03.png,0
005/005_16.png,005_forge/005_04.png,0
005/005_16.png,005_forge/005_05.png,0
005/005_16.png,005_forge/005_06.png,0
005/005_16.png,005_forge/005_07.png,0
005/005_16.png,005_forge/005_08.png,0
005/005_16.png,005_forge/005_09.png,0
005/005_16.png,005_forge/005_10.png,0
005/005_16.png,005_forge/005_11.png,0
005/005_16.png,005_forge/005_12.png,0
005/005_16.png,005_forge/005_13.png,0
005/005_16.png,005_forge/005_14.png,0
005/005_16.png,005_forge/005_15.png,0
005/005_16.png,005_forge/005_16.png,0
005/005_16.png,005_forge/005_17.png,0
005/005_16.png,005_forge/005_18.png,0
005/005_16.png,005_forge/005_19.png,0
005/005_16.png,005_forge/005_20.png,0
005/005_17.png,005_forge/005_00.png,0
005/005_17.png,005_forge/005_01.png,0
005/005_17.png,005_forge/005_02.png,0
005/005_17.png,005_forge/005_03.png,0
005/005_17.png,005_forge/005_04.png,0
005/005_17.png,005_forge/005_05.png,0
005/005_17.png,005_forge/005_06.png,0
005/005_17.png,005_forge/005_07.png,0
005/005_17.png,005_forge/005_08.png,0
005/005_17.png,005_forge/005_09.png,0
005/005_17.png,005_forge/005_10.png,0
005/005_17.png,005_forge/005_11.png,0
005/005_17.png,005_forge/005_12.png,0
005/005_17.png,005_forge/005_13.png,0
005/005_17.png,005_forge/005_14.png,0
005/005_17.png,005_forge/005_15.png,0
005/005_17.png,005_forge/005_16.png,0
005/005_17.png,005_forge/005_17.png,0
005/005_17.png,005_forge/005_18.png,0
005/005_17.png,005_forge/005_19.png,0
005/005_17.png,005_forge/005_20.png,0
005/005_18.png,005_forge/005_00.png,0
005/005_18.png,005_forge/005_01.png,0
005/005_18.png,005_forge/005_02.png,0
005/005_18.png,005_forge/005_03.png,0
005/005_18.png,005_forge/005_04.png,0
005/005_18.png,005_forge/005_05.png,0
005/005_18.png,005_forge/005_06.png,0
005/005_18.png,005_forge/005_07.png,0
005/005_18.png,005_forge/005_08.png,0
005/005_18.png,005_forge/005_09.png,0
005/005_18.png,005_forge/005_10.png,0
005/005_18.png,005_forge/005_11.png,0
005/005_18.png,005_forge/005_12.png,0
005/005_18.png,005_forge/005_13.png,0
005/005_18.png,005_forge/005_14.png,0
005/005_18.png,005_forge/005_15.png,0
005/005_18.png,005_forge/005_16.png,0
005/005_18.png,005_forge/005_17.png,0
005/005_18.png,005_forge/005_18.png,0
005/005_18.png,005_forge/005_19.png,0
005/005_18.png,005_forge/005_20.png,0
005/005_19.png,005_forge/005_00.png,0
005/005_19.png,005_forge/005_01.png,0
005/005_19.png,005_forge/005_02.png,0
005/005_19.png,005_forge/005_03.png,0
005/005_19.png,005_forge/005_04.png,0
005/005_19.png,005_forge/005_05.png,0
005/005_19.png,005_forge/005_06.png,0
005/005_19.png,005_forge/005_07.png,0
005/005_19.png,005_forge/005_08.png,0
005/005_19.png,005_forge/005_09.png,0
005/005_19.png,005_forge/005_10.png,0
005/005_19.png,005_forge/005_11.png,0
005/005_19.png,005_forge/005_12.png,0
005/005_19.png,005_forge/005_13.png,0
005/005_19.png,005_forge/005_14.png,0
005/005_19.png,005_forge/005_15.png,0
005/005_19.png,005_forge/005_16.png,0
005/005_19.png,005_forge/005_17.png,0
005/005_19.png,005_forge/005_18.png,0
005/005_19.png,005_forge/005_19.png,0
005/005_19.png,005_forge/005_20.png,0
005/005_20.png,005_forge/005_00.png,0
005/005_20.png,005_forge/005_01.png,0
005/005_20.png,005_forge/005_02.png,0
005/005_20.png,005_forge/005_03.png,0
005/005_20.png,005_forge/005_04.png,0
005/005_20.png,005_forge/005_05.png,0
005/005_20.png,005_forge/005_06.png,0
005/005_20.png,005_forge/005_07.png,0
005/005_20.png,005_forge/005_08.png,0
005/005_20.png,005_forge/005_09.png,0
005/005_20.png,005_forge/005_10.png,0
005/005_20.png,005_forge/005_11.png,0
005/005_20.png,005_forge/005_12.png,0
005/005_20.png,005_forge/005_13.png,0
005/005_20.png,005_forge/005_14.png,0
005/005_20.png,005_forge/005_15.png,0
005/005_20.png,005_forge/005_16.png,0
005/005_20.png,005_forge/005_17.png,0
005/005_20.png,005_forge/005_18.png,0
005/005_20.png,005_forge/005_19.png,0
005/005_20.png,005_forge/005_20.png,0
005/005_00.png,005/005_01.png,1
005/005_00.png,005/005_02.png,1
005/005_00.png,005/005_03.png,1
005/005_00.png,005/005_04.png,1
005/005_00.png,005/005_05.png,1
005/005_00.png,005/005_06.png,1
005/005_00.png,005/005_07.png,1
005/005_00.png,005/005_08.png,1
005/005_00.png,005/005_09.png,1
005/005_00.png,005/005_10.png,1
005/005_00.png,005/005_11.png,1
005/005_00.png,005/005_12.png,1
005/005_00.png,005/005_13.png,1
005/005_00.png,005/005_14.png,1
005/005_00.png,005/005_15.png,1
005/005_00.png,005/005_16.png,1
005/005_00.png,005/005_17.png,1
005/005_00.png,005/005_18.png,1
005/005_00.png,005/005_19.png,1
005/005_00.png,005/005_20.png,1
005/005_01.png,005/005_00.png,1
005/005_01.png,005/005_02.png,1
005/005_01.png,005/005_03.png,1
005/005_01.png,005/005_04.png,1
005/005_01.png,005/005_05.png,1
005/005_01.png,005/005_06.png,1
005/005_01.png,005/005_07.png,1
005/005_01.png,005/005_08.png,1
005/005_01.png,005/005_09.png,1
005/005_01.png,005/005_10.png,1
005/005_01.png,005/005_11.png,1
005/005_01.png,005/005_12.png,1
005/005_01.png,005/005_13.png,1
005/005_01.png,005/005_14.png,1
005/005_01.png,005/005_15.png,1
005/005_01.png,005/005_16.png,1
005/005_01.png,005/005_17.png,1
005/005_01.png,005/005_18.png,1
005/005_01.png,005/005_19.png,1
005/005_01.png,005/005_20.png,1
005/005_02.png,005/005_00.png,1
005/005_02.png,005/005_01.png,1
005/005_02.png,005/005_03.png,1
005/005_02.png,005/005_04.png,1
005/005_02.png,005/005_05.png,1
005/005_02.png,005/005_06.png,1
005/005_02.png,005/005_07.png,1
005/005_02.png,005/005_08.png,1
005/005_02.png,005/005_09.png,1
005/005_02.png,005/005_10.png,1
005/005_02.png,005/005_11.png,1
005/005_02.png,005/005_12.png,1
005/005_02.png,005/005_13.png,1
005/005_02.png,005/005_14.png,1
005/005_02.png,005/005_15.png,1
005/005_02.png,005/005_16.png,1
005/005_02.png,005/005_17.png,1
005/005_02.png,005/005_18.png,1
005/005_02.png,005/005_19.png,1
005/005_02.png,005/005_20.png,1
005/005_03.png,005/005_00.png,1
005/005_03.png,005/005_01.png,1
005/005_03.png,005/005_02.png,1
005/005_03.png,005/005_04.png,1
005/005_03.png,005/005_05.png,1
005/005_03.png,005/005_06.png,1
005/005_03.png,005/005_07.png,1
005/005_03.png,005/005_08.png,1
005/005_03.png,005/005_09.png,1
005/005_03.png,005/005_10.png,1
005/005_03.png,005/005_11.png,1
005/005_03.png,005/005_12.png,1
005/005_03.png,005/005_13.png,1
005/005_03.png,005/005_14.png,1
005/005_03.png,005/005_15.png,1
005/005_03.png,005/005_16.png,1
005/005_03.png,005/005_17.png,1
005/005_03.png,005/005_18.png,1
005/005_03.png,005/005_19.png,1
005/005_03.png,005/005_20.png,1
005/005_04.png,005/005_00.png,1
005/005_04.png,005/005_01.png,1
005/005_04.png,005/005_02.png,1
005/005_04.png,005/005_03.png,1
005/005_04.png,005/005_05.png,1
005/005_04.png,005/005_06.png,1
005/005_04.png,005/005_07.png,1
005/005_04.png,005/005_08.png,1
005/005_04.png,005/005_09.png,1
005/005_04.png,005/005_10.png,1
005/005_04.png,005/005_11.png,1
005/005_04.png,005/005_12.png,1
005/005_04.png,005/005_13.png,1
005/005_04.png,005/005_14.png,1
005/005_04.png,005/005_15.png,1
005/005_04.png,005/005_16.png,1
005/005_04.png,005/005_17.png,1
005/005_04.png,005/005_18.png,1
005/005_04.png,005/005_19.png,1
005/005_04.png,005/005_20.png,1
005/005_05.png,005/005_00.png,1
005/005_05.png,005/005_01.png,1
005/005_05.png,005/005_02.png,1
005/005_05.png,005/005_03.png,1
005/005_05.png,005/005_04.png,1
005/005_05.png,005/005_06.png,1
005/005_05.png,005/005_07.png,1
005/005_05.png,005/005_08.png,1
005/005_05.png,005/005_09.png,1
005/005_05.png,005/005_10.png,1
005/005_05.png,005/005_11.png,1
005/005_05.png,005/005_12.png,1
005/005_05.png,005/005_13.png,1
005/005_05.png,005/005_14.png,1
005/005_05.png,005/005_15.png,1
005/005_05.png,005/005_16.png,1
005/005_05.png,005/005_17.png,1
005/005_05.png,005/005_18.png,1
005/005_05.png,005/005_19.png,1
005/005_05.png,005/005_20.png,1
005/005_06.png,005/005_00.png,1
005/005_06.png,005/005_01.png,1
005/005_06.png,005/005_02.png,1
005/005_06.png,005/005_03.png,1
005/005_06.png,005/005_04.png,1
005/005_06.png,005/005_05.png,1
005/005_06.png,005/005_07.png,1
005/005_06.png,005/005_08.png,1
005/005_06.png,005/005_09.png,1
005/005_06.png,005/005_10.png,1
005/005_06.png,005/005_11.png,1
005/005_06.png,005/005_12.png,1
005/005_06.png,005/005_13.png,1
005/005_06.png,005/005_14.png,1
005/005_06.png,005/005_15.png,1
005/005_06.png,005/005_16.png,1
005/005_06.png,005/005_17.png,1
005/005_06.png,005/005_18.png,1
005/005_06.png,005/005_19.png,1
005/005_06.png,005/005_20.png,1
005/005_07.png,005/005_00.png,1
005/005_07.png,005/005_01.png,1
005/005_07.png,005/005_02.png,1
005/005_07.png,005/005_03.png,1
005/005_07.png,005/005_04.png,1
005/005_07.png,005/005_05.png,1
005/005_07.png,005/005_06.png,1
005/005_07.png,005/005_08.png,1
005/005_07.png,005/005_09.png,1
005/005_07.png,005/005_10.png,1
005/005_07.png,005/005_11.png,1
005/005_07.png,005/005_12.png,1
005/005_07.png,005/005_13.png,1
005/005_07.png,005/005_14.png,1
005/005_07.png,005/005_15.png,1
005/005_07.png,005/005_16.png,1
005/005_07.png,005/005_17.png,1
005/005_07.png,005/005_18.png,1
005/005_07.png,005/005_19.png,1
005/005_07.png,005/005_20.png,1
005/005_08.png,005/005_00.png,1
005/005_08.png,005/005_01.png,1
005/005_08.png,005/005_02.png,1
005/005_08.png,005/005_03.png,1
005/005_08.png,005/005_04.png,1
005/005_08.png,005/005_05.png,1
005/005_08.png,005/005_06.png,1
005/005_08.png,005/005_07.png,1
005/005_08.png,005/005_09.png,1
005/005_08.png,005/005_10.png,1
005/005_08.png,005/005_11.png,1
005/005_08.png,005/005_12.png,1
005/005_08.png,005/005_13.png,1
005/005_08.png,005/005_14.png,1
005/005_08.png,005/005_15.png,1
005/005_08.png,005/005_16.png,1
005/005_08.png,005/005_17.png,1
005/005_08.png,005/005_18.png,1
005/005_08.png,005/005_19.png,1
005/005_08.png,005/005_20.png,1
005/005_09.png,005/005_00.png,1
005/005_09.png,005/005_01.png,1
005/005_09.png,005/005_02.png,1
005/005_09.png,005/005_03.png,1
005/005_09.png,005/005_04.png,1
005/005_09.png,005/005_05.png,1
005/005_09.png,005/005_06.png,1
005/005_09.png,005/005_07.png,1
005/005_09.png,005/005_08.png,1
005/005_09.png,005/005_10.png,1
005/005_09.png,005/005_11.png,1
005/005_09.png,005/005_12.png,1
005/005_09.png,005/005_13.png,1
005/005_09.png,005/005_14.png,1
005/005_09.png,005/005_15.png,1
005/005_09.png,005/005_16.png,1
005/005_09.png,005/005_17.png,1
005/005_09.png,005/005_18.png,1
005/005_09.png,005/005_19.png,1
005/005_09.png,005/005_20.png,1
005/005_10.png,005/005_00.png,1
005/005_10.png,005/005_01.png,1
005/005_10.png,005/005_02.png,1
005/005_10.png,005/005_03.png,1
005/005_10.png,005/005_04.png,1
005/005_10.png,005/005_05.png,1
005/005_10.png,005/005_06.png,1
005/005_10.png,005/005_07.png,1
005/005_10.png,005/005_08.png,1
005/005_10.png,005/005_09.png,1
005/005_10.png,005/005_11.png,1
005/005_10.png,005/005_12.png,1
005/005_10.png,005/005_13.png,1
005/005_10.png,005/005_14.png,1
005/005_10.png,005/005_15.png,1
005/005_10.png,005/005_16.png,1
005/005_10.png,005/005_17.png,1
005/005_10.png,005/005_18.png,1
005/005_10.png,005/005_19.png,1
005/005_10.png,005/005_20.png,1
005/005_11.png,005/005_00.png,1
005/005_11.png,005/005_01.png,1
005/005_11.png,005/005_02.png,1
005/005_11.png,005/005_03.png,1
005/005_11.png,005/005_04.png,1
005/005_11.png,005/005_05.png,1
005/005_11.png,005/005_06.png,1
005/005_11.png,005/005_07.png,1
005/005_11.png,005/005_08.png,1
005/005_11.png,005/005_09.png,1
005/005_11.png,005/005_10.png,1
005/005_11.png,005/005_12.png,1
005/005_11.png,005/005_13.png,1
005/005_11.png,005/005_14.png,1
005/005_11.png,005/005_15.png,1
005/005_11.png,005/005_16.png,1
005/005_11.png,005/005_17.png,1
005/005_11.png,005/005_18.png,1
005/005_11.png,005/005_19.png,1
005/005_11.png,005/005_20.png,1
005/005_12.png,005/005_00.png,1
005/005_12.png,005/005_01.png,1
005/005_12.png,005/005_02.png,1
005/005_12.png,005/005_03.png,1
005/005_12.png,005/005_04.png,1
005/005_12.png,005/005_05.png,1
005/005_12.png,005/005_06.png,1
005/005_12.png,005/005_07.png,1
005/005_12.png,005/005_08.png,1
005/005_12.png,005/005_09.png,1
005/005_12.png,005/005_10.png,1
005/005_12.png,005/005_11.png,1
005/005_12.png,005/005_13.png,1
005/005_12.png,005/005_14.png,1
005/005_12.png,005/005_15.png,1
005/005_12.png,005/005_16.png,1
005/005_12.png,005/005_17.png,1
005/005_12.png,005/005_18.png,1
005/005_12.png,005/005_19.png,1
005/005_12.png,005/005_20.png,1
005/005_13.png,005/005_00.png,1
005/005_13.png,005/005_01.png,1
005/005_13.png,005/005_02.png,1
005/005_13.png,005/005_03.png,1
005/005_13.png,005/005_04.png,1
005/005_13.png,005/005_05.png,1
005/005_13.png,005/005_06.png,1
005/005_13.png,005/005_07.png,1
005/005_13.png,005/005_08.png,1
005/005_13.png,005/005_09.png,1
005/005_13.png,005/005_10.png,1
005/005_13.png,005/005_11.png,1
005/005_13.png,005/005_12.png,1
005/005_13.png,005/005_14.png,1
005/005_13.png,005/005_15.png,1
005/005_13.png,005/005_16.png,1
005/005_13.png,005/005_17.png,1
005/005_13.png,005/005_18.png,1
005/005_13.png,005/005_19.png,1
005/005_13.png,005/005_20.png,1
005/005_14.png,005/005_00.png,1
005/005_14.png,005/005_01.png,1
005/005_14.png,005/005_02.png,1
005/005_14.png,005/005_03.png,1
005/005_14.png,005/005_04.png,1
005/005_14.png,005/005_05.png,1
005/005_14.png,005/005_06.png,1
005/005_14.png,005/005_07.png,1
005/005_14.png,005/005_08.png,1
005/005_14.png,005/005_09.png,1
005/005_14.png,005/005_10.png,1
005/005_14.png,005/005_11.png,1
005/005_14.png,005/005_12.png,1
005/005_14.png,005/005_13.png,1
005/005_14.png,005/005_15.png,1
005/005_14.png,005/005_16.png,1
005/005_14.png,005/005_17.png,1
005/005_14.png,005/005_18.png,1
005/005_14.png,005/005_19.png,1
005/005_14.png,005/005_20.png,1
005/005_15.png,005/005_00.png,1
005/005_15.png,005/005_01.png,1
005/005_15.png,005/005_02.png,1
005/005_15.png,005/005_03.png,1
005/005_15.png,005/005_04.png,1
005/005_15.png,005/005_05.png,1
005/005_15.png,005/005_06.png,1
005/005_15.png,005/005_07.png,1
005/005_15.png,005/005_08.png,1
005/005_15.png,005/005_09.png,1
005/005_15.png,005/005_10.png,1
005/005_15.png,005/005_11.png,1
005/005_15.png,005/005_12.png,1
005/005_15.png,005/005_13.png,1
005/005_15.png,005/005_14.png,1
005/005_15.png,005/005_16.png,1
005/005_15.png,005/005_17.png,1
005/005_15.png,005/005_18.png,1
005/005_15.png,005/005_19.png,1
005/005_15.png,005/005_20.png,1
005/005_16.png,005/005_00.png,1
005/005_16.png,005/005_01.png,1
005/005_16.png,005/005_02.png,1
005/005_16.png,005/005_03.png,1
005/005_16.png,005/005_04.png,1
005/005_16.png,005/005_05.png,1
005/005_16.png,005/005_06.png,1
005/005_16.png,005/005_07.png,1
005/005_16.png,005/005_08.png,1
005/005_16.png,005/005_09.png,1
005/005_16.png,005/005_10.png,1
005/005_16.png,005/005_11.png,1
005/005_16.png,005/005_12.png,1
005/005_16.png,005/005_13.png,1
005/005_16.png,005/005_14.png,1
005/005_16.png,005/005_15.png,1
005/005_16.png,005/005_17.png,1
005/005_16.png,005/005_18.png,1
005/005_16.png,005/005_19.png,1
005/005_16.png,005/005_20.png,1
005/005_17.png,005/005_00.png,1
005/005_17.png,005/005_01.png,1
005/005_17.png,005/005_02.png,1
005/005_17.png,005/005_03.png,1
005/005_17.png,005/005_04.png,1
005/005_17.png,005/005_05.png,1
005/005_17.png,005/005_06.png,1
005/005_17.png,005/005_07.png,1
005/005_17.png,005/005_08.png,1
005/005_17.png,005/005_09.png,1
005/005_17.png,005/005_10.png,1
005/005_17.png,005/005_11.png,1
005/005_17.png,005/005_12.png,1
005/005_17.png,005/005_13.png,1
005/005_17.png,005/005_14.png,1
005/005_17.png,005/005_15.png,1
005/005_17.png,005/005_16.png,1
005/005_17.png,005/005_18.png,1
005/005_17.png,005/005_19.png,1
005/005_17.png,005/005_20.png,1
005/005_18.png,005/005_00.png,1
005/005_18.png,005/005_01.png,1
005/005_18.png,005/005_02.png,1
005/005_18.png,005/005_03.png,1
005/005_18.png,005/005_04.png,1
005/005_18.png,005/005_05.png,1
005/005_18.png,005/005_06.png,1
005/005_18.png,005/005_07.png,1
005/005_18.png,005/005_08.png,1
005/005_18.png,005/005_09.png,1
005/005_18.png,005/005_10.png,1
005/005_18.png,005/005_11.png,1
005/005_18.png,005/005_12.png,1
005/005_18.png,005/005_13.png,1
005/005_18.png,005/005_14.png,1
005/005_18.png,005/005_15.png,1
005/005_18.png,005/005_16.png,1
005/005_18.png,005/005_17.png,1
005/005_18.png,005/005_19.png,1
005/005_18.png,005/005_20.png,1
005/005_19.png,005/005_00.png,1
005/005_19.png,005/005_01.png,1
005/005_19.png,005/005_02.png,1
005/005_19.png,005/005_03.png,1
005/005_19.png,005/005_04.png,1
005/005_19.png,005/005_05.png,1
005/005_19.png,005/005_06.png,1
005/005_19.png,005/005_07.png,1
005/005_19.png,005/005_08.png,1
005/005_19.png,005/005_09.png,1
005/005_19.png,005/005_10.png,1
005/005_19.png,005/005_11.png,1
005/005_19.png,005/005_12.png,1
005/005_19.png,005/005_13.png,1
005/005_19.png,005/005_14.png,1
005/005_19.png,005/005_15.png,1
005/005_19.png,005/005_16.png,1
005/005_19.png,005/005_17.png,1
005/005_19.png,005/005_18.png,1
005/005_19.png,005/005_20.png,1
005/005_20.png,005/005_00.png,1
005/005_20.png,005/005_01.png,1
005/005_20.png,005/005_02.png,1
005/005_20.png,005/005_03.png,1
005/005_20.png,005/005_04.png,1
005/005_20.png,005/005_05.png,1
005/005_20.png,005/005_06.png,1
005/005_20.png,005/005_07.png,1
005/005_20.png,005/005_08.png,1
005/005_20.png,005/005_09.png,1
005/005_20.png,005/005_10.png,1
005/005_20.png,005/005_11.png,1
005/005_20.png,005/005_12.png,1
005/005_20.png,005/005_13.png,1
005/005_20.png,005/005_14.png,1
005/005_20.png,005/005_15.png,1
005/005_20.png,005/005_16.png,1
005/005_20.png,005/005_17.png,1
005/005_20.png,005/005_18.png,1
005/005_20.png,005/005_19.png,1
005/005_00.png,005_forge/005_00.png,0
005/005_00.png,005_forge/005_01.png,0
005/005_00.png,005_forge/005_02.png,0
005/005_00.png,005_forge/005_03.png,0
005/005_00.png,005_forge/005_04.png,0
005/005_00.png,005_forge/005_05.png,0
005/005_00.png,005_forge/005_06.png,0
005/005_00.png,005_forge/005_07.png,0
005/005_00.png,005_forge/005_08.png,0
005/005_00.png,005_forge/005_09.png,0
005/005_00.png,005_forge/005_10.png,0
005/005_00.png,005_forge/005_11.png,0
005/005_00.png,005_forge/005_12.png,0
005/005_00.png,005_forge/005_13.png,0
005/005_00.png,005_forge/005_14.png,0
005/005_00.png,005_forge/005_15.png,0
005/005_00.png,005_forge/005_16.png,0
005/005_00.png,005_forge/005_17.png,0
005/005_00.png,005_forge/005_18.png,0
005/005_00.png,005_forge/005_19.png,0
005/005_00.png,005_forge/005_20.png,0
005/005_01.png,005_forge/005_00.png,0
005/005_01.png,005_forge/005_01.png,0
005/005_01.png,005_forge/005_02.png,0
005/005_01.png,005_forge/005_03.png,0
005/005_01.png,005_forge/005_04.png,0
005/005_01.png,005_forge/005_05.png,0
005/005_01.png,005_forge/005_06.png,0
005/005_01.png,005_forge/005_07.png,0
005/005_01.png,005_forge/005_08.png,0
005/005_01.png,005_forge/005_09.png,0
005/005_01.png,005_forge/005_10.png,0
005/005_01.png,005_forge/005_11.png,0
005/005_01.png,005_forge/005_12.png,0
005/005_01.png,005_forge/005_13.png,0
005/005_01.png,005_forge/005_14.png,0
005/005_01.png,005_forge/005_15.png,0
005/005_01.png,005_forge/005_16.png,0
005/005_01.png,005_forge/005_17.png,0
005/005_01.png,005_forge/005_18.png,0
005/005_01.png,005_forge/005_19.png,0
005/005_01.png,005_forge/005_20.png,0
005/005_02.png,005_forge/005_00.png,0
005/005_02.png,005_forge/005_01.png,0
005/005_02.png,005_forge/005_02.png,0
005/005_02.png,005_forge/005_03.png,0
005/005_02.png,005_forge/005_04.png,0
005/005_02.png,005_forge/005_05.png,0
005/005_02.png,005_forge/005_06.png,0
005/005_02.png,005_forge/005_07.png,0
005/005_02.png,005_forge/005_08.png,0
005/005_02.png,005_forge/005_09.png,0
005/005_02.png,005_forge/005_10.png,0
005/005_02.png,005_forge/005_11.png,0
005/005_02.png,005_forge/005_12.png,0
005/005_02.png,005_forge/005_13.png,0
005/005_02.png,005_forge/005_14.png,0
005/005_02.png,005_forge/005_15.png,0
005/005_02.png,005_forge/005_16.png,0
005/005_02.png,005_forge/005_17.png,0
005/005_02.png,005_forge/005_18.png,0
005/005_02.png,005_forge/005_19.png,0
005/005_02.png,005_forge/005_20.png,0
005/005_03.png,005_forge/005_00.png,0
005/005_03.png,005_forge/005_01.png,0
005/005_03.png,005_forge/005_02.png,0
005/005_03.png,005_forge/005_03.png,0
005/005_03.png,005_forge/005_04.png,0
005/005_03.png,005_forge/005_05.png,0
005/005_03.png,005_forge/005_06.png,0
005/005_03.png,005_forge/005_07.png,0
005/005_03.png,005_forge/005_08.png,0
005/005_03.png,005_forge/005_09.png,0
005/005_03.png,005_forge/005_10.png,0
005/005_03.png,005_forge/005_11.png,0
005/005_03.png,005_forge/005_12.png,0
005/005_03.png,005_forge/005_13.png,0
005/005_03.png,005_forge/005_14.png,0
005/005_03.png,005_forge/005_15.png,0
005/005_03.png,005_forge/005_16.png,0
005/005_03.png,005_forge/005_17.png,0
005/005_03.png,005_forge/005_18.png,0
005/005_03.png,005_forge/005_19.png,0
005/005_03.png,005_forge/005_20.png,0
005/005_04.png,005_forge/005_00.png,0
005/005_04.png,005_forge/005_01.png,0
005/005_04.png,005_forge/005_02.png,0
005/005_04.png,005_forge/005_03.png,0
005/005_04.png,005_forge/005_04.png,0
005/005_04.png,005_forge/005_05.png,0
005/005_04.png,005_forge/005_06.png,0
005/005_04.png,005_forge/005_07.png,0
005/005_04.png,005_forge/005_08.png,0
005/005_04.png,005_forge/005_09.png,0
005/005_04.png,005_forge/005_10.png,0
005/005_04.png,005_forge/005_11.png,0
005/005_04.png,005_forge/005_12.png,0
005/005_04.png,005_forge/005_13.png,0
005/005_04.png,005_forge/005_14.png,0
005/005_04.png,005_forge/005_15.png,0
005/005_04.png,005_forge/005_16.png,0
005/005_04.png,005_forge/005_17.png,0
005/005_04.png,005_forge/005_18.png,0
005/005_04.png,005_forge/005_19.png,0
005/005_04.png,005_forge/005_20.png,0
005/005_05.png,005_forge/005_00.png,0
005/005_05.png,005_forge/005_01.png,0
005/005_05.png,005_forge/005_02.png,0
005/005_05.png,005_forge/005_03.png,0
005/005_05.png,005_forge/005_04.png,0
005/005_05.png,005_forge/005_05.png,0
005/005_05.png,005_forge/005_06.png,0
005/005_05.png,005_forge/005_07.png,0
005/005_05.png,005_forge/005_08.png,0
005/005_05.png,005_forge/005_09.png,0
005/005_05.png,005_forge/005_10.png,0
005/005_05.png,005_forge/005_11.png,0
005/005_05.png,005_forge/005_12.png,0
005/005_05.png,005_forge/005_13.png,0
005/005_05.png,005_forge/005_14.png,0
005/005_05.png,005_forge/005_15.png,0
005/005_05.png,005_forge/005_16.png,0
005/005_05.png,005_forge/005_17.png,0
005/005_05.png,005_forge/005_18.png,0
005/005_05.png,005_forge/005_19.png,0
005/005_05.png,005_forge/005_20.png,0
005/005_06.png,005_forge/005_00.png,0
005/005_06.png,005_forge/005_01.png,0
005/005_06.png,005_forge/005_02.png,0
005/005_06.png,005_forge/005_03.png,0
005/005_06.png,005_forge/005_04.png,0
005/005_06.png,005_forge/005_05.png,0
005/005_06.png,005_forge/005_06.png,0
005/005_06.png,005_forge/005_07.png,0
005/005_06.png,005_forge/005_08.png,0
005/005_06.png,005_forge/005_09.png,0
005/005_06.png,005_forge/005_10.png,0
005/005_06.png,005_forge/005_11.png,0
005/005_06.png,005_forge/005_12.png,0
005/005_06.png,005_forge/005_13.png,0
005/005_06.png,005_forge/005_14.png,0
005/005_06.png,005_forge/005_15.png,0
005/005_06.png,005_forge/005_16.png,0
005/005_06.png,005_forge/005_17.png,0
005/005_06.png,005_forge/005_18.png,0
005/005_06.png,005_forge/005_19.png,0
005/005_06.png,005_forge/005_20.png,0
005/005_07.png,005_forge/005_00.png,0
005/005_07.png,005_forge/005_01.png,0
005/005_07.png,005_forge/005_02.png,0
005/005_07.png,005_forge/005_03.png,0
005/005_07.png,005_forge/005_04.png,0
005/005_07.png,005_forge/005_05.png,0
005/005_07.png,005_forge/005_06.png,0
005/005_07.png,005_forge/005_07.png,0
005/005_07.png,005_forge/005_08.png,0
005/005_07.png,005_forge/005_09.png,0
005/005_07.png,005_forge/005_10.png,0
005/005_07.png,005_forge/005_11.png,0
005/005_07.png,005_forge/005_12.png,0
005/005_07.png,005_forge/005_13.png,0
005/005_07.png,005_forge/005_14.png,0
005/005_07.png,005_forge/005_15.png,0
005/005_07.png,005_forge/005_16.png,0
005/005_07.png,005_forge/005_17.png,0
005/005_07.png,005_forge/005_18.png,0
005/005_07.png,005_forge/005_19.png,0
005/005_07.png,005_forge/005_20.png,0
005/005_08.png,005_forge/005_00.png,0
005/005_08.png,005_forge/005_01.png,0
005/005_08.png,005_forge/005_02.png,0
005/005_08.png,005_forge/005_03.png,0
005/005_08.png,005_forge/005_04.png,0
005/005_08.png,005_forge/005_05.png,0
005/005_08.png,005_forge/005_06.png,0
005/005_08.png,005_forge/005_07.png,0
005/005_08.png,005_forge/005_08.png,0
005/005_08.png,005_forge/005_09.png,0
005/005_08.png,005_forge/005_10.png,0
005/005_08.png,005_forge/005_11.png,0
005/005_08.png,005_forge/005_12.png,0
005/005_08.png,005_forge/005_13.png,0
005/005_08.png,005_forge/005_14.png,0
005/005_08.png,005_forge/005_15.png,0
005/005_08.png,005_forge/005_16.png,0
005/005_08.png,005_forge/005_17.png,0
005/005_08.png,005_forge/005_18.png,0
005/005_08.png,005_forge/005_19.png,0
005/005_08.png,005_forge/005_20.png,0
005/005_09.png,005_forge/005_00.png,0
005/005_09.png,005_forge/005_01.png,0
005/005_09.png,005_forge/005_02.png,0
005/005_09.png,005_forge/005_03.png,0
005/005_09.png,005_forge/005_04.png,0
005/005_09.png,005_forge/005_05.png,0
005/005_09.png,005_forge/005_06.png,0
005/005_09.png,005_forge/005_07.png,0
005/005_09.png,005_forge/005_08.png,0
005/005_09.png,005_forge/005_09.png,0
005/005_09.png,005_forge/005_10.png,0
005/005_09.png,005_forge/005_11.png,0
005/005_09.png,005_forge/005_12.png,0
005/005_09.png,005_forge/005_13.png,0
005/005_09.png,005_forge/005_14.png,0
005/005_09.png,005_forge/005_15.png,0
005/005_09.png,005_forge/005_16.png,0
005/005_09.png,005_forge/005_17.png,0
005/005_09.png,005_forge/005_18.png,0
005/005_09.png,005_forge/005_19.png,0
005/005_09.png,005_forge/005_20.png,0
005/005_10.png,005_forge/005_00.png,0
005/005_10.png,005_forge/005_01.png,0
005/005_10.png,005_forge/005_02.png,0
005/005_10.png,005_forge/005_03.png,0
005/005_10.png,005_forge/005_04.png,0
005/005_10.png,005_forge/005_05.png,0
005/005_10.png,005_forge/005_06.png,0
005/005_10.png,005_forge/005_07.png,0
005/005_10.png,005_forge/005_08.png,0
005/005_10.png,005_forge/005_09.png,0
005/005_10.png,005_forge/005_10.png,0
005/005_10.png,005_forge/005_11.png,0
005/005_10.png,005_forge/005_12.png,0
005/005_10.png,005_forge/005_13.png,0
005/005_10.png,005_forge/005_14.png,0
005/005_10.png,005_forge/005_15.png,0
005/005_10.png,005_forge/005_16.png,0
005/005_10.png,005_forge/005_17.png,0
005/005_10.png,005_forge/005_18.png,0
005/005_10.png,005_forge/005_19.png,0
005/005_10.png,005_forge/005_20.png,0
005/005_11.png,005_forge/005_00.png,0
005/005_11.png,005_forge/005_01.png,0
005/005_11.png,005_forge/005_02.png,0
005/005_11.png,005_forge/005_03.png,0
005/005_11.png,005_forge/005_04.png,0
005/005_11.png,005_forge/005_05.png,0
005/005_11.png,005_forge/005_06.png,0
005/005_11.png,005_forge/005_07.png,0
005/005_11.png,005_forge/005_08.png,0
005/005_11.png,005_forge/005_09.png,0
005/005_11.png,005_forge/005_10.png,0
005/005_11.png,005_forge/005_11.png,0
005/005_11.png,005_forge/005_12.png,0
005/005_11.png,005_forge/005_13.png,0
005/005_11.png,005_forge/005_14.png,0
005/005_11.png,005_forge/005_15.png,0
005/005_11.png,005_forge/005_16.png,0
005/005_11.png,005_forge/005_17.png,0
005/005_11.png,005_forge/005_18.png,0
005/005_11.png,005_forge/005_19.png,0
005/005_11.png,005_forge/005_20.png,0
005/005_12.png,005_forge/005_00.png,0
005/005_12.png,005_forge/005_01.png,0
005/005_12.png,005_forge/005_02.png,0
005/005_12.png,005_forge/005_03.png,0
005/005_12.png,005_forge/005_04.png,0
005/005_12.png,005_forge/005_05.png,0
005/005_12.png,005_forge/005_06.png,0
005/005_12.png,005_forge/005_07.png,0
005/005_12.png,005_forge/005_08.png,0
005/005_12.png,005_forge/005_09.png,0
005/005_12.png,005_forge/005_10.png,0
005/005_12.png,005_forge/005_11.png,0
005/005_12.png,005_forge/005_12.png,0
005/005_12.png,005_forge/005_13.png,0
005/005_12.png,005_forge/005_14.png,0
005/005_12.png,005_forge/005_15.png,0
005/005_12.png,005_forge/005_16.png,0
005/005_12.png,005_forge/005_17.png,0
005/005_12.png,005_forge/005_18.png,0
005/005_12.png,005_forge/005_19.png,0
005/005_12.png,005_forge/005_20.png,0
005/005_13.png,005_forge/005_00.png,0
005/005_13.png,005_forge/005_01.png,0
005/005_13.png,005_forge/005_02.png,0
005/005_13.png,005_forge/005_03.png,0
005/005_13.png,005_forge/005_04.png,0
005/005_13.png,005_forge/005_05.png,0
005/005_13.png,005_forge/005_06.png,0
005/005_13.png,005_forge/005_07.png,0
005/005_13.png,005_forge/005_08.png,0
005/005_13.png,005_forge/005_09.png,0
005/005_13.png,005_forge/005_10.png,0
005/005_13.png,005_forge/005_11.png,0
005/005_13.png,005_forge/005_12.png,0
005/005_13.png,005_forge/005_13.png,0
005/005_13.png,005_forge/005_14.png,0
005/005_13.png,005_forge/005_15.png,0
005/005_13.png,005_forge/005_16.png,0
005/005_13.png,005_forge/005_17.png,0
005/005_13.png,005_forge/005_18.png,0
005/005_13.png,005_forge/005_19.png,0
005/005_13.png,005_forge/005_20.png,0
005/005_14.png,005_forge/005_00.png,0
005/005_14.png,005_forge/005_01.png,0
005/005_14.png,005_forge/005_02.png,0
005/005_14.png,005_forge/005_03.png,0
005/005_14.png,005_forge/005_04.png,0
005/005_14.png,005_forge/005_05.png,0
005/005_14.png,005_forge/005_06.png,0
005/005_14.png,005_forge/005_07.png,0
005/005_14.png,005_forge/005_08.png,0
005/005_14.png,005_forge/005_09.png,0
005/005_14.png,005_forge/005_10.png,0
005/005_14.png,005_forge/005_11.png,0
005/005_14.png,005_forge/005_12.png,0
005/005_14.png,005_forge/005_13.png,0
005/005_14.png,005_forge/005_14.png,0
005/005_14.png,005_forge/005_15.png,0
005/005_14.png,005_forge/005_16.png,0
005/005_14.png,005_forge/005_17.png,0
005/005_14.png,005_forge/005_18.png,0
005/005_14.png,005_forge/005_19.png,0
005/005_14.png,005_forge/005_20.png,0
005/005_15.png,005_forge/005_00.png,0
005/005_15.png,005_forge/005_01.png,0
005/005_15.png,005_forge/005_02.png,0
005/005_15.png,005_forge/005_03.png,0
005/005_15.png,005_forge/005_04.png,0
005/005_15.png,005_forge/005_05.png,0
005/005_15.png,005_forge/005_06.png,0
005/005_15.png,005_forge/005_07.png,0
005/005_15.png,005_forge/005_08.png,0
005/005_15.png,005_forge/005_09.png,0
005/005_15.png,005_forge/005_10.png,0
005/005_15.png,005_forge/005_11.png,0
005/005_15.png,005_forge/005_12.png,0
005/005_15.png,005_forge/005_13.png,0
005/005_15.png,005_forge/005_14.png,0
005/005_15.png,005_forge/005_15.png,0
005/005_15.png,005_forge/005_16.png,0
005/005_15.png,005_forge/005_17.png,0
005/005_15.png,005_forge/005_18.png,0
005/005_15.png,005_forge/005_19.png,0
005/005_15.png,005_forge/005_20.png,0
005/005_16.png,005_forge/005_00.png,0
005/005_16.png,005_forge/005_01.png,0
005/005_16.png,005_forge/005_02.png,0
005/005_16.png,005_forge/005_03.png,0
005/005_16.png,005_forge/005_04.png,0
005/005_16.png,005_forge/005_05.png,0
005/005_16.png,005_forge/005_06.png,0
005/005_16.png,005_forge/005_07.png,0
005/005_16.png,005_forge/005_08.png,0
005/005_16.png,005_forge/005_09.png,0
005/005_16.png,005_forge/005_10.png,0
005/005_16.png,005_forge/005_11.png,0
005/005_16.png,005_forge/005_12.png,0
005/005_16.png,005_forge/005_13.png,0
005/005_16.png,005_forge/005_14.png,0
005/005_16.png,005_forge/005_15.png,0
005/005_16.png,005_forge/005_16.png,0
005/005_16.png,005_forge/005_17.png,0
005/005_16.png,005_forge/005_18.png,0
005/005_16.png,005_forge/005_19.png,0
005/005_16.png,005_forge/005_20.png,0
005/005_17.png,005_forge/005_00.png,0
005/005_17.png,005_forge/005_01.png,0
005/005_17.png,005_forge/005_02.png,0
005/005_17.png,005_forge/005_03.png,0
005/005_17.png,005_forge/005_04.png,0
005/005_17.png,005_forge/005_05.png,0
005/005_17.png,005_forge/005_06.png,0
005/005_17.png,005_forge/005_07.png,0
005/005_17.png,005_forge/005_08.png,0
005/005_17.png,005_forge/005_09.png,0
005/005_17.png,005_forge/005_10.png,0
005/005_17.png,005_forge/005_11.png,0
005/005_17.png,005_forge/005_12.png,0
005/005_17.png,005_forge/005_13.png,0
005/005_17.png,005_forge/005_14.png,0
005/005_17.png,005_forge/005_15.png,0
005/005_17.png,005_forge/005_16.png,0
005/005_17.png,005_forge/005_17.png,0
005/005_17.png,005_forge/005_18.png,0
005/005_17.png,005_forge/005_19.png,0
005/005_17.png,005_forge/005_20.png,0
005/005_18.png,005_forge/005_00.png,0
005/005_18.png,005_forge/005_01.png,0
005/005_18.png,005_forge/005_02.png,0
005/005_18.png,005_forge/005_03.png,0
005/005_18.png,005_forge/005_04.png,0
005/005_18.png,005_forge/005_05.png,0
005/005_18.png,005_forge/005_06.png,0
005/005_18.png,005_forge/005_07.png,0
005/005_18.png,005_forge/005_08.png,0
005/005_18.png,005_forge/005_09.png,0
005/005_18.png,005_forge/005_10.png,0
005/005_18.png,005_forge/005_11.png,0
005/005_18.png,005_forge/005_12.png,0
005/005_18.png,005_forge/005_13.png,0
005/005_18.png,005_forge/005_14.png,0
005/005_18.png,005_forge/005_15.png,0
005/005_18.png,005_forge/005_16.png,0
005/005_18.png,005_forge/005_17.png,0
005/005_18.png,005_forge/005_18.png,0
005/005_18.png,005_forge/005_19.png,0
005/005_18.png,005_forge/005_20.png,0
005/005_19.png,005_forge/005_00.png,0
005/005_19.png,005_forge/005_01.png,0
005/005_19.png,005_forge/005_02.png,0
005/005_19.png,005_forge/005_03.png,0
005/005_19.png,005_forge/005_04.png,0
005/005_19.png,005_forge/005_05.png,0
005/005_19.png,005_forge/005_06.png,0
005/005_19.png,005_forge/005_07.png,0
005/005_19.png,005_forge/005_08.png,0
005/005_19.png,005_forge/005_09.png,0
005/005_19.png,005_forge/005_10.png,0
005/005_19.png,005_forge/005_11.png,0
005/005_19.png,005_forge/005_12.png,0
005/005_19.png,005_forge/005_13.png,0
005/005_19.png,005_forge/005_14.png,0
005/005_19.png,005_forge/005_15.png,0
005/005_19.png,005_forge/005_16.png,0
005/005_19.png,005_forge/005_17.png,0
005/005_19.png,005_forge/005_18.png,0
005/005_19.png,005_forge/005_19.png,0
005/005_19.png,005_forge/005_20.png,0
005/005_20.png,005_forge/005_00.png,0
005/005_20.png,005_forge/005_01.png,0
005/005_20.png,005_forge/005_02.png,0
005/005_20.png,005_forge/005_03.png,0
005/005_20.png,005_forge/005_04.png,0
005/005_20.png,005_forge/005_05.png,0
005/005_20.png,005_forge/005_06.png,0
005/005_20.png,005_forge/005_07.png,0
005/005_20.png,005_forge/005_08.png,0
005/005_20.png,005_forge/005_09.png,0
005/005_20.png,005_forge/005_10.png,0
005/005_20.png,005_forge/005_11.png,0
005/005_20.png,005_forge/005_12.png,0
005/005_20.png,005_forge/005_13.png,0
005/005_20.png,005_forge/005_14.png,0
005/005_20.png,005_forge/005_15.png,0
005/005_20.png,005_forge/005_16.png,0
005/005_20.png,005_forge/005_17.png,0
005/005_20.png,005_forge/005_18.png,0
005/005_20.png,005_forge/005_19.png,0
005/005_20.png,005_forge/005_20.png,0
006/006_00.png,006/006_01.png,1
006/006_00.png,006/006_02.png,1
006/006_00.png,006/006_03.png,1
006/006_00.png,006/006_04.png,1
006/006_00.png,006/006_05.png,1
006/006_00.png,006/006_06.png,1
006/006_00.png,006/006_07.png,1
006/006_00.png,006/006_08.png,1
006/006_00.png,006/006_09.png,1
006/006_00.png,006/006_10.png,1
006/006_00.png,006/006_11.png,1
006/006_00.png,006/006_12.png,1
006/006_00.png,006/006_13.png,1
006/006_00.png,006/006_14.png,1
006/006_00.png,006/006_15.png,1
006/006_00.png,006/006_16.png,1
006/006_00.png,006/006_17.png,1
006/006_00.png,006/006_18.png,1
006/006_00.png,006/006_19.png,1
006/006_00.png,006/006_20.png,1
006/006_01.png,006/006_00.png,1
006/006_01.png,006/006_02.png,1
006/006_01.png,006/006_03.png,1
006/006_01.png,006/006_04.png,1
006/006_01.png,006/006_05.png,1
006/006_01.png,006/006_06.png,1
006/006_01.png,006/006_07.png,1
006/006_01.png,006/006_08.png,1
006/006_01.png,006/006_09.png,1
006/006_01.png,006/006_10.png,1
006/006_01.png,006/006_11.png,1
006/006_01.png,006/006_12.png,1
006/006_01.png,006/006_13.png,1
006/006_01.png,006/006_14.png,1
006/006_01.png,006/006_15.png,1
006/006_01.png,006/006_16.png,1
006/006_01.png,006/006_17.png,1
006/006_01.png,006/006_18.png,1
006/006_01.png,006/006_19.png,1
006/006_01.png,006/006_20.png,1
006/006_02.png,006/006_00.png,1
006/006_02.png,006/006_01.png,1
006/006_02.png,006/006_03.png,1
006/006_02.png,006/006_04.png,1
006/006_02.png,006/006_05.png,1
006/006_02.png,006/006_06.png,1
006/006_02.png,006/006_07.png,1
006/006_02.png,006/006_08.png,1
006/006_02.png,006/006_09.png,1
006/006_02.png,006/006_10.png,1
006/006_02.png,006/006_11.png,1
006/006_02.png,006/006_12.png,1
006/006_02.png,006/006_13.png,1
006/006_02.png,006/006_14.png,1
006/006_02.png,006/006_15.png,1
006/006_02.png,006/006_16.png,1
006/006_02.png,006/006_17.png,1
006/006_02.png,006/006_18.png,1
006/006_02.png,006/006_19.png,1
006/006_02.png,006/006_20.png,1
006/006_03.png,006/006_00.png,1
006/006_03.png,006/006_01.png,1
006/006_03.png,006/006_02.png,1
006/006_03.png,006/006_04.png,1
006/006_03.png,006/006_05.png,1
006/006_03.png,006/006_06.png,1
006/006_03.png,006/006_07.png,1
006/006_03.png,006/006_08.png,1
006/006_03.png,006/006_09.png,1
006/006_03.png,006/006_10.png,1
006/006_03.png,006/006_11.png,1
006/006_03.png,006/006_12.png,1
006/006_03.png,006/006_13.png,1
006/006_03.png,006/006_14.png,1
006/006_03.png,006/006_15.png,1
006/006_03.png,006/006_16.png,1
006/006_03.png,006/006_17.png,1
006/006_03.png,006/006_18.png,1
006/006_03.png,006/006_19.png,1
006/006_03.png,006/006_20.png,1
006/006_04.png,006/006_00.png,1
006/006_04.png,006/006_01.png,1
006/006_04.png,006/006_02.png,1
006/006_04.png,006/006_03.png,1
006/006_04.png,006/006_05.png,1
006/006_04.png,006/006_06.png,1
006/006_04.png,006/006_07.png,1
006/006_04.png,006/006_08.png,1
006/006_04.png,006/006_09.png,1
006/006_04.png,006/006_10.png,1
006/006_04.png,006/006_11.png,1
006/006_04.png,006/006_12.png,1
006/006_04.png,006/006_13.png,1
006/006_04.png,006/006_14.png,1
006/006_04.png,006/006_15.png,1
006/006_04.png,006/006_16.png,1
006/006_04.png,006/006_17.png,1
006/006_04.png,006/006_18.png,1
006/006_04.png,006/006_19.png,1
006/006_04.png,006/006_20.png,1
006/006_05.png,006/006_00.png,1
006/006_05.png,006/006_01.png,1
006/006_05.png,006/006_02.png,1
006/006_05.png,006/006_03.png,1
006/006_05.png,006/006_04.png,1
006/006_05.png,006/006_06.png,1
006/006_05.png,006/006_07.png,1
006/006_05.png,006/006_08.png,1
006/006_05.png,006/006_09.png,1
006/006_05.png,006/006_10.png,1
006/006_05.png,006/006_11.png,1
006/006_05.png,006/006_12.png,1
006/006_05.png,006/006_13.png,1
006/006_05.png,006/006_14.png,1
006/006_05.png,006/006_15.png,1
006/006_05.png,006/006_16.png,1
006/006_05.png,006/006_17.png,1
006/006_05.png,006/006_18.png,1
006/006_05.png,006/006_19.png,1
006/006_05.png,006/006_20.png,1
006/006_06.png,006/006_00.png,1
006/006_06.png,006/006_01.png,1
006/006_06.png,006/006_02.png,1
006/006_06.png,006/006_03.png,1
006/006_06.png,006/006_04.png,1
006/006_06.png,006/006_05.png,1
006/006_06.png,006/006_07.png,1
006/006_06.png,006/006_08.png,1
006/006_06.png,006/006_09.png,1
006/006_06.png,006/006_10.png,1
006/006_06.png,006/006_11.png,1
006/006_06.png,006/006_12.png,1
006/006_06.png,006/006_13.png,1
006/006_06.png,006/006_14.png,1
006/006_06.png,006/006_15.png,1
006/006_06.png,006/006_16.png,1
006/006_06.png,006/006_17.png,1
006/006_06.png,006/006_18.png,1
006/006_06.png,006/006_19.png,1
006/006_06.png,006/006_20.png,1
006/006_07.png,006/006_00.png,1
006/006_07.png,006/006_01.png,1
006/006_07.png,006/006_02.png,1
006/006_07.png,006/006_03.png,1
006/006_07.png,006/006_04.png,1
006/006_07.png,006/006_05.png,1
006/006_07.png,006/006_06.png,1
006/006_07.png,006/006_08.png,1
006/006_07.png,006/006_09.png,1
006/006_07.png,006/006_10.png,1
006/006_07.png,006/006_11.png,1
006/006_07.png,006/006_12.png,1
006/006_07.png,006/006_13.png,1
006/006_07.png,006/006_14.png,1
006/006_07.png,006/006_15.png,1
006/006_07.png,006/006_16.png,1
006/006_07.png,006/006_17.png,1
006/006_07.png,006/006_18.png,1
006/006_07.png,006/006_19.png,1
006/006_07.png,006/006_20.png,1
006/006_08.png,006/006_00.png,1
006/006_08.png,006/006_01.png,1
006/006_08.png,006/006_02.png,1
006/006_08.png,006/006_03.png,1
006/006_08.png,006/006_04.png,1
006/006_08.png,006/006_05.png,1
006/006_08.png,006/006_06.png,1
006/006_08.png,006/006_07.png,1
006/006_08.png,006/006_09.png,1
006/006_08.png,006/006_10.png,1
006/006_08.png,006/006_11.png,1
006/006_08.png,006/006_12.png,1
006/006_08.png,006/006_13.png,1
006/006_08.png,006/006_14.png,1
006/006_08.png,006/006_15.png,1
006/006_08.png,006/006_16.png,1
006/006_08.png,006/006_17.png,1
006/006_08.png,006/006_18.png,1
006/006_08.png,006/006_19.png,1
006/006_08.png,006/006_20.png,1
006/006_09.png,006/006_00.png,1
006/006_09.png,006/006_01.png,1
006/006_09.png,006/006_02.png,1
006/006_09.png,006/006_03.png,1
006/006_09.png,006/006_04.png,1
006/006_09.png,006/006_05.png,1
006/006_09.png,006/006_06.png,1
006/006_09.png,006/006_07.png,1
006/006_09.png,006/006_08.png,1
006/006_09.png,006/006_10.png,1
006/006_09.png,006/006_11.png,1
006/006_09.png,006/006_12.png,1
006/006_09.png,006/006_13.png,1
006/006_09.png,006/006_14.png,1
006/006_09.png,006/006_15.png,1
006/006_09.png,006/006_16.png,1
006/006_09.png,006/006_17.png,1
006/006_09.png,006/006_18.png,1
006/006_09.png,006/006_19.png,1
006/006_09.png,006/006_20.png,1
006/006_10.png,006/006_00.png,1
006/006_10.png,006/006_01.png,1
006/006_10.png,006/006_02.png,1
006/006_10.png,006/006_03.png,1
006/006_10.png,006/006_04.png,1
006/006_10.png,006/006_05.png,1
006/006_10.png,006/006_06.png,1
006/006_10.png,006/006_07.png,1
006/006_10.png,006/006_08.png,1
006/006_10.png,006/006_09.png,1
006/006_10.png,006/006_11.png,1
006/006_10.png,006/006_12.png,1
006/006_10.png,006/006_13.png,1
006/006_10.png,006/006_14.png,1
006/006_10.png,006/006_15.png,1
006/006_10.png,006/006_16.png,1
006/006_10.png,006/006_17.png,1
006/006_10.png,006/006_18.png,1
006/006_10.png,006/006_19.png,1
006/006_10.png,006/006_20.png,1
006/006_11.png,006/006_00.png,1
006/006_11.png,006/006_01.png,1
006/006_11.png,006/006_02.png,1
006/006_11.png,006/006_03.png,1
006/006_11.png,006/006_04.png,1
006/006_11.png,006/006_05.png,1
006/006_11.png,006/006_06.png,1
006/006_11.png,006/006_07.png,1
006/006_11.png,006/006_08.png,1
006/006_11.png,006/006_09.png,1
006/006_11.png,006/006_10.png,1
006/006_11.png,006/006_12.png,1
006/006_11.png,006/006_13.png,1
006/006_11.png,006/006_14.png,1
006/006_11.png,006/006_15.png,1
006/006_11.png,006/006_16.png,1
006/006_11.png,006/006_17.png,1
006/006_11.png,006/006_18.png,1
006/006_11.png,006/006_19.png,1
006/006_11.png,006/006_20.png,1
006/006_12.png,006/006_00.png,1
006/006_12.png,006/006_01.png,1
006/006_12.png,006/006_02.png,1
006/006_12.png,006/006_03.png,1
006/006_12.png,006/006_04.png,1
006/006_12.png,006/006_05.png,1
006/006_12.png,006/006_06.png,1
006/006_12.png,006/006_07.png,1
006/006_12.png,006/006_08.png,1
006/006_12.png,006/006_09.png,1
006/006_12.png,006/006_10.png,1
006/006_12.png,006/006_11.png,1
006/006_12.png,006/006_13.png,1
006/006_12.png,006/006_14.png,1
006/006_12.png,006/006_15.png,1
006/006_12.png,006/006_16.png,1
006/006_12.png,006/006_17.png,1
006/006_12.png,006/006_18.png,1
006/006_12.png,006/006_19.png,1
006/006_12.png,006/006_20.png,1
006/006_13.png,006/006_00.png,1
006/006_13.png,006/006_01.png,1
006/006_13.png,006/006_02.png,1
006/006_13.png,006/006_03.png,1
006/006_13.png,006/006_04.png,1
006/006_13.png,006/006_05.png,1
006/006_13.png,006/006_06.png,1
006/006_13.png,006/006_07.png,1
006/006_13.png,006/006_08.png,1
006/006_13.png,006/006_09.png,1
006/006_13.png,006/006_10.png,1
006/006_13.png,006/006_11.png,1
006/006_13.png,006/006_12.png,1
006/006_13.png,006/006_14.png,1
006/006_13.png,006/006_15.png,1
006/006_13.png,006/006_16.png,1
006/006_13.png,006/006_17.png,1
006/006_13.png,006/006_18.png,1
006/006_13.png,006/006_19.png,1
006/006_13.png,006/006_20.png,1
006/006_14.png,006/006_00.png,1
006/006_14.png,006/006_01.png,1
006/006_14.png,006/006_02.png,1
006/006_14.png,006/006_03.png,1
006/006_14.png,006/006_04.png,1
006/006_14.png,006/006_05.png,1
006/006_14.png,006/006_06.png,1
006/006_14.png,006/006_07.png,1
006/006_14.png,006/006_08.png,1
006/006_14.png,006/006_09.png,1
006/006_14.png,006/006_10.png,1
006/006_14.png,006/006_11.png,1
006/006_14.png,006/006_12.png,1
006/006_14.png,006/006_13.png,1
006/006_14.png,006/006_15.png,1
006/006_14.png,006/006_16.png,1
006/006_14.png,006/006_17.png,1
006/006_14.png,006/006_18.png,1
006/006_14.png,006/006_19.png,1
006/006_14.png,006/006_20.png,1
006/006_15.png,006/006_00.png,1
006/006_15.png,006/006_01.png,1
006/006_15.png,006/006_02.png,1
006/006_15.png,006/006_03.png,1
006/006_15.png,006/006_04.png,1
006/006_15.png,006/006_05.png,1
006/006_15.png,006/006_06.png,1
006/006_15.png,006/006_07.png,1
006/006_15.png,006/006_08.png,1
006/006_15.png,006/006_09.png,1
006/006_15.png,006/006_10.png,1
006/006_15.png,006/006_11.png,1
006/006_15.png,006/006_12.png,1
006/006_15.png,006/006_13.png,1
006/006_15.png,006/006_14.png,1
006/006_15.png,006/006_16.png,1
006/006_15.png,006/006_17.png,1
006/006_15.png,006/006_18.png,1
006/006_15.png,006/006_19.png,1
006/006_15.png,006/006_20.png,1
006/006_16.png,006/006_00.png,1
006/006_16.png,006/006_01.png,1
006/006_16.png,006/006_02.png,1
006/006_16.png,006/006_03.png,1
006/006_16.png,006/006_04.png,1
006/006_16.png,006/006_05.png,1
006/006_16.png,006/006_06.png,1
006/006_16.png,006/006_07.png,1
006/006_16.png,006/006_08.png,1
006/006_16.png,006/006_09.png,1
006/006_16.png,006/006_10.png,1
006/006_16.png,006/006_11.png,1
006/006_16.png,006/006_12.png,1
006/006_16.png,006/006_13.png,1
006/006_16.png,006/006_14.png,1
006/006_16.png,006/006_15.png,1
006/006_16.png,006/006_17.png,1
006/006_16.png,006/006_18.png,1
006/006_16.png,006/006_19.png,1
006/006_16.png,006/006_20.png,1
006/006_17.png,006/006_00.png,1
006/006_17.png,006/006_01.png,1
006/006_17.png,006/006_02.png,1
006/006_17.png,006/006_03.png,1
006/006_17.png,006/006_04.png,1
006/006_17.png,006/006_05.png,1
006/006_17.png,006/006_06.png,1
006/006_17.png,006/006_07.png,1
006/006_17.png,006/006_08.png,1
006/006_17.png,006/006_09.png,1
006/006_17.png,006/006_10.png,1
006/006_17.png,006/006_11.png,1
006/006_17.png,006/006_12.png,1
006/006_17.png,006/006_13.png,1
006/006_17.png,006/006_14.png,1
006/006_17.png,006/006_15.png,1
006/006_17.png,006/006_16.png,1
006/006_17.png,006/006_18.png,1
006/006_17.png,006/006_19.png,1
006/006_17.png,006/006_20.png,1
006/006_18.png,006/006_00.png,1
006/006_18.png,006/006_01.png,1
006/006_18.png,006/006_02.png,1
006/006_18.png,006/006_03.png,1
006/006_18.png,006/006_04.png,1
006/006_18.png,006/006_05.png,1
006/006_18.png,006/006_06.png,1
006/006_18.png,006/006_07.png,1
006/006_18.png,006/006_08.png,1
006/006_18.png,006/006_09.png,1
006/006_18.png,006/006_10.png,1
006/006_18.png,006/006_11.png,1
006/006_18.png,006/006_12.png,1
006/006_18.png,006/006_13.png,1
006/006_18.png,006/006_14.png,1
006/006_18.png,006/006_15.png,1
006/006_18.png,006/006_16.png,1
006/006_18.png,006/006_17.png,1
006/006_18.png,006/006_19.png,1
006/006_18.png,006/006_20.png,1
006/006_19.png,006/006_00.png,1
006/006_19.png,006/006_01.png,1
006/006_19.png,006/006_02.png,1
006/006_19.png,006/006_03.png,1
006/006_19.png,006/006_04.png,1
006/006_19.png,006/006_05.png,1
006/006_19.png,006/006_06.png,1
006/006_19.png,006/006_07.png,1
006/006_19.png,006/006_08.png,1
006/006_19.png,006/006_09.png,1
006/006_19.png,006/006_10.png,1
006/006_19.png,006/006_11.png,1
006/006_19.png,006/006_12.png,1
006/006_19.png,006/006_13.png,1
006/006_19.png,006/006_14.png,1
006/006_19.png,006/006_15.png,1
006/006_19.png,006/006_16.png,1
006/006_19.png,006/006_17.png,1
006/006_19.png,006/006_18.png,1
006/006_19.png,006/006_20.png,1
006/006_20.png,006/006_00.png,1
006/006_20.png,006/006_01.png,1
006/006_20.png,006/006_02.png,1
006/006_20.png,006/006_03.png,1
006/006_20.png,006/006_04.png,1
006/006_20.png,006/006_05.png,1
006/006_20.png,006/006_06.png,1
006/006_20.png,006/006_07.png,1
006/006_20.png,006/006_08.png,1
006/006_20.png,006/006_09.png,1
006/006_20.png,006/006_10.png,1
006/006_20.png,006/006_11.png,1
006/006_20.png,006/006_12.png,1
006/006_20.png,006/006_13.png,1
006/006_20.png,006/006_14.png,1
006/006_20.png,006/006_15.png,1
006/006_20.png,006/006_16.png,1
006/006_20.png,006/006_17.png,1
006/006_20.png,006/006_18.png,1
006/006_20.png,006/006_19.png,1
006/006_00.png,006_forge/006_00.png,0
006/006_00.png,006_forge/006_01.png,0
006/006_00.png,006_forge/006_02.png,0
006/006_00.png,006_forge/006_03.png,0
006/006_00.png,006_forge/006_04.png,0
006/006_00.png,006_forge/006_05.png,0
006/006_00.png,006_forge/006_06.png,0
006/006_00.png,006_forge/006_07.png,0
006/006_00.png,006_forge/006_08.png,0
006/006_00.png,006_forge/006_09.png,0
006/006_00.png,006_forge/006_10.png,0
006/006_00.png,006_forge/006_11.png,0
006/006_00.png,006_forge/006_12.png,0
006/006_00.png,006_forge/006_13.png,0
006/006_00.png,006_forge/006_14.png,0
006/006_00.png,006_forge/006_15.png,0
006/006_00.png,006_forge/006_16.png,0
006/006_00.png,006_forge/006_17.png,0
006/006_00.png,006_forge/006_18.png,0
006/006_00.png,006_forge/006_19.png,0
006/006_00.png,006_forge/006_20.png,0
006/006_01.png,006_forge/006_00.png,0
006/006_01.png,006_forge/006_01.png,0
006/006_01.png,006_forge/006_02.png,0
006/006_01.png,006_forge/006_03.png,0
006/006_01.png,006_forge/006_04.png,0
006/006_01.png,006_forge/006_05.png,0
006/006_01.png,006_forge/006_06.png,0
006/006_01.png,006_forge/006_07.png,0
006/006_01.png,006_forge/006_08.png,0
006/006_01.png,006_forge/006_09.png,0
006/006_01.png,006_forge/006_10.png,0
006/006_01.png,006_forge/006_11.png,0
006/006_01.png,006_forge/006_12.png,0
006/006_01.png,006_forge/006_13.png,0
006/006_01.png,006_forge/006_14.png,0
006/006_01.png,006_forge/006_15.png,0
006/006_01.png,006_forge/006_16.png,0
006/006_01.png,006_forge/006_17.png,0
006/006_01.png,006_forge/006_18.png,0
006/006_01.png,006_forge/006_19.png,0
006/006_01.png,006_forge/006_20.png,0
006/006_02.png,006_forge/006_00.png,0
006/006_02.png,006_forge/006_01.png,0
006/006_02.png,006_forge/006_02.png,0
006/006_02.png,006_forge/006_03.png,0
006/006_02.png,006_forge/006_04.png,0
006/006_02.png,006_forge/006_05.png,0
006/006_02.png,006_forge/006_06.png,0
006/006_02.png,006_forge/006_07.png,0
006/006_02.png,006_forge/006_08.png,0
006/006_02.png,006_forge/006_09.png,0
006/006_02.png,006_forge/006_10.png,0
006/006_02.png,006_forge/006_11.png,0
006/006_02.png,006_forge/006_12.png,0
006/006_02.png,006_forge/006_13.png,0
006/006_02.png,006_forge/006_14.png,0
006/006_02.png,006_forge/006_15.png,0
006/006_02.png,006_forge/006_16.png,0
006/006_02.png,006_forge/006_17.png,0
006/006_02.png,006_forge/006_18.png,0
006/006_02.png,006_forge/006_19.png,0
006/006_02.png,006_forge/006_20.png,0
006/006_03.png,006_forge/006_00.png,0
006/006_03.png,006_forge/006_01.png,0
006/006_03.png,006_forge/006_02.png,0
006/006_03.png,006_forge/006_03.png,0
006/006_03.png,006_forge/006_04.png,0
006/006_03.png,006_forge/006_05.png,0
006/006_03.png,006_forge/006_06.png,0
006/006_03.png,006_forge/006_07.png,0
006/006_03.png,006_forge/006_08.png,0
006/006_03.png,006_forge/006_09.png,0
006/006_03.png,006_forge/006_10.png,0
006/006_03.png,006_forge/006_11.png,0
006/006_03.png,006_forge/006_12.png,0
006/006_03.png,006_forge/006_13.png,0
006/006_03.png,006_forge/006_14.png,0
006/006_03.png,006_forge/006_15.png,0
006/006_03.png,006_forge/006_16.png,0
006/006_03.png,006_forge/006_17.png,0
006/006_03.png,006_forge/006_18.png,0
006/006_03.png,006_forge/006_19.png,0
006/006_03.png,006_forge/006_20.png,0
006/006_04.png,006_forge/006_00.png,0
006/006_04.png,006_forge/006_01.png,0
006/006_04.png,006_forge/006_02.png,0
006/006_04.png,006_forge/006_03.png,0
006/006_04.png,006_forge/006_04.png,0
006/006_04.png,006_forge/006_05.png,0
006/006_04.png,006_forge/006_06.png,0
006/006_04.png,006_forge/006_07.png,0
006/006_04.png,006_forge/006_08.png,0
006/006_04.png,006_forge/006_09.png,0
006/006_04.png,006_forge/006_10.png,0
006/006_04.png,006_forge/006_11.png,0
006/006_04.png,006_forge/006_12.png,0
006/006_04.png,006_forge/006_13.png,0
006/006_04.png,006_forge/006_14.png,0
006/006_04.png,006_forge/006_15.png,0
006/006_04.png,006_forge/006_16.png,0
006/006_04.png,006_forge/006_17.png,0
006/006_04.png,006_forge/006_18.png,0
006/006_04.png,006_forge/006_19.png,0
006/006_04.png,006_forge/006_20.png,0
006/006_05.png,006_forge/006_00.png,0
006/006_05.png,006_forge/006_01.png,0
006/006_05.png,006_forge/006_02.png,0
006/006_05.png,006_forge/006_03.png,0
006/006_05.png,006_forge/006_04.png,0
006/006_05.png,006_forge/006_05.png,0
006/006_05.png,006_forge/006_06.png,0
006/006_05.png,006_forge/006_07.png,0
006/006_05.png,006_forge/006_08.png,0
006/006_05.png,006_forge/006_09.png,0
006/006_05.png,006_forge/006_10.png,0
006/006_05.png,006_forge/006_11.png,0
006/006_05.png,006_forge/006_12.png,0
006/006_05.png,006_forge/006_13.png,0
006/006_05.png,006_forge/006_14.png,0
006/006_05.png,006_forge/006_15.png,0
006/006_05.png,006_forge/006_16.png,0
006/006_05.png,006_forge/006_17.png,0
006/006_05.png,006_forge/006_18.png,0
006/006_05.png,006_forge/006_19.png,0
006/006_05.png,006_forge/006_20.png,0
006/006_06.png,006_forge/006_00.png,0
006/006_06.png,006_forge/006_01.png,0
006/006_06.png,006_forge/006_02.png,0
006/006_06.png,006_forge/006_03.png,0
006/006_06.png,006_forge/006_04.png,0
006/006_06.png,006_forge/006_05.png,0
006/006_06.png,006_forge/006_06.png,0
006/006_06.png,006_forge/006_07.png,0
006/006_06.png,006_forge/006_08.png,0
006/006_06.png,006_forge/006_09.png,0
006/006_06.png,006_forge/006_10.png,0
006/006_06.png,006_forge/006_11.png,0
006/006_06.png,006_forge/006_12.png,0
006/006_06.png,006_forge/006_13.png,0
006/006_06.png,006_forge/006_14.png,0
006/006_06.png,006_forge/006_15.png,0
006/006_06.png,006_forge/006_16.png,0
006/006_06.png,006_forge/006_17.png,0
006/006_06.png,006_forge/006_18.png,0
006/006_06.png,006_forge/006_19.png,0
006/006_06.png,006_forge/006_20.png,0
006/006_07.png,006_forge/006_00.png,0
006/006_07.png,006_forge/006_01.png,0
006/006_07.png,006_forge/006_02.png,0
006/006_07.png,006_forge/006_03.png,0
006/006_07.png,006_forge/006_04.png,0
006/006_07.png,006_forge/006_05.png,0
006/006_07.png,006_forge/006_06.png,0
006/006_07.png,006_forge/006_07.png,0
006/006_07.png,006_forge/006_08.png,0
006/006_07.png,006_forge/006_09.png,0
006/006_07.png,006_forge/006_10.png,0
006/006_07.png,006_forge/006_11.png,0
006/006_07.png,006_forge/006_12.png,0
006/006_07.png,006_forge/006_13.png,0
006/006_07.png,006_forge/006_14.png,0
006/006_07.png,006_forge/006_15.png,0
006/006_07.png,006_forge/006_16.png,0
006/006_07.png,006_forge/006_17.png,0
006/006_07.png,006_forge/006_18.png,0
006/006_07.png,006_forge/006_19.png,0
006/006_07.png,006_forge/006_20.png,0
006/006_08.png,006_forge/006_00.png,0
006/006_08.png,006_forge/006_01.png,0
006/006_08.png,006_forge/006_02.png,0
006/006_08.png,006_forge/006_03.png,0
006/006_08.png,006_forge/006_04.png,0
006/006_08.png,006_forge/006_05.png,0
006/006_08.png,006_forge/006_06.png,0
006/006_08.png,006_forge/006_07.png,0
006/006_08.png,006_forge/006_08.png,0
006/006_08.png,006_forge/006_09.png,0
006/006_08.png,006_forge/006_10.png,0
006/006_08.png,006_forge/006_11.png,0
006/006_08.png,006_forge/006_12.png,0
006/006_08.png,006_forge/006_13.png,0
006/006_08.png,006_forge/006_14.png,0
006/006_08.png,006_forge/006_15.png,0
006/006_08.png,006_forge/006_16.png,0
006/006_08.png,006_forge/006_17.png,0
006/006_08.png,006_forge/006_18.png,0
006/006_08.png,006_forge/006_19.png,0
006/006_08.png,006_forge/006_20.png,0
006/006_09.png,006_forge/006_00.png,0
006/006_09.png,006_forge/006_01.png,0
006/006_09.png,006_forge/006_02.png,0
006/006_09.png,006_forge/006_03.png,0
006/006_09.png,006_forge/006_04.png,0
006/006_09.png,006_forge/006_05.png,0
006/006_09.png,006_forge/006_06.png,0
006/006_09.png,006_forge/006_07.png,0
006/006_09.png,006_forge/006_08.png,0
006/006_09.png,006_forge/006_09.png,0
006/006_09.png,006_forge/006_10.png,0
006/006_09.png,006_forge/006_11.png,0
006/006_09.png,006_forge/006_12.png,0
006/006_09.png,006_forge/006_13.png,0
006/006_09.png,006_forge/006_14.png,0
006/006_09.png,006_forge/006_15.png,0
006/006_09.png,006_forge/006_16.png,0
006/006_09.png,006_forge/006_17.png,0
006/006_09.png,006_forge/006_18.png,0
006/006_09.png,006_forge/006_19.png,0
006/006_09.png,006_forge/006_20.png,0
006/006_10.png,006_forge/006_00.png,0
006/006_10.png,006_forge/006_01.png,0
006/006_10.png,006_forge/006_02.png,0
006/006_10.png,006_forge/006_03.png,0
006/006_10.png,006_forge/006_04.png,0
006/006_10.png,006_forge/006_05.png,0
006/006_10.png,006_forge/006_06.png,0
006/006_10.png,006_forge/006_07.png,0
006/006_10.png,006_forge/006_08.png,0
006/006_10.png,006_forge/006_09.png,0
006/006_10.png,006_forge/006_10.png,0
006/006_10.png,006_forge/006_11.png,0
006/006_10.png,006_forge/006_12.png,0
006/006_10.png,006_forge/006_13.png,0
006/006_10.png,006_forge/006_14.png,0
006/006_10.png,006_forge/006_15.png,0
006/006_10.png,006_forge/006_16.png,0
006/006_10.png,006_forge/006_17.png,0
006/006_10.png,006_forge/006_18.png,0
006/006_10.png,006_forge/006_19.png,0
006/006_10.png,006_forge/006_20.png,0
006/006_11.png,006_forge/006_00.png,0
006/006_11.png,006_forge/006_01.png,0
006/006_11.png,006_forge/006_02.png,0
006/006_11.png,006_forge/006_03.png,0
006/006_11.png,006_forge/006_04.png,0
006/006_11.png,006_forge/006_05.png,0
006/006_11.png,006_forge/006_06.png,0
006/006_11.png,006_forge/006_07.png,0
006/006_11.png,006_forge/006_08.png,0
006/006_11.png,006_forge/006_09.png,0
006/006_11.png,006_forge/006_10.png,0
006/006_11.png,006_forge/006_11.png,0
006/006_11.png,006_forge/006_12.png,0
006/006_11.png,006_forge/006_13.png,0
006/006_11.png,006_forge/006_14.png,0
006/006_11.png,006_forge/006_15.png,0
006/006_11.png,006_forge/006_16.png,0
006/006_11.png,006_forge/006_17.png,0
006/006_11.png,006_forge/006_18.png,0
006/006_11.png,006_forge/006_19.png,0
006/006_11.png,006_forge/006_20.png,0
006/006_12.png,006_forge/006_00.png,0
006/006_12.png,006_forge/006_01.png,0
006/006_12.png,006_forge/006_02.png,0
006/006_12.png,006_forge/006_03.png,0
006/006_12.png,006_forge/006_04.png,0
006/006_12.png,006_forge/006_05.png,0
006/006_12.png,006_forge/006_06.png,0
006/006_12.png,006_forge/006_07.png,0
006/006_12.png,006_forge/006_08.png,0
006/006_12.png,006_forge/006_09.png,0
006/006_12.png,006_forge/006_10.png,0
006/006_12.png,006_forge/006_11.png,0
006/006_12.png,006_forge/006_12.png,0
006/006_12.png,006_forge/006_13.png,0
006/006_12.png,006_forge/006_14.png,0
006/006_12.png,006_forge/006_15.png,0
006/006_12.png,006_forge/006_16.png,0
006/006_12.png,006_forge/006_17.png,0
006/006_12.png,006_forge/006_18.png,0
006/006_12.png,006_forge/006_19.png,0
006/006_12.png,006_forge/006_20.png,0
006/006_13.png,006_forge/006_00.png,0
006/006_13.png,006_forge/006_01.png,0
006/006_13.png,006_forge/006_02.png,0
006/006_13.png,006_forge/006_03.png,0
006/006_13.png,006_forge/006_04.png,0
006/006_13.png,006_forge/006_05.png,0
006/006_13.png,006_forge/006_06.png,0
006/006_13.png,006_forge/006_07.png,0
006/006_13.png,006_forge/006_08.png,0
006/006_13.png,006_forge/006_09.png,0
006/006_13.png,006_forge/006_10.png,0
006/006_13.png,006_forge/006_11.png,0
006/006_13.png,006_forge/006_12.png,0
006/006_13.png,006_forge/006_13.png,0
006/006_13.png,006_forge/006_14.png,0
006/006_13.png,006_forge/006_15.png,0
006/006_13.png,006_forge/006_16.png,0
006/006_13.png,006_forge/006_17.png,0
006/006_13.png,006_forge/006_18.png,0
006/006_13.png,006_forge/006_19.png,0
006/006_13.png,006_forge/006_20.png,0
006/006_14.png,006_forge/006_00.png,0
006/006_14.png,006_forge/006_01.png,0
006/006_14.png,006_forge/006_02.png,0
006/006_14.png,006_forge/006_03.png,0
006/006_14.png,006_forge/006_04.png,0
006/006_14.png,006_forge/006_05.png,0
006/006_14.png,006_forge/006_06.png,0
006/006_14.png,006_forge/006_07.png,0
006/006_14.png,006_forge/006_08.png,0
006/006_14.png,006_forge/006_09.png,0
006/006_14.png,006_forge/006_10.png,0
006/006_14.png,006_forge/006_11.png,0
006/006_14.png,006_forge/006_12.png,0
006/006_14.png,006_forge/006_13.png,0
006/006_14.png,006_forge/006_14.png,0
006/006_14.png,006_forge/006_15.png,0
006/006_14.png,006_forge/006_16.png,0
006/006_14.png,006_forge/006_17.png,0
006/006_14.png,006_forge/006_18.png,0
006/006_14.png,006_forge/006_19.png,0
006/006_14.png,006_forge/006_20.png,0
006/006_15.png,006_forge/006_00.png,0
006/006_15.png,006_forge/006_01.png,0
006/006_15.png,006_forge/006_02.png,0
006/006_15.png,006_forge/006_03.png,0
006/006_15.png,006_forge/006_04.png,0
006/006_15.png,006_forge/006_05.png,0
006/006_15.png,006_forge/006_06.png,0
006/006_15.png,006_forge/006_07.png,0
006/006_15.png,006_forge/006_08.png,0
006/006_15.png,006_forge/006_09.png,0
006/006_15.png,006_forge/006_10.png,0
006/006_15.png,006_forge/006_11.png,0
006/006_15.png,006_forge/006_12.png,0
006/006_15.png,006_forge/006_13.png,0
006/006_15.png,006_forge/006_14.png,0
006/006_15.png,006_forge/006_15.png,0
006/006_15.png,006_forge/006_16.png,0
006/006_15.png,006_forge/006_17.png,0
006/006_15.png,006_forge/006_18.png,0
006/006_15.png,006_forge/006_19.png,0
006/006_15.png,006_forge/006_20.png,0
006/006_16.png,006_forge/006_00.png,0
006/006_16.png,006_forge/006_01.png,0
006/006_16.png,006_forge/006_02.png,0
006/006_16.png,006_forge/006_03.png,0
006/006_16.png,006_forge/006_04.png,0
006/006_16.png,006_forge/006_05.png,0
006/006_16.png,006_forge/006_06.png,0
006/006_16.png,006_forge/006_07.png,0
006/006_16.png,006_forge/006_08.png,0
006/006_16.png,006_forge/006_09.png,0
006/006_16.png,006_forge/006_10.png,0
006/006_16.png,006_forge/006_11.png,0
006/006_16.png,006_forge/006_12.png,0
006/006_16.png,006_forge/006_13.png,0
006/006_16.png,006_forge/006_14.png,0
006/006_16.png,006_forge/006_15.png,0
006/006_16.png,006_forge/006_16.png,0
006/006_16.png,006_forge/006_17.png,0
006/006_16.png,006_forge/006_18.png,0
006/006_16.png,006_forge/006_19.png,0
006/006_16.png,006_forge/006_20.png,0
006/006_17.png,006_forge/006_00.png,0
006/006_17.png,006_forge/006_01.png,0
006/006_17.png,006_forge/006_02.png,0
006/006_17.png,006_forge/006_03.png,0
006/006_17.png,006_forge/006_04.png,0
006/006_17.png,006_forge/006_05.png,0
006/006_17.png,006_forge/006_06.png,0
006/006_17.png,006_forge/006_07.png,0
006/006_17.png,006_forge/006_08.png,0
006/006_17.png,006_forge/006_09.png,0
006/006_17.png,006_forge/006_10.png,0
006/006_17.png,006_forge/006_11.png,0
006/006_17.png,006_forge/006_12.png,0
006/006_17.png,006_forge/006_13.png,0
006/006_17.png,006_forge/006_14.png,0
006/006_17.png,006_forge/006_15.png,0
006/006_17.png,006_forge/006_16.png,0
006/006_17.png,006_forge/006_17.png,0
006/006_17.png,006_forge/006_18.png,0
006/006_17.png,006_forge/006_19.png,0
006/006_17.png,006_forge/006_20.png,0
006/006_18.png,006_forge/006_00.png,0
006/006_18.png,006_forge/006_01.png,0
006/006_18.png,006_forge/006_02.png,0
006/006_18.png,006_forge/006_03.png,0
006/006_18.png,006_forge/006_04.png,0
006/006_18.png,006_forge/006_05.png,0
006/006_18.png,006_forge/006_06.png,0
006/006_18.png,006_forge/006_07.png,0
006/006_18.png,006_forge/006_08.png,0
006/006_18.png,006_forge/006_09.png,0
006/006_18.png,006_forge/006_10.png,0
006/006_18.png,006_forge/006_11.png,0
006/006_18.png,006_forge/006_12.png,0
006/006_18.png,006_forge/006_13.png,0
006/006_18.png,006_forge/006_14.png,0
006/006_18.png,006_forge/006_15.png,0
006/006_18.png,006_forge/006_16.png,0
006/006_18.png,006_forge/006_17.png,0
006/006_18.png,006_forge/006_18.png,0
006/006_18.png,006_forge/006_19.png,0
006/006_18.png,006_forge/006_20.png,0
006/006_19.png,006_forge/006_00.png,0
006/006_19.png,006_forge/006_01.png,0
006/006_19.png,006_forge/006_02.png,0
006/006_19.png,006_forge/006_03.png,0
006/006_19.png,006_forge/006_04.png,0
006/006_19.png,006_forge/006_05.png,0
006/006_19.png,006_forge/006_06.png,0
006/006_19.png,006_forge/006_07.png,0
006/006_19.png,006_forge/006_08.png,0
006/006_19.png,006_forge/006_09.png,0
006/006_19.png,006_forge/006_10.png,0
006/006_19.png,006_forge/006_11.png,0
006/006_19.png,006_forge/006_12.png,0
006/006_19.png,006_forge/006_13.png,0
006/006_19.png,006_forge/006_14.png,0
006/006_19.png,006_forge/006_15.png,0
006/006_19.png,006_forge/006_16.png,0
006/006_19.png,006_forge/006_17.png,0
006/006_19.png,006_forge/006_18.png,0
006/006_19.png,006_forge/006_19.png,0
006/006_19.png,006_forge/006_20.png,0
006/006_20.png,006_forge/006_00.png,0
006/006_20.png,006_forge/006_01.png,0
006/006_20.png,006_forge/006_02.png,0
006/006_20.png,006_forge/006_03.png,0
006/006_20.png,006_forge/006_04.png,0
006/006_20.png,006_forge/006_05.png,0
006/006_20.png,006_forge/006_06.png,0
006/006_20.png,006_forge/006_07.png,0
006/006_20.png,006_forge/006_08.png,0
006/006_20.png,006_forge/006_09.png,0
006/006_20.png,006_forge/006_10.png,0
006/006_20.png,006_forge/006_11.png,0
006/006_20.png,006_forge/006_12.png,0
006/006_20.png,006_forge/006_13.png,0
006/006_20.png,006_forge/006_14.png,0
006/006_20.png,006_forge/006_15.png,0
006/006_20.png,006_forge/006_16.png,0
006/006_20.png,006_forge/006_17.png,0
006/006_20.png,006_forge/006_18.png,0
006/006_20.png,006_forge/006_19.png,0
006/006_20.png,006_forge/006_20.png,0
006/006_00.png,006/006_01.png,1
006/006_00.png,006/006_02.png,1
006/006_00.png,006/006_03.png,1
006/006_00.png,006/006_04.png,1
006/006_00.png,006/006_05.png,1
006/006_00.png,006/006_06.png,1
006/006_00.png,006/006_07.png,1
006/006_00.png,006/006_08.png,1
006/006_00.png,006/006_09.png,1
006/006_00.png,006/006_10.png,1
006/006_00.png,006/006_11.png,1
006/006_00.png,006/006_12.png,1
006/006_00.png,006/006_13.png,1
006/006_00.png,006/006_14.png,1
006/006_00.png,006/006_15.png,1
006/006_00.png,006/006_16.png,1
006/006_00.png,006/006_17.png,1
006/006_00.png,006/006_18.png,1
006/006_00.png,006/006_19.png,1
006/006_00.png,006/006_20.png,1
006/006_01.png,006/006_00.png,1
006/006_01.png,006/006_02.png,1
006/006_01.png,006/006_03.png,1
006/006_01.png,006/006_04.png,1
006/006_01.png,006/006_05.png,1
006/006_01.png,006/006_06.png,1
006/006_01.png,006/006_07.png,1
006/006_01.png,006/006_08.png,1
006/006_01.png,006/006_09.png,1
006/006_01.png,006/006_10.png,1
006/006_01.png,006/006_11.png,1
006/006_01.png,006/006_12.png,1
006/006_01.png,006/006_13.png,1
006/006_01.png,006/006_14.png,1
006/006_01.png,006/006_15.png,1
006/006_01.png,006/006_16.png,1
006/006_01.png,006/006_17.png,1
006/006_01.png,006/006_18.png,1
006/006_01.png,006/006_19.png,1
006/006_01.png,006/006_20.png,1
006/006_02.png,006/006_00.png,1
006/006_02.png,006/006_01.png,1
006/006_02.png,006/006_03.png,1
006/006_02.png,006/006_04.png,1
006/006_02.png,006/006_05.png,1
006/006_02.png,006/006_06.png,1
006/006_02.png,006/006_07.png,1
006/006_02.png,006/006_08.png,1
006/006_02.png,006/006_09.png,1
006/006_02.png,006/006_10.png,1
006/006_02.png,006/006_11.png,1
006/006_02.png,006/006_12.png,1
006/006_02.png,006/006_13.png,1
006/006_02.png,006/006_14.png,1
006/006_02.png,006/006_15.png,1
006/006_02.png,006/006_16.png,1
006/006_02.png,006/006_17.png,1
006/006_02.png,006/006_18.png,1
006/006_02.png,006/006_19.png,1
006/006_02.png,006/006_20.png,1
006/006_03.png,006/006_00.png,1
006/006_03.png,006/006_01.png,1
006/006_03.png,006/006_02.png,1
006/006_03.png,006/006_04.png,1
006/006_03.png,006/006_05.png,1
006/006_03.png,006/006_06.png,1
006/006_03.png,006/006_07.png,1
006/006_03.png,006/006_08.png,1
006/006_03.png,006/006_09.png,1
006/006_03.png,006/006_10.png,1
006/006_03.png,006/006_11.png,1
006/006_03.png,006/006_12.png,1
006/006_03.png,006/006_13.png,1
006/006_03.png,006/006_14.png,1
006/006_03.png,006/006_15.png,1
006/006_03.png,006/006_16.png,1
006/006_03.png,006/006_17.png,1
006/006_03.png,006/006_18.png,1
006/006_03.png,006/006_19.png,1
006/006_03.png,006/006_20.png,1
006/006_04.png,006/006_00.png,1
006/006_04.png,006/006_01.png,1
006/006_04.png,006/006_02.png,1
006/006_04.png,006/006_03.png,1
006/006_04.png,006/006_05.png,1
006/006_04.png,006/006_06.png,1
006/006_04.png,006/006_07.png,1
006/006_04.png,006/006_08.png,1
006/006_04.png,006/006_09.png,1
006/006_04.png,006/006_10.png,1
006/006_04.png,006/006_11.png,1
006/006_04.png,006/006_12.png,1
006/006_04.png,006/006_13.png,1
006/006_04.png,006/006_14.png,1
006/006_04.png,006/006_15.png,1
006/006_04.png,006/006_16.png,1
006/006_04.png,006/006_17.png,1
006/006_04.png,006/006_18.png,1
006/006_04.png,006/006_19.png,1
006/006_04.png,006/006_20.png,1
006/006_05.png,006/006_00.png,1
006/006_05.png,006/006_01.png,1
006/006_05.png,006/006_02.png,1
006/006_05.png,006/006_03.png,1
006/006_05.png,006/006_04.png,1
006/006_05.png,006/006_06.png,1
006/006_05.png,006/006_07.png,1
006/006_05.png,006/006_08.png,1
006/006_05.png,006/006_09.png,1
006/006_05.png,006/006_10.png,1
006/006_05.png,006/006_11.png,1
006/006_05.png,006/006_12.png,1
006/006_05.png,006/006_13.png,1
006/006_05.png,006/006_14.png,1
006/006_05.png,006/006_15.png,1
006/006_05.png,006/006_16.png,1
006/006_05.png,006/006_17.png,1
006/006_05.png,006/006_18.png,1
006/006_05.png,006/006_19.png,1
006/006_05.png,006/006_20.png,1
006/006_06.png,006/006_00.png,1
006/006_06.png,006/006_01.png,1
006/006_06.png,006/006_02.png,1
006/006_06.png,006/006_03.png,1
006/006_06.png,006/006_04.png,1
006/006_06.png,006/006_05.png,1
006/006_06.png,006/006_07.png,1
006/006_06.png,006/006_08.png,1
006/006_06.png,006/006_09.png,1
006/006_06.png,006/006_10.png,1
006/006_06.png,006/006_11.png,1
006/006_06.png,006/006_12.png,1
006/006_06.png,006/006_13.png,1
006/006_06.png,006/006_14.png,1
006/006_06.png,006/006_15.png,1
006/006_06.png,006/006_16.png,1
006/006_06.png,006/006_17.png,1
006/006_06.png,006/006_18.png,1
006/006_06.png,006/006_19.png,1
006/006_06.png,006/006_20.png,1
006/006_07.png,006/006_00.png,1
006/006_07.png,006/006_01.png,1
006/006_07.png,006/006_02.png,1
006/006_07.png,006/006_03.png,1
006/006_07.png,006/006_04.png,1
006/006_07.png,006/006_05.png,1
006/006_07.png,006/006_06.png,1
006/006_07.png,006/006_08.png,1
006/006_07.png,006/006_09.png,1
006/006_07.png,006/006_10.png,1
006/006_07.png,006/006_11.png,1
006/006_07.png,006/006_12.png,1
006/006_07.png,006/006_13.png,1
006/006_07.png,006/006_14.png,1
006/006_07.png,006/006_15.png,1
006/006_07.png,006/006_16.png,1
006/006_07.png,006/006_17.png,1
006/006_07.png,006/006_18.png,1
006/006_07.png,006/006_19.png,1
006/006_07.png,006/006_20.png,1
006/006_08.png,006/006_00.png,1
006/006_08.png,006/006_01.png,1
006/006_08.png,006/006_02.png,1
006/006_08.png,006/006_03.png,1
006/006_08.png,006/006_04.png,1
006/006_08.png,006/006_05.png,1
006/006_08.png,006/006_06.png,1
006/006_08.png,006/006_07.png,1
006/006_08.png,006/006_09.png,1
006/006_08.png,006/006_10.png,1
006/006_08.png,006/006_11.png,1
006/006_08.png,006/006_12.png,1
006/006_08.png,006/006_13.png,1
006/006_08.png,006/006_14.png,1
006/006_08.png,006/006_15.png,1
006/006_08.png,006/006_16.png,1
006/006_08.png,006/006_17.png,1
006/006_08.png,006/006_18.png,1
006/006_08.png,006/006_19.png,1
006/006_08.png,006/006_20.png,1
006/006_09.png,006/006_00.png,1
006/006_09.png,006/006_01.png,1
006/006_09.png,006/006_02.png,1
006/006_09.png,006/006_03.png,1
006/006_09.png,006/006_04.png,1
006/006_09.png,006/006_05.png,1
006/006_09.png,006/006_06.png,1
006/006_09.png,006/006_07.png,1
006/006_09.png,006/006_08.png,1
006/006_09.png,006/006_10.png,1
006/006_09.png,006/006_11.png,1
006/006_09.png,006/006_12.png,1
006/006_09.png,006/006_13.png,1
006/006_09.png,006/006_14.png,1
006/006_09.png,006/006_15.png,1
006/006_09.png,006/006_16.png,1
006/006_09.png,006/006_17.png,1
006/006_09.png,006/006_18.png,1
006/006_09.png,006/006_19.png,1
006/006_09.png,006/006_20.png,1
006/006_10.png,006/006_00.png,1
006/006_10.png,006/006_01.png,1
006/006_10.png,006/006_02.png,1
006/006_10.png,006/006_03.png,1
006/006_10.png,006/006_04.png,1
006/006_10.png,006/006_05.png,1
006/006_10.png,006/006_06.png,1
006/006_10.png,006/006_07.png,1
006/006_10.png,006/006_08.png,1
006/006_10.png,006/006_09.png,1
006/006_10.png,006/006_11.png,1
006/006_10.png,006/006_12.png,1
006/006_10.png,006/006_13.png,1
006/006_10.png,006/006_14.png,1
006/006_10.png,006/006_15.png,1
006/006_10.png,006/006_16.png,1
006/006_10.png,006/006_17.png,1
006/006_10.png,006/006_18.png,1
006/006_10.png,006/006_19.png,1
006/006_10.png,006/006_20.png,1
006/006_11.png,006/006_00.png,1
006/006_11.png,006/006_01.png,1
006/006_11.png,006/006_02.png,1
006/006_11.png,006/006_03.png,1
006/006_11.png,006/006_04.png,1
006/006_11.png,006/006_05.png,1
006/006_11.png,006/006_06.png,1
006/006_11.png,006/006_07.png,1
006/006_11.png,006/006_08.png,1
006/006_11.png,006/006_09.png,1
006/006_11.png,006/006_10.png,1
006/006_11.png,006/006_12.png,1
006/006_11.png,006/006_13.png,1
006/006_11.png,006/006_14.png,1
006/006_11.png,006/006_15.png,1
006/006_11.png,006/006_16.png,1
006/006_11.png,006/006_17.png,1
006/006_11.png,006/006_18.png,1
006/006_11.png,006/006_19.png,1
006/006_11.png,006/006_20.png,1
006/006_12.png,006/006_00.png,1
006/006_12.png,006/006_01.png,1
006/006_12.png,006/006_02.png,1
006/006_12.png,006/006_03.png,1
006/006_12.png,006/006_04.png,1
006/006_12.png,006/006_05.png,1
006/006_12.png,006/006_06.png,1
006/006_12.png,006/006_07.png,1
006/006_12.png,006/006_08.png,1
006/006_12.png,006/006_09.png,1
006/006_12.png,006/006_10.png,1
006/006_12.png,006/006_11.png,1
006/006_12.png,006/006_13.png,1
006/006_12.png,006/006_14.png,1
006/006_12.png,006/006_15.png,1
006/006_12.png,006/006_16.png,1
006/006_12.png,006/006_17.png,1
006/006_12.png,006/006_18.png,1
006/006_12.png,006/006_19.png,1
006/006_12.png,006/006_20.png,1
006/006_13.png,006/006_00.png,1
006/006_13.png,006/006_01.png,1
006/006_13.png,006/006_02.png,1
006/006_13.png,006/006_03.png,1
006/006_13.png,006/006_04.png,1
006/006_13.png,006/006_05.png,1
006/006_13.png,006/006_06.png,1
006/006_13.png,006/006_07.png,1
006/006_13.png,006/006_08.png,1
006/006_13.png,006/006_09.png,1
006/006_13.png,006/006_10.png,1
006/006_13.png,006/006_11.png,1
006/006_13.png,006/006_12.png,1
006/006_13.png,006/006_14.png,1
006/006_13.png,006/006_15.png,1
006/006_13.png,006/006_16.png,1
006/006_13.png,006/006_17.png,1
006/006_13.png,006/006_18.png,1
006/006_13.png,006/006_19.png,1
006/006_13.png,006/006_20.png,1
006/006_14.png,006/006_00.png,1
006/006_14.png,006/006_01.png,1
006/006_14.png,006/006_02.png,1
006/006_14.png,006/006_03.png,1
006/006_14.png,006/006_04.png,1
006/006_14.png,006/006_05.png,1
006/006_14.png,006/006_06.png,1
006/006_14.png,006/006_07.png,1
006/006_14.png,006/006_08.png,1
006/006_14.png,006/006_09.png,1
006/006_14.png,006/006_10.png,1
006/006_14.png,006/006_11.png,1
006/006_14.png,006/006_12.png,1
006/006_14.png,006/006_13.png,1
006/006_14.png,006/006_15.png,1
006/006_14.png,006/006_16.png,1
006/006_14.png,006/006_17.png,1
006/006_14.png,006/006_18.png,1
006/006_14.png,006/006_19.png,1
006/006_14.png,006/006_20.png,1
006/006_15.png,006/006_00.png,1
006/006_15.png,006/006_01.png,1
006/006_15.png,006/006_02.png,1
006/006_15.png,006/006_03.png,1
006/006_15.png,006/006_04.png,1
006/006_15.png,006/006_05.png,1
006/006_15.png,006/006_06.png,1
006/006_15.png,006/006_07.png,1
006/006_15.png,006/006_08.png,1
006/006_15.png,006/006_09.png,1
006/006_15.png,006/006_10.png,1
006/006_15.png,006/006_11.png,1
006/006_15.png,006/006_12.png,1
006/006_15.png,006/006_13.png,1
006/006_15.png,006/006_14.png,1
006/006_15.png,006/006_16.png,1
006/006_15.png,006/006_17.png,1
006/006_15.png,006/006_18.png,1
006/006_15.png,006/006_19.png,1
006/006_15.png,006/006_20.png,1
006/006_16.png,006/006_00.png,1
006/006_16.png,006/006_01.png,1
006/006_16.png,006/006_02.png,1
006/006_16.png,006/006_03.png,1
006/006_16.png,006/006_04.png,1
006/006_16.png,006/006_05.png,1
006/006_16.png,006/006_06.png,1
006/006_16.png,006/006_07.png,1
006/006_16.png,006/006_08.png,1
006/006_16.png,006/006_09.png,1
006/006_16.png,006/006_10.png,1
006/006_16.png,006/006_11.png,1
006/006_16.png,006/006_12.png,1
006/006_16.png,006/006_13.png,1
006/006_16.png,006/006_14.png,1
006/006_16.png,006/006_15.png,1
006/006_16.png,006/006_17.png,1
006/006_16.png,006/006_18.png,1
006/006_16.png,006/006_19.png,1
006/006_16.png,006/006_20.png,1
006/006_17.png,006/006_00.png,1
006/006_17.png,006/006_01.png,1
006/006_17.png,006/006_02.png,1
006/006_17.png,006/006_03.png,1
006/006_17.png,006/006_04.png,1
006/006_17.png,006/006_05.png,1
006/006_17.png,006/006_06.png,1
006/006_17.png,006/006_07.png,1
006/006_17.png,006/006_08.png,1
006/006_17.png,006/006_09.png,1
006/006_17.png,006/006_10.png,1
006/006_17.png,006/006_11.png,1
006/006_17.png,006/006_12.png,1
006/006_17.png,006/006_13.png,1
006/006_17.png,006/006_14.png,1
006/006_17.png,006/006_15.png,1
006/006_17.png,006/006_16.png,1
006/006_17.png,006/006_18.png,1
006/006_17.png,006/006_19.png,1
006/006_17.png,006/006_20.png,1
006/006_18.png,006/006_00.png,1
006/006_18.png,006/006_01.png,1
006/006_18.png,006/006_02.png,1
006/006_18.png,006/006_03.png,1
006/006_18.png,006/006_04.png,1
006/006_18.png,006/006_05.png,1
006/006_18.png,006/006_06.png,1
006/006_18.png,006/006_07.png,1
006/006_18.png,006/006_08.png,1
006/006_18.png,006/006_09.png,1
006/006_18.png,006/006_10.png,1
006/006_18.png,006/006_11.png,1
006/006_18.png,006/006_12.png,1
006/006_18.png,006/006_13.png,1
006/006_18.png,006/006_14.png,1
006/006_18.png,006/006_15.png,1
006/006_18.png,006/006_16.png,1
006/006_18.png,006/006_17.png,1
006/006_18.png,006/006_19.png,1
006/006_18.png,006/006_20.png,1
006/006_19.png,006/006_00.png,1
006/006_19.png,006/006_01.png,1
006/006_19.png,006/006_02.png,1
006/006_19.png,006/006_03.png,1
006/006_19.png,006/006_04.png,1
006/006_19.png,006/006_05.png,1
006/006_19.png,006/006_06.png,1
006/006_19.png,006/006_07.png,1
006/006_19.png,006/006_08.png,1
006/006_19.png,006/006_09.png,1
006/006_19.png,006/006_10.png,1
006/006_19.png,006/006_11.png,1
006/006_19.png,006/006_12.png,1
006/006_19.png,006/006_13.png,1
006/006_19.png,006/006_14.png,1
006/006_19.png,006/006_15.png,1
006/006_19.png,006/006_16.png,1
006/006_19.png,006/006_17.png,1
006/006_19.png,006/006_18.png,1
006/006_19.png,006/006_20.png,1
006/006_20.png,006/006_00.png,1
006/006_20.png,006/006_01.png,1
006/006_20.png,006/006_02.png,1
006/006_20.png,006/006_03.png,1
006/006_20.png,006/006_04.png,1
006/006_20.png,006/006_05.png,1
006/006_20.png,006/006_06.png,1
006/006_20.png,006/006_07.png,1
006/006_20.png,006/006_08.png,1
006/006_20.png,006/006_09.png,1
006/006_20.png,006/006_10.png,1
006/006_20.png,006/006_11.png,1
006/006_20.png,006/006_12.png,1
006/006_20.png,006/006_13.png,1
006/006_20.png,006/006_14.png,1
006/006_20.png,006/006_15.png,1
006/006_20.png,006/006_16.png,1
006/006_20.png,006/006_17.png,1
006/006_20.png,006/006_18.png,1
006/006_20.png,006/006_19.png,1
006/006_00.png,006_forge/006_00.png,0
006/006_00.png,006_forge/006_01.png,0
006/006_00.png,006_forge/006_02.png,0
006/006_00.png,006_forge/006_03.png,0
006/006_00.png,006_forge/006_04.png,0
006/006_00.png,006_forge/006_05.png,0
006/006_00.png,006_forge/006_06.png,0
006/006_00.png,006_forge/006_07.png,0
006/006_00.png,006_forge/006_08.png,0
006/006_00.png,006_forge/006_09.png,0
006/006_00.png,006_forge/006_10.png,0
006/006_00.png,006_forge/006_11.png,0
006/006_00.png,006_forge/006_12.png,0
006/006_00.png,006_forge/006_13.png,0
006/006_00.png,006_forge/006_14.png,0
006/006_00.png,006_forge/006_15.png,0
006/006_00.png,006_forge/006_16.png,0
006/006_00.png,006_forge/006_17.png,0
006/006_00.png,006_forge/006_18.png,0
006/006_00.png,006_forge/006_19.png,0
006/006_00.png,006_forge/006_20.png,0
006/006_01.png,006_forge/006_00.png,0
006/006_01.png,006_forge/006_01.png,0
006/006_01.png,006_forge/006_02.png,0
006/006_01.png,006_forge/006_03.png,0
006/006_01.png,006_forge/006_04.png,0
006/006_01.png,006_forge/006_05.png,0
006/006_01.png,006_forge/006_06.png,0
006/006_01.png,006_forge/006_07.png,0
006/006_01.png,006_forge/006_08.png,0
006/006_01.png,006_forge/006_09.png,0
006/006_01.png,006_forge/006_10.png,0
006/006_01.png,006_forge/006_11.png,0
006/006_01.png,006_forge/006_12.png,0
006/006_01.png,006_forge/006_13.png,0
006/006_01.png,006_forge/006_14.png,0
006/006_01.png,006_forge/006_15.png,0
006/006_01.png,006_forge/006_16.png,0
006/006_01.png,006_forge/006_17.png,0
006/006_01.png,006_forge/006_18.png,0
006/006_01.png,006_forge/006_19.png,0
006/006_01.png,006_forge/006_20.png,0
006/006_02.png,006_forge/006_00.png,0
006/006_02.png,006_forge/006_01.png,0
006/006_02.png,006_forge/006_02.png,0
006/006_02.png,006_forge/006_03.png,0
006/006_02.png,006_forge/006_04.png,0
006/006_02.png,006_forge/006_05.png,0
006/006_02.png,006_forge/006_06.png,0
006/006_02.png,006_forge/006_07.png,0
006/006_02.png,006_forge/006_08.png,0
006/006_02.png,006_forge/006_09.png,0
006/006_02.png,006_forge/006_10.png,0
006/006_02.png,006_forge/006_11.png,0
006/006_02.png,006_forge/006_12.png,0
006/006_02.png,006_forge/006_13.png,0
006/006_02.png,006_forge/006_14.png,0
006/006_02.png,006_forge/006_15.png,0
006/006_02.png,006_forge/006_16.png,0
006/006_02.png,006_forge/006_17.png,0
006/006_02.png,006_forge/006_18.png,0
006/006_02.png,006_forge/006_19.png,0
006/006_02.png,006_forge/006_20.png,0
006/006_03.png,006_forge/006_00.png,0
006/006_03.png,006_forge/006_01.png,0
006/006_03.png,006_forge/006_02.png,0
006/006_03.png,006_forge/006_03.png,0
006/006_03.png,006_forge/006_04.png,0
006/006_03.png,006_forge/006_05.png,0
006/006_03.png,006_forge/006_06.png,0
006/006_03.png,006_forge/006_07.png,0
006/006_03.png,006_forge/006_08.png,0
006/006_03.png,006_forge/006_09.png,0
006/006_03.png,006_forge/006_10.png,0
006/006_03.png,006_forge/006_11.png,0
006/006_03.png,006_forge/006_12.png,0
006/006_03.png,006_forge/006_13.png,0
006/006_03.png,006_forge/006_14.png,0
006/006_03.png,006_forge/006_15.png,0
006/006_03.png,006_forge/006_16.png,0
006/006_03.png,006_forge/006_17.png,0
006/006_03.png,006_forge/006_18.png,0
006/006_03.png,006_forge/006_19.png,0
006/006_03.png,006_forge/006_20.png,0
006/006_04.png,006_forge/006_00.png,0
006/006_04.png,006_forge/006_01.png,0
006/006_04.png,006_forge/006_02.png,0
006/006_04.png,006_forge/006_03.png,0
006/006_04.png,006_forge/006_04.png,0
006/006_04.png,006_forge/006_05.png,0
006/006_04.png,006_forge/006_06.png,0
006/006_04.png,006_forge/006_07.png,0
006/006_04.png,006_forge/006_08.png,0
006/006_04.png,006_forge/006_09.png,0
006/006_04.png,006_forge/006_10.png,0
006/006_04.png,006_forge/006_11.png,0
006/006_04.png,006_forge/006_12.png,0
006/006_04.png,006_forge/006_13.png,0
006/006_04.png,006_forge/006_14.png,0
006/006_04.png,006_forge/006_15.png,0
006/006_04.png,006_forge/006_16.png,0
006/006_04.png,006_forge/006_17.png,0
006/006_04.png,006_forge/006_18.png,0
006/006_04.png,006_forge/006_19.png,0
006/006_04.png,006_forge/006_20.png,0
006/006_05.png,006_forge/006_00.png,0
006/006_05.png,006_forge/006_01.png,0
006/006_05.png,006_forge/006_02.png,0
006/006_05.png,006_forge/006_03.png,0
006/006_05.png,006_forge/006_04.png,0
006/006_05.png,006_forge/006_05.png,0
006/006_05.png,006_forge/006_06.png,0
006/006_05.png,006_forge/006_07.png,0
006/006_05.png,006_forge/006_08.png,0
006/006_05.png,006_forge/006_09.png,0
006/006_05.png,006_forge/006_10.png,0
006/006_05.png,006_forge/006_11.png,0
006/006_05.png,006_forge/006_12.png,0
006/006_05.png,006_forge/006_13.png,0
006/006_05.png,006_forge/006_14.png,0
006/006_05.png,006_forge/006_15.png,0
006/006_05.png,006_forge/006_16.png,0
006/006_05.png,006_forge/006_17.png,0
006/006_05.png,006_forge/006_18.png,0
006/006_05.png,006_forge/006_19.png,0
006/006_05.png,006_forge/006_20.png,0
006/006_06.png,006_forge/006_00.png,0
006/006_06.png,006_forge/006_01.png,0
006/006_06.png,006_forge/006_02.png,0
006/006_06.png,006_forge/006_03.png,0
006/006_06.png,006_forge/006_04.png,0
006/006_06.png,006_forge/006_05.png,0
006/006_06.png,006_forge/006_06.png,0
006/006_06.png,006_forge/006_07.png,0
006/006_06.png,006_forge/006_08.png,0
006/006_06.png,006_forge/006_09.png,0
006/006_06.png,006_forge/006_10.png,0
006/006_06.png,006_forge/006_11.png,0
006/006_06.png,006_forge/006_12.png,0
006/006_06.png,006_forge/006_13.png,0
006/006_06.png,006_forge/006_14.png,0
006/006_06.png,006_forge/006_15.png,0
006/006_06.png,006_forge/006_16.png,0
006/006_06.png,006_forge/006_17.png,0
006/006_06.png,006_forge/006_18.png,0
006/006_06.png,006_forge/006_19.png,0
006/006_06.png,006_forge/006_20.png,0
006/006_07.png,006_forge/006_00.png,0
006/006_07.png,006_forge/006_01.png,0
006/006_07.png,006_forge/006_02.png,0
006/006_07.png,006_forge/006_03.png,0
006/006_07.png,006_forge/006_04.png,0
006/006_07.png,006_forge/006_05.png,0
006/006_07.png,006_forge/006_06.png,0
006/006_07.png,006_forge/006_07.png,0
006/006_07.png,006_forge/006_08.png,0
006/006_07.png,006_forge/006_09.png,0
006/006_07.png,006_forge/006_10.png,0
006/006_07.png,006_forge/006_11.png,0
006/006_07.png,006_forge/006_12.png,0
006/006_07.png,006_forge/006_13.png,0
006/006_07.png,006_forge/006_14.png,0
006/006_07.png,006_forge/006_15.png,0
006/006_07.png,006_forge/006_16.png,0
006/006_07.png,006_forge/006_17.png,0
006/006_07.png,006_forge/006_18.png,0
006/006_07.png,006_forge/006_19.png,0
006/006_07.png,006_forge/006_20.png,0
006/006_08.png,006_forge/006_00.png,0
006/006_08.png,006_forge/006_01.png,0
006/006_08.png,006_forge/006_02.png,0
006/006_08.png,006_forge/006_03.png,0
006/006_08.png,006_forge/006_04.png,0
006/006_08.png,006_forge/006_05.png,0
006/006_08.png,006_forge/006_06.png,0
006/006_08.png,006_forge/006_07.png,0
006/006_08.png,006_forge/006_08.png,0
006/006_08.png,006_forge/006_09.png,0
006/006_08.png,006_forge/006_10.png,0
006/006_08.png,006_forge/006_11.png,0
006/006_08.png,006_forge/006_12.png,0
006/006_08.png,006_forge/006_13.png,0
006/006_08.png,006_forge/006_14.png,0
006/006_08.png,006_forge/006_15.png,0
006/006_08.png,006_forge/006_16.png,0
006/006_08.png,006_forge/006_17.png,0
006/006_08.png,006_forge/006_18.png,0
006/006_08.png,006_forge/006_19.png,0
006/006_08.png,006_forge/006_20.png,0
006/006_09.png,006_forge/006_00.png,0
006/006_09.png,006_forge/006_01.png,0
006/006_09.png,006_forge/006_02.png,0
006/006_09.png,006_forge/006_03.png,0
006/006_09.png,006_forge/006_04.png,0
006/006_09.png,006_forge/006_05.png,0
006/006_09.png,006_forge/006_06.png,0
006/006_09.png,006_forge/006_07.png,0
006/006_09.png,006_forge/006_08.png,0
006/006_09.png,006_forge/006_09.png,0
006/006_09.png,006_forge/006_10.png,0
006/006_09.png,006_forge/006_11.png,0
006/006_09.png,006_forge/006_12.png,0
006/006_09.png,006_forge/006_13.png,0
006/006_09.png,006_forge/006_14.png,0
006/006_09.png,006_forge/006_15.png,0
006/006_09.png,006_forge/006_16.png,0
006/006_09.png,006_forge/006_17.png,0
006/006_09.png,006_forge/006_18.png,0
006/006_09.png,006_forge/006_19.png,0
006/006_09.png,006_forge/006_20.png,0
006/006_10.png,006_forge/006_00.png,0
006/006_10.png,006_forge/006_01.png,0
006/006_10.png,006_forge/006_02.png,0
006/006_10.png,006_forge/006_03.png,0
006/006_10.png,006_forge/006_04.png,0
006/006_10.png,006_forge/006_05.png,0
006/006_10.png,006_forge/006_06.png,0
006/006_10.png,006_forge/006_07.png,0
006/006_10.png,006_forge/006_08.png,0
006/006_10.png,006_forge/006_09.png,0
006/006_10.png,006_forge/006_10.png,0
006/006_10.png,006_forge/006_11.png,0
006/006_10.png,006_forge/006_12.png,0
006/006_10.png,006_forge/006_13.png,0
006/006_10.png,006_forge/006_14.png,0
006/006_10.png,006_forge/006_15.png,0
006/006_10.png,006_forge/006_16.png,0
006/006_10.png,006_forge/006_17.png,0
006/006_10.png,006_forge/006_18.png,0
006/006_10.png,006_forge/006_19.png,0
006/006_10.png,006_forge/006_20.png,0
006/006_11.png,006_forge/006_00.png,0
006/006_11.png,006_forge/006_01.png,0
006/006_11.png,006_forge/006_02.png,0
006/006_11.png,006_forge/006_03.png,0
006/006_11.png,006_forge/006_04.png,0
006/006_11.png,006_forge/006_05.png,0
006/006_11.png,006_forge/006_06.png,0
006/006_11.png,006_forge/006_07.png,0
006/006_11.png,006_forge/006_08.png,0
006/006_11.png,006_forge/006_09.png,0
006/006_11.png,006_forge/006_10.png,0
006/006_11.png,006_forge/006_11.png,0
006/006_11.png,006_forge/006_12.png,0
006/006_11.png,006_forge/006_13.png,0
006/006_11.png,006_forge/006_14.png,0
006/006_11.png,006_forge/006_15.png,0
006/006_11.png,006_forge/006_16.png,0
006/006_11.png,006_forge/006_17.png,0
006/006_11.png,006_forge/006_18.png,0
006/006_11.png,006_forge/006_19.png,0
006/006_11.png,006_forge/006_20.png,0
006/006_12.png,006_forge/006_00.png,0
006/006_12.png,006_forge/006_01.png,0
006/006_12.png,006_forge/006_02.png,0
006/006_12.png,006_forge/006_03.png,0
006/006_12.png,006_forge/006_04.png,0
006/006_12.png,006_forge/006_05.png,0
006/006_12.png,006_forge/006_06.png,0
006/006_12.png,006_forge/006_07.png,0
006/006_12.png,006_forge/006_08.png,0
006/006_12.png,006_forge/006_09.png,0
006/006_12.png,006_forge/006_10.png,0
006/006_12.png,006_forge/006_11.png,0
006/006_12.png,006_forge/006_12.png,0
006/006_12.png,006_forge/006_13.png,0
006/006_12.png,006_forge/006_14.png,0
006/006_12.png,006_forge/006_15.png,0
006/006_12.png,006_forge/006_16.png,0
006/006_12.png,006_forge/006_17.png,0
006/006_12.png,006_forge/006_18.png,0
006/006_12.png,006_forge/006_19.png,0
006/006_12.png,006_forge/006_20.png,0
006/006_13.png,006_forge/006_00.png,0
006/006_13.png,006_forge/006_01.png,0
006/006_13.png,006_forge/006_02.png,0
006/006_13.png,006_forge/006_03.png,0
006/006_13.png,006_forge/006_04.png,0
006/006_13.png,006_forge/006_05.png,0
006/006_13.png,006_forge/006_06.png,0
006/006_13.png,006_forge/006_07.png,0
006/006_13.png,006_forge/006_08.png,0
006/006_13.png,006_forge/006_09.png,0
006/006_13.png,006_forge/006_10.png,0
006/006_13.png,006_forge/006_11.png,0
006/006_13.png,006_forge/006_12.png,0
006/006_13.png,006_forge/006_13.png,0
006/006_13.png,006_forge/006_14.png,0
006/006_13.png,006_forge/006_15.png,0
006/006_13.png,006_forge/006_16.png,0
006/006_13.png,006_forge/006_17.png,0
006/006_13.png,006_forge/006_18.png,0
006/006_13.png,006_forge/006_19.png,0
006/006_13.png,006_forge/006_20.png,0
006/006_14.png,006_forge/006_00.png,0
006/006_14.png,006_forge/006_01.png,0
006/006_14.png,006_forge/006_02.png,0
006/006_14.png,006_forge/006_03.png,0
006/006_14.png,006_forge/006_04.png,0
006/006_14.png,006_forge/006_05.png,0
006/006_14.png,006_forge/006_06.png,0
006/006_14.png,006_forge/006_07.png,0
006/006_14.png,006_forge/006_08.png,0
006/006_14.png,006_forge/006_09.png,0
006/006_14.png,006_forge/006_10.png,0
006/006_14.png,006_forge/006_11.png,0
006/006_14.png,006_forge/006_12.png,0
006/006_14.png,006_forge/006_13.png,0
006/006_14.png,006_forge/006_14.png,0
006/006_14.png,006_forge/006_15.png,0
006/006_14.png,006_forge/006_16.png,0
006/006_14.png,006_forge/006_17.png,0
006/006_14.png,006_forge/006_18.png,0
006/006_14.png,006_forge/006_19.png,0
006/006_14.png,006_forge/006_20.png,0
006/006_15.png,006_forge/006_00.png,0
006/006_15.png,006_forge/006_01.png,0
006/006_15.png,006_forge/006_02.png,0
006/006_15.png,006_forge/006_03.png,0
006/006_15.png,006_forge/006_04.png,0
006/006_15.png,006_forge/006_05.png,0
006/006_15.png,006_forge/006_06.png,0
006/006_15.png,006_forge/006_07.png,0
006/006_15.png,006_forge/006_08.png,0
006/006_15.png,006_forge/006_09.png,0
006/006_15.png,006_forge/006_10.png,0
006/006_15.png,006_forge/006_11.png,0
006/006_15.png,006_forge/006_12.png,0
006/006_15.png,006_forge/006_13.png,0
006/006_15.png,006_forge/006_14.png,0
006/006_15.png,006_forge/006_15.png,0
006/006_15.png,006_forge/006_16.png,0
006/006_15.png,006_forge/006_17.png,0
006/006_15.png,006_forge/006_18.png,0
006/006_15.png,006_forge/006_19.png,0
006/006_15.png,006_forge/006_20.png,0
006/006_16.png,006_forge/006_00.png,0
006/006_16.png,006_forge/006_01.png,0
006/006_16.png,006_forge/006_02.png,0
006/006_16.png,006_forge/006_03.png,0
006/006_16.png,006_forge/006_04.png,0
006/006_16.png,006_forge/006_05.png,0
006/006_16.png,006_forge/006_06.png,0
006/006_16.png,006_forge/006_07.png,0
006/006_16.png,006_forge/006_08.png,0
006/006_16.png,006_forge/006_09.png,0
006/006_16.png,006_forge/006_10.png,0
006/006_16.png,006_forge/006_11.png,0
006/006_16.png,006_forge/006_12.png,0
006/006_16.png,006_forge/006_13.png,0
006/006_16.png,006_forge/006_14.png,0
006/006_16.png,006_forge/006_15.png,0
006/006_16.png,006_forge/006_16.png,0
006/006_16.png,006_forge/006_17.png,0
006/006_16.png,006_forge/006_18.png,0
006/006_16.png,006_forge/006_19.png,0
006/006_16.png,006_forge/006_20.png,0
006/006_17.png,006_forge/006_00.png,0
006/006_17.png,006_forge/006_01.png,0
006/006_17.png,006_forge/006_02.png,0
006/006_17.png,006_forge/006_03.png,0
006/006_17.png,006_forge/006_04.png,0
006/006_17.png,006_forge/006_05.png,0
006/006_17.png,006_forge/006_06.png,0
006/006_17.png,006_forge/006_07.png,0
006/006_17.png,006_forge/006_08.png,0
006/006_17.png,006_forge/006_09.png,0
006/006_17.png,006_forge/006_10.png,0
006/006_17.png,006_forge/006_11.png,0
006/006_17.png,006_forge/006_12.png,0
006/006_17.png,006_forge/006_13.png,0
006/006_17.png,006_forge/006_14.png,0
006/006_17.png,006_forge/006_15.png,0
006/006_17.png,006_forge/006_16.png,0
006/006_17.png,006_forge/006_17.png,0
006/006_17.png,006_forge/006_18.png,0
006/006_17.png,006_forge/006_19.png,0
006/006_17.png,006_forge/006_20.png,0
006/006_18.png,006_forge/006_00.png,0
006/006_18.png,006_forge/006_01.png,0
006/006_18.png,006_forge/006_02.png,0
006/006_18.png,006_forge/006_03.png,0
006/006_18.png,006_forge/006_04.png,0
006/006_18.png,006_forge/006_05.png,0
006/006_18.png,006_forge/006_06.png,0
006/006_18.png,006_forge/006_07.png,0
006/006_18.png,006_forge/006_08.png,0
006/006_18.png,006_forge/006_09.png,0
006/006_18.png,006_forge/006_10.png,0
006/006_18.png,006_forge/006_11.png,0
006/006_18.png,006_forge/006_12.png,0
006/006_18.png,006_forge/006_13.png,0
006/006_18.png,006_forge/006_14.png,0
006/006_18.png,006_forge/006_15.png,0
006/006_18.png,006_forge/006_16.png,0
006/006_18.png,006_forge/006_17.png,0
006/006_18.png,006_forge/006_18.png,0
006/006_18.png,006_forge/006_19.png,0
006/006_18.png,006_forge/006_20.png,0
006/006_19.png,006_forge/006_00.png,0
006/006_19.png,006_forge/006_01.png,0
006/006_19.png,006_forge/006_02.png,0
006/006_19.png,006_forge/006_03.png,0
006/006_19.png,006_forge/006_04.png,0
006/006_19.png,006_forge/006_05.png,0
006/006_19.png,006_forge/006_06.png,0
006/006_19.png,006_forge/006_07.png,0
006/006_19.png,006_forge/006_08.png,0
006/006_19.png,006_forge/006_09.png,0
006/006_19.png,006_forge/006_10.png,0
006/006_19.png,006_forge/006_11.png,0
006/006_19.png,006_forge/006_12.png,0
006/006_19.png,006_forge/006_13.png,0
006/006_19.png,006_forge/006_14.png,0
006/006_19.png,006_forge/006_15.png,0
006/006_19.png,006_forge/006_16.png,0
006/006_19.png,006_forge/006_17.png,0
006/006_19.png,006_forge/006_18.png,0
006/006_19.png,006_forge/006_19.png,0
006/006_19.png,006_forge/006_20.png,0
006/006_20.png,006_forge/006_00.png,0
006/006_20.png,006_forge/006_01.png,0
006/006_20.png,006_forge/006_02.png,0
006/006_20.png,006_forge/006_03.png,0
006/006_20.png,006_forge/006_04.png,0
006/006_20.png,006_forge/006_05.png,0
006/006_20.png,006_forge/006_06.png,0
006/006_20.png,006_forge/006_07.png,0
006/006_20.png,006_forge/006_08.png,0
006/006_20.png,006_forge/006_09.png,0
006/006_20.png,006_forge/006_10.png,0
006/006_20.png,006_forge/006_11.png,0
006/006_20.png,006_forge/006_12.png,0
006/006_20.png,006_forge/006_13.png,0
006/006_20.png,006_forge/006_14.png,0
006/006_20.png,006_forge/006_15.png,0
006/006_20.png,006_forge/006_16.png,0
006/006_20.png,006_forge/006_17.png,0
006/006_20.png,006_forge/006_18.png,0
006/006_20.png,006_forge/006_19.png,0
006/006_20.png,006_forge/006_20.png,0
007/007_00.png,007/007_01.png,1
007/007_00.png,007/007_02.png,1
007/007_00.png,007/007_03.png,1
007/007_00.png,007/007_04.png,1
007/007_00.png,007/007_05.png,1
007/007_00.png,007/007_06.png,1
007/007_00.png,007/007_07.png,1
007/007_00.png,007/007_08.png,1
007/007_00.png,007/007_09.png,1
007/007_00.png,007/007_10.png,1
007/007_00.png,007/007_11.png,1
007/007_00.png,007/007_12.png,1
007/007_00.png,007/007_13.png,1
007/007_00.png,007/007_14.png,1
007/007_00.png,007/007_15.png,1
007/007_00.png,007/007_16.png,1
007/007_00.png,007/007_17.png,1
007/007_00.png,007/007_18.png,1
007/007_00.png,007/007_19.png,1
007/007_00.png,007/007_20.png,1
007/007_01.png,007/007_00.png,1
007/007_01.png,007/007_02.png,1
007/007_01.png,007/007_03.png,1
007/007_01.png,007/007_04.png,1
007/007_01.png,007/007_05.png,1
007/007_01.png,007/007_06.png,1
007/007_01.png,007/007_07.png,1
007/007_01.png,007/007_08.png,1
007/007_01.png,007/007_09.png,1
007/007_01.png,007/007_10.png,1
007/007_01.png,007/007_11.png,1
007/007_01.png,007/007_12.png,1
007/007_01.png,007/007_13.png,1
007/007_01.png,007/007_14.png,1
007/007_01.png,007/007_15.png,1
007/007_01.png,007/007_16.png,1
007/007_01.png,007/007_17.png,1
007/007_01.png,007/007_18.png,1
007/007_01.png,007/007_19.png,1
007/007_01.png,007/007_20.png,1
007/007_02.png,007/007_00.png,1
007/007_02.png,007/007_01.png,1
007/007_02.png,007/007_03.png,1
007/007_02.png,007/007_04.png,1
007/007_02.png,007/007_05.png,1
007/007_02.png,007/007_06.png,1
007/007_02.png,007/007_07.png,1
007/007_02.png,007/007_08.png,1
007/007_02.png,007/007_09.png,1
007/007_02.png,007/007_10.png,1
007/007_02.png,007/007_11.png,1
007/007_02.png,007/007_12.png,1
007/007_02.png,007/007_13.png,1
007/007_02.png,007/007_14.png,1
007/007_02.png,007/007_15.png,1
007/007_02.png,007/007_16.png,1
007/007_02.png,007/007_17.png,1
007/007_02.png,007/007_18.png,1
007/007_02.png,007/007_19.png,1
007/007_02.png,007/007_20.png,1
007/007_03.png,007/007_00.png,1
007/007_03.png,007/007_01.png,1
007/007_03.png,007/007_02.png,1
007/007_03.png,007/007_04.png,1
007/007_03.png,007/007_05.png,1
007/007_03.png,007/007_06.png,1
007/007_03.png,007/007_07.png,1
007/007_03.png,007/007_08.png,1
007/007_03.png,007/007_09.png,1
007/007_03.png,007/007_10.png,1
007/007_03.png,007/007_11.png,1
007/007_03.png,007/007_12.png,1
007/007_03.png,007/007_13.png,1
007/007_03.png,007/007_14.png,1
007/007_03.png,007/007_15.png,1
007/007_03.png,007/007_16.png,1
007/007_03.png,007/007_17.png,1
007/007_03.png,007/007_18.png,1
007/007_03.png,007/007_19.png,1
007/007_03.png,007/007_20.png,1
007/007_04.png,007/007_00.png,1
007/007_04.png,007/007_01.png,1
007/007_04.png,007/007_02.png,1
007/007_04.png,007/007_03.png,1
007/007_04.png,007/007_05.png,1
007/007_04.png,007/007_06.png,1
007/007_04.png,007/007_07.png,1
007/007_04.png,007/007_08.png,1
007/007_04.png,007/007_09.png,1
007/007_04.png,007/007_10.png,1
007/007_04.png,007/007_11.png,1
007/007_04.png,007/007_12.png,1
007/007_04.png,007/007_13.png,1
007/007_04.png,007/007_14.png,1
007/007_04.png,007/007_15.png,1
007/007_04.png,007/007_16.png,1
007/007_04.png,007/007_17.png,1
007/007_04.png,007/007_18.png,1
007/007_04.png,007/007_19.png,1
007/007_04.png,007/007_20.png,1
007/007_05.png,007/007_00.png,1
007/007_05.png,007/007_01.png,1
007/007_05.png,007/007_02.png,1
007/007_05.png,007/007_03.png,1
007/007_05.png,007/007_04.png,1
007/007_05.png,007/007_06.png,1
007/007_05.png,007/007_07.png,1
007/007_05.png,007/007_08.png,1
007/007_05.png,007/007_09.png,1
007/007_05.png,007/007_10.png,1
007/007_05.png,007/007_11.png,1
007/007_05.png,007/007_12.png,1
007/007_05.png,007/007_13.png,1
007/007_05.png,007/007_14.png,1
007/007_05.png,007/007_15.png,1
007/007_05.png,007/007_16.png,1
007/007_05.png,007/007_17.png,1
007/007_05.png,007/007_18.png,1
007/007_05.png,007/007_19.png,1
007/007_05.png,007/007_20.png,1
007/007_06.png,007/007_00.png,1
007/007_06.png,007/007_01.png,1
007/007_06.png,007/007_02.png,1
007/007_06.png,007/007_03.png,1
007/007_06.png,007/007_04.png,1
007/007_06.png,007/007_05.png,1
007/007_06.png,007/007_07.png,1
007/007_06.png,007/007_08.png,1
007/007_06.png,007/007_09.png,1
007/007_06.png,007/007_10.png,1
007/007_06.png,007/007_11.png,1
007/007_06.png,007/007_12.png,1
007/007_06.png,007/007_13.png,1
007/007_06.png,007/007_14.png,1
007/007_06.png,007/007_15.png,1
007/007_06.png,007/007_16.png,1
007/007_06.png,007/007_17.png,1
007/007_06.png,007/007_18.png,1
007/007_06.png,007/007_19.png,1
007/007_06.png,007/007_20.png,1
007/007_07.png,007/007_00.png,1
007/007_07.png,007/007_01.png,1
007/007_07.png,007/007_02.png,1
007/007_07.png,007/007_03.png,1
007/007_07.png,007/007_04.png,1
007/007_07.png,007/007_05.png,1
007/007_07.png,007/007_06.png,1
007/007_07.png,007/007_08.png,1
007/007_07.png,007/007_09.png,1
007/007_07.png,007/007_10.png,1
007/007_07.png,007/007_11.png,1
007/007_07.png,007/007_12.png,1
007/007_07.png,007/007_13.png,1
007/007_07.png,007/007_14.png,1
007/007_07.png,007/007_15.png,1
007/007_07.png,007/007_16.png,1
007/007_07.png,007/007_17.png,1
007/007_07.png,007/007_18.png,1
007/007_07.png,007/007_19.png,1
007/007_07.png,007/007_20.png,1
007/007_08.png,007/007_00.png,1
007/007_08.png,007/007_01.png,1
007/007_08.png,007/007_02.png,1
007/007_08.png,007/007_03.png,1
007/007_08.png,007/007_04.png,1
007/007_08.png,007/007_05.png,1
007/007_08.png,007/007_06.png,1
007/007_08.png,007/007_07.png,1
007/007_08.png,007/007_09.png,1
007/007_08.png,007/007_10.png,1
007/007_08.png,007/007_11.png,1
007/007_08.png,007/007_12.png,1
007/007_08.png,007/007_13.png,1
007/007_08.png,007/007_14.png,1
007/007_08.png,007/007_15.png,1
007/007_08.png,007/007_16.png,1
007/007_08.png,007/007_17.png,1
007/007_08.png,007/007_18.png,1
007/007_08.png,007/007_19.png,1
007/007_08.png,007/007_20.png,1
007/007_09.png,007/007_00.png,1
007/007_09.png,007/007_01.png,1
007/007_09.png,007/007_02.png,1
007/007_09.png,007/007_03.png,1
007/007_09.png,007/007_04.png,1
007/007_09.png,007/007_05.png,1
007/007_09.png,007/007_06.png,1
007/007_09.png,007/007_07.png,1
007/007_09.png,007/007_08.png,1
007/007_09.png,007/007_10.png,1
007/007_09.png,007/007_11.png,1
007/007_09.png,007/007_12.png,1
007/007_09.png,007/007_13.png,1
007/007_09.png,007/007_14.png,1
007/007_09.png,007/007_15.png,1
007/007_09.png,007/007_16.png,1
007/007_09.png,007/007_17.png,1
007/007_09.png,007/007_18.png,1
007/007_09.png,007/007_19.png,1
007/007_09.png,007/007_20.png,1
007/007_10.png,007/007_00.png,1
007/007_10.png,007/007_01.png,1
007/007_10.png,007/007_02.png,1
007/007_10.png,007/007_03.png,1
007/007_10.png,007/007_04.png,1
007/007_10.png,007/007_05.png,1
007/007_10.png,007/007_06.png,1
007/007_10.png,007/007_07.png,1
007/007_10.png,007/007_08.png,1
007/007_10.png,007/007_09.png,1
007/007_10.png,007/007_11.png,1
007/007_10.png,007/007_12.png,1
007/007_10.png,007/007_13.png,1
007/007_10.png,007/007_14.png,1
007/007_10.png,007/007_15.png,1
007/007_10.png,007/007_16.png,1
007/007_10.png,007/007_17.png,1
007/007_10.png,007/007_18.png,1
007/007_10.png,007/007_19.png,1
007/007_10.png,007/007_20.png,1
007/007_11.png,007/007_00.png,1
007/007_11.png,007/007_01.png,1
007/007_11.png,007/007_02.png,1
007/007_11.png,007/007_03.png,1
007/007_11.png,007/007_04.png,1
007/007_11.png,007/007_05.png,1
007/007_11.png,007/007_06.png,1
007/007_11.png,007/007_07.png,1
007/007_11.png,007/007_08.png,1
007/007_11.png,007/007_09.png,1
007/007_11.png,007/007_10.png,1
007/007_11.png,007/007_12.png,1
007/007_11.png,007/007_13.png,1
007/007_11.png,007/007_14.png,1
007/007_11.png,007/007_15.png,1
007/007_11.png,007/007_16.png,1
007/007_11.png,007/007_17.png,1
007/007_11.png,007/007_18.png,1
007/007_11.png,007/007_19.png,1
007/007_11.png,007/007_20.png,1
007/007_12.png,007/007_00.png,1
007/007_12.png,007/007_01.png,1
007/007_12.png,007/007_02.png,1
007/007_12.png,007/007_03.png,1
007/007_12.png,007/007_04.png,1
007/007_12.png,007/007_05.png,1
007/007_12.png,007/007_06.png,1
007/007_12.png,007/007_07.png,1
007/007_12.png,007/007_08.png,1
007/007_12.png,007/007_09.png,1
007/007_12.png,007/007_10.png,1
007/007_12.png,007/007_11.png,1
007/007_12.png,007/007_13.png,1
007/007_12.png,007/007_14.png,1
007/007_12.png,007/007_15.png,1
007/007_12.png,007/007_16.png,1
007/007_12.png,007/007_17.png,1
007/007_12.png,007/007_18.png,1
007/007_12.png,007/007_19.png,1
007/007_12.png,007/007_20.png,1
007/007_13.png,007/007_00.png,1
007/007_13.png,007/007_01.png,1
007/007_13.png,007/007_02.png,1
007/007_13.png,007/007_03.png,1
007/007_13.png,007/007_04.png,1
007/007_13.png,007/007_05.png,1
007/007_13.png,007/007_06.png,1
007/007_13.png,007/007_07.png,1
007/007_13.png,007/007_08.png,1
007/007_13.png,007/007_09.png,1
007/007_13.png,007/007_10.png,1
007/007_13.png,007/007_11.png,1
007/007_13.png,007/007_12.png,1
007/007_13.png,007/007_14.png,1
007/007_13.png,007/007_15.png,1
007/007_13.png,007/007_16.png,1
007/007_13.png,007/007_17.png,1
007/007_13.png,007/007_18.png,1
007/007_13.png,007/007_19.png,1
007/007_13.png,007/007_20.png,1
007/007_14.png,007/007_00.png,1
007/007_14.png,007/007_01.png,1
007/007_14.png,007/007_02.png,1
007/007_14.png,007/007_03.png,1
007/007_14.png,007/007_04.png,1
007/007_14.png,007/007_05.png,1
007/007_14.png,007/007_06.png,1
007/007_14.png,007/007_07.png,1
007/007_14.png,007/007_08.png,1
007/007_14.png,007/007_09.png,1
007/007_14.png,007/007_10.png,1
007/007_14.png,007/007_11.png,1
007/007_14.png,007/007_12.png,1
007/007_14.png,007/007_13.png,1
007/007_14.png,007/007_15.png,1
007/007_14.png,007/007_16.png,1
007/007_14.png,007/007_17.png,1
007/007_14.png,007/007_18.png,1
007/007_14.png,007/007_19.png,1
007/007_14.png,007/007_20.png,1
007/007_15.png,007/007_00.png,1
007/007_15.png,007/007_01.png,1
007/007_15.png,007/007_02.png,1
007/007_15.png,007/007_03.png,1
007/007_15.png,007/007_04.png,1
007/007_15.png,007/007_05.png,1
007/007_15.png,007/007_06.png,1
007/007_15.png,007/007_07.png,1
007/007_15.png,007/007_08.png,1
007/007_15.png,007/007_09.png,1
007/007_15.png,007/007_10.png,1
007/007_15.png,007/007_11.png,1
007/007_15.png,007/007_12.png,1
007/007_15.png,007/007_13.png,1
007/007_15.png,007/007_14.png,1
007/007_15.png,007/007_16.png,1
007/007_15.png,007/007_17.png,1
007/007_15.png,007/007_18.png,1
007/007_15.png,007/007_19.png,1
007/007_15.png,007/007_20.png,1
007/007_16.png,007/007_00.png,1
007/007_16.png,007/007_01.png,1
007/007_16.png,007/007_02.png,1
007/007_16.png,007/007_03.png,1
007/007_16.png,007/007_04.png,1
007/007_16.png,007/007_05.png,1
007/007_16.png,007/007_06.png,1
007/007_16.png,007/007_07.png,1
007/007_16.png,007/007_08.png,1
007/007_16.png,007/007_09.png,1
007/007_16.png,007/007_10.png,1
007/007_16.png,007/007_11.png,1
007/007_16.png,007/007_12.png,1
007/007_16.png,007/007_13.png,1
007/007_16.png,007/007_14.png,1
007/007_16.png,007/007_15.png,1
007/007_16.png,007/007_17.png,1
007/007_16.png,007/007_18.png,1
007/007_16.png,007/007_19.png,1
007/007_16.png,007/007_20.png,1
007/007_17.png,007/007_00.png,1
007/007_17.png,007/007_01.png,1
007/007_17.png,007/007_02.png,1
007/007_17.png,007/007_03.png,1
007/007_17.png,007/007_04.png,1
007/007_17.png,007/007_05.png,1
007/007_17.png,007/007_06.png,1
007/007_17.png,007/007_07.png,1
007/007_17.png,007/007_08.png,1
007/007_17.png,007/007_09.png,1
007/007_17.png,007/007_10.png,1
007/007_17.png,007/007_11.png,1
007/007_17.png,007/007_12.png,1
007/007_17.png,007/007_13.png,1
007/007_17.png,007/007_14.png,1
007/007_17.png,007/007_15.png,1
007/007_17.png,007/007_16.png,1
007/007_17.png,007/007_18.png,1
007/007_17.png,007/007_19.png,1
007/007_17.png,007/007_20.png,1
007/007_18.png,007/007_00.png,1
007/007_18.png,007/007_01.png,1
007/007_18.png,007/007_02.png,1
007/007_18.png,007/007_03.png,1
007/007_18.png,007/007_04.png,1
007/007_18.png,007/007_05.png,1
007/007_18.png,007/007_06.png,1
007/007_18.png,007/007_07.png,1
007/007_18.png,007/007_08.png,1
007/007_18.png,007/007_09.png,1
007/007_18.png,007/007_10.png,1
007/007_18.png,007/007_11.png,1
007/007_18.png,007/007_12.png,1
007/007_18.png,007/007_13.png,1
007/007_18.png,007/007_14.png,1
007/007_18.png,007/007_15.png,1
007/007_18.png,007/007_16.png,1
007/007_18.png,007/007_17.png,1
007/007_18.png,007/007_19.png,1
007/007_18.png,007/007_20.png,1
007/007_19.png,007/007_00.png,1
007/007_19.png,007/007_01.png,1
007/007_19.png,007/007_02.png,1
007/007_19.png,007/007_03.png,1
007/007_19.png,007/007_04.png,1
007/007_19.png,007/007_05.png,1
007/007_19.png,007/007_06.png,1
007/007_19.png,007/007_07.png,1
007/007_19.png,007/007_08.png,1
007/007_19.png,007/007_09.png,1
007/007_19.png,007/007_10.png,1
007/007_19.png,007/007_11.png,1
007/007_19.png,007/007_12.png,1
007/007_19.png,007/007_13.png,1
007/007_19.png,007/007_14.png,1
007/007_19.png,007/007_15.png,1
007/007_19.png,007/007_16.png,1
007/007_19.png,007/007_17.png,1
007/007_19.png,007/007_18.png,1
007/007_19.png,007/007_20.png,1
007/007_20.png,007/007_00.png,1
007/007_20.png,007/007_01.png,1
007/007_20.png,007/007_02.png,1
007/007_20.png,007/007_03.png,1
007/007_20.png,007/007_04.png,1
007/007_20.png,007/007_05.png,1
007/007_20.png,007/007_06.png,1
007/007_20.png,007/007_07.png,1
007/007_20.png,007/007_08.png,1
007/007_20.png,007/007_09.png,1
007/007_20.png,007/007_10.png,1
007/007_20.png,007/007_11.png,1
007/007_20.png,007/007_12.png,1
007/007_20.png,007/007_13.png,1
007/007_20.png,007/007_14.png,1
007/007_20.png,007/007_15.png,1
007/007_20.png,007/007_16.png,1
007/007_20.png,007/007_17.png,1
007/007_20.png,007/007_18.png,1
007/007_20.png,007/007_19.png,1
007/007_00.png,007_forge/007_00.png,0
007/007_00.png,007_forge/007_01.png,0
007/007_00.png,007_forge/007_02.png,0
007/007_00.png,007_forge/007_03.png,0
007/007_00.png,007_forge/007_04.png,0
007/007_00.png,007_forge/007_05.png,0
007/007_00.png,007_forge/007_06.png,0
007/007_00.png,007_forge/007_07.png,0
007/007_00.png,007_forge/007_08.png,0
007/007_00.png,007_forge/007_09.png,0
007/007_00.png,007_forge/007_10.png,0
007/007_00.png,007_forge/007_11.png,0
007/007_00.png,007_forge/007_12.png,0
007/007_00.png,007_forge/007_13.png,0
007/007_00.png,007_forge/007_14.png,0
007/007_00.png,007_forge/007_15.png,0
007/007_00.png,007_forge/007_16.png,0
007/007_00.png,007_forge/007_17.png,0
007/007_00.png,007_forge/007_18.png,0
007/007_00.png,007_forge/007_19.png,0
007/007_00.png,007_forge/007_20.png,0
007/007_01.png,007_forge/007_00.png,0
007/007_01.png,007_forge/007_01.png,0
007/007_01.png,007_forge/007_02.png,0
007/007_01.png,007_forge/007_03.png,0
007/007_01.png,007_forge/007_04.png,0
007/007_01.png,007_forge/007_05.png,0
007/007_01.png,007_forge/007_06.png,0
007/007_01.png,007_forge/007_07.png,0
007/007_01.png,007_forge/007_08.png,0
007/007_01.png,007_forge/007_09.png,0
007/007_01.png,007_forge/007_10.png,0
007/007_01.png,007_forge/007_11.png,0
007/007_01.png,007_forge/007_12.png,0
007/007_01.png,007_forge/007_13.png,0
007/007_01.png,007_forge/007_14.png,0
007/007_01.png,007_forge/007_15.png,0
007/007_01.png,007_forge/007_16.png,0
007/007_01.png,007_forge/007_17.png,0
007/007_01.png,007_forge/007_18.png,0
007/007_01.png,007_forge/007_19.png,0
007/007_01.png,007_forge/007_20.png,0
007/007_02.png,007_forge/007_00.png,0
007/007_02.png,007_forge/007_01.png,0
007/007_02.png,007_forge/007_02.png,0
007/007_02.png,007_forge/007_03.png,0
007/007_02.png,007_forge/007_04.png,0
007/007_02.png,007_forge/007_05.png,0
007/007_02.png,007_forge/007_06.png,0
007/007_02.png,007_forge/007_07.png,0
007/007_02.png,007_forge/007_08.png,0
007/007_02.png,007_forge/007_09.png,0
007/007_02.png,007_forge/007_10.png,0
007/007_02.png,007_forge/007_11.png,0
007/007_02.png,007_forge/007_12.png,0
007/007_02.png,007_forge/007_13.png,0
007/007_02.png,007_forge/007_14.png,0
007/007_02.png,007_forge/007_15.png,0
007/007_02.png,007_forge/007_16.png,0
007/007_02.png,007_forge/007_17.png,0
007/007_02.png,007_forge/007_18.png,0
007/007_02.png,007_forge/007_19.png,0
007/007_02.png,007_forge/007_20.png,0
007/007_03.png,007_forge/007_00.png,0
007/007_03.png,007_forge/007_01.png,0
007/007_03.png,007_forge/007_02.png,0
007/007_03.png,007_forge/007_03.png,0
007/007_03.png,007_forge/007_04.png,0
007/007_03.png,007_forge/007_05.png,0
007/007_03.png,007_forge/007_06.png,0
007/007_03.png,007_forge/007_07.png,0
007/007_03.png,007_forge/007_08.png,0
007/007_03.png,007_forge/007_09.png,0
007/007_03.png,007_forge/007_10.png,0
007/007_03.png,007_forge/007_11.png,0
007/007_03.png,007_forge/007_12.png,0
007/007_03.png,007_forge/007_13.png,0
007/007_03.png,007_forge/007_14.png,0
007/007_03.png,007_forge/007_15.png,0
007/007_03.png,007_forge/007_16.png,0
007/007_03.png,007_forge/007_17.png,0
007/007_03.png,007_forge/007_18.png,0
007/007_03.png,007_forge/007_19.png,0
007/007_03.png,007_forge/007_20.png,0
007/007_04.png,007_forge/007_00.png,0
007/007_04.png,007_forge/007_01.png,0
007/007_04.png,007_forge/007_02.png,0
007/007_04.png,007_forge/007_03.png,0
007/007_04.png,007_forge/007_04.png,0
007/007_04.png,007_forge/007_05.png,0
007/007_04.png,007_forge/007_06.png,0
007/007_04.png,007_forge/007_07.png,0
007/007_04.png,007_forge/007_08.png,0
007/007_04.png,007_forge/007_09.png,0
007/007_04.png,007_forge/007_10.png,0
007/007_04.png,007_forge/007_11.png,0
007/007_04.png,007_forge/007_12.png,0
007/007_04.png,007_forge/007_13.png,0
007/007_04.png,007_forge/007_14.png,0
007/007_04.png,007_forge/007_15.png,0
007/007_04.png,007_forge/007_16.png,0
007/007_04.png,007_forge/007_17.png,0
007/007_04.png,007_forge/007_18.png,0
007/007_04.png,007_forge/007_19.png,0
007/007_04.png,007_forge/007_20.png,0
007/007_05.png,007_forge/007_00.png,0
007/007_05.png,007_forge/007_01.png,0
007/007_05.png,007_forge/007_02.png,0
007/007_05.png,007_forge/007_03.png,0
007/007_05.png,007_forge/007_04.png,0
007/007_05.png,007_forge/007_05.png,0
007/007_05.png,007_forge/007_06.png,0
007/007_05.png,007_forge/007_07.png,0
007/007_05.png,007_forge/007_08.png,0
007/007_05.png,007_forge/007_09.png,0
007/007_05.png,007_forge/007_10.png,0
007/007_05.png,007_forge/007_11.png,0
007/007_05.png,007_forge/007_12.png,0
007/007_05.png,007_forge/007_13.png,0
007/007_05.png,007_forge/007_14.png,0
007/007_05.png,007_forge/007_15.png,0
007/007_05.png,007_forge/007_16.png,0
007/007_05.png,007_forge/007_17.png,0
007/007_05.png,007_forge/007_18.png,0
007/007_05.png,007_forge/007_19.png,0
007/007_05.png,007_forge/007_20.png,0
007/007_06.png,007_forge/007_00.png,0
007/007_06.png,007_forge/007_01.png,0
007/007_06.png,007_forge/007_02.png,0
007/007_06.png,007_forge/007_03.png,0
007/007_06.png,007_forge/007_04.png,0
007/007_06.png,007_forge/007_05.png,0
007/007_06.png,007_forge/007_06.png,0
007/007_06.png,007_forge/007_07.png,0
007/007_06.png,007_forge/007_08.png,0
007/007_06.png,007_forge/007_09.png,0
007/007_06.png,007_forge/007_10.png,0
007/007_06.png,007_forge/007_11.png,0
007/007_06.png,007_forge/007_12.png,0
007/007_06.png,007_forge/007_13.png,0
007/007_06.png,007_forge/007_14.png,0
007/007_06.png,007_forge/007_15.png,0
007/007_06.png,007_forge/007_16.png,0
007/007_06.png,007_forge/007_17.png,0
007/007_06.png,007_forge/007_18.png,0
007/007_06.png,007_forge/007_19.png,0
007/007_06.png,007_forge/007_20.png,0
007/007_07.png,007_forge/007_00.png,0
007/007_07.png,007_forge/007_01.png,0
007/007_07.png,007_forge/007_02.png,0
007/007_07.png,007_forge/007_03.png,0
007/007_07.png,007_forge/007_04.png,0
007/007_07.png,007_forge/007_05.png,0
007/007_07.png,007_forge/007_06.png,0
007/007_07.png,007_forge/007_07.png,0
007/007_07.png,007_forge/007_08.png,0
007/007_07.png,007_forge/007_09.png,0
007/007_07.png,007_forge/007_10.png,0
007/007_07.png,007_forge/007_11.png,0
007/007_07.png,007_forge/007_12.png,0
007/007_07.png,007_forge/007_13.png,0
007/007_07.png,007_forge/007_14.png,0
007/007_07.png,007_forge/007_15.png,0
007/007_07.png,007_forge/007_16.png,0
007/007_07.png,007_forge/007_17.png,0
007/007_07.png,007_forge/007_18.png,0
007/007_07.png,007_forge/007_19.png,0
007/007_07.png,007_forge/007_20.png,0
007/007_08.png,007_forge/007_00.png,0
007/007_08.png,007_forge/007_01.png,0
007/007_08.png,007_forge/007_02.png,0
007/007_08.png,007_forge/007_03.png,0
007/007_08.png,007_forge/007_04.png,0
007/007_08.png,007_forge/007_05.png,0
007/007_08.png,007_forge/007_06.png,0
007/007_08.png,007_forge/007_07.png,0
007/007_08.png,007_forge/007_08.png,0
007/007_08.png,007_forge/007_09.png,0
007/007_08.png,007_forge/007_10.png,0
007/007_08.png,007_forge/007_11.png,0
007/007_08.png,007_forge/007_12.png,0
007/007_08.png,007_forge/007_13.png,0
007/007_08.png,007_forge/007_14.png,0
007/007_08.png,007_forge/007_15.png,0
007/007_08.png,007_forge/007_16.png,0
007/007_08.png,007_forge/007_17.png,0
007/007_08.png,007_forge/007_18.png,0
007/007_08.png,007_forge/007_19.png,0
007/007_08.png,007_forge/007_20.png,0
007/007_09.png,007_forge/007_00.png,0
007/007_09.png,007_forge/007_01.png,0
007/007_09.png,007_forge/007_02.png,0
007/007_09.png,007_forge/007_03.png,0
007/007_09.png,007_forge/007_04.png,0
007/007_09.png,007_forge/007_05.png,0
007/007_09.png,007_forge/007_06.png,0
007/007_09.png,007_forge/007_07.png,0
007/007_09.png,007_forge/007_08.png,0
007/007_09.png,007_forge/007_09.png,0
007/007_09.png,007_forge/007_10.png,0
007/007_09.png,007_forge/007_11.png,0
007/007_09.png,007_forge/007_12.png,0
007/007_09.png,007_forge/007_13.png,0
007/007_09.png,007_forge/007_14.png,0
007/007_09.png,007_forge/007_15.png,0
007/007_09.png,007_forge/007_16.png,0
007/007_09.png,007_forge/007_17.png,0
007/007_09.png,007_forge/007_18.png,0
007/007_09.png,007_forge/007_19.png,0
007/007_09.png,007_forge/007_20.png,0
007/007_10.png,007_forge/007_00.png,0
007/007_10.png,007_forge/007_01.png,0
007/007_10.png,007_forge/007_02.png,0
007/007_10.png,007_forge/007_03.png,0
007/007_10.png,007_forge/007_04.png,0
007/007_10.png,007_forge/007_05.png,0
007/007_10.png,007_forge/007_06.png,0
007/007_10.png,007_forge/007_07.png,0
007/007_10.png,007_forge/007_08.png,0
007/007_10.png,007_forge/007_09.png,0
007/007_10.png,007_forge/007_10.png,0
007/007_10.png,007_forge/007_11.png,0
007/007_10.png,007_forge/007_12.png,0
007/007_10.png,007_forge/007_13.png,0
007/007_10.png,007_forge/007_14.png,0
007/007_10.png,007_forge/007_15.png,0
007/007_10.png,007_forge/007_16.png,0
007/007_10.png,007_forge/007_17.png,0
007/007_10.png,007_forge/007_18.png,0
007/007_10.png,007_forge/007_19.png,0
007/007_10.png,007_forge/007_20.png,0
007/007_11.png,007_forge/007_00.png,0
007/007_11.png,007_forge/007_01.png,0
007/007_11.png,007_forge/007_02.png,0
007/007_11.png,007_forge/007_03.png,0
007/007_11.png,007_forge/007_04.png,0
007/007_11.png,007_forge/007_05.png,0
007/007_11.png,007_forge/007_06.png,0
007/007_11.png,007_forge/007_07.png,0
007/007_11.png,007_forge/007_08.png,0
007/007_11.png,007_forge/007_09.png,0
007/007_11.png,007_forge/007_10.png,0
007/007_11.png,007_forge/007_11.png,0
007/007_11.png,007_forge/007_12.png,0
007/007_11.png,007_forge/007_13.png,0
007/007_11.png,007_forge/007_14.png,0
007/007_11.png,007_forge/007_15.png,0
007/007_11.png,007_forge/007_16.png,0
007/007_11.png,007_forge/007_17.png,0
007/007_11.png,007_forge/007_18.png,0
007/007_11.png,007_forge/007_19.png,0
007/007_11.png,007_forge/007_20.png,0
007/007_12.png,007_forge/007_00.png,0
007/007_12.png,007_forge/007_01.png,0
007/007_12.png,007_forge/007_02.png,0
007/007_12.png,007_forge/007_03.png,0
007/007_12.png,007_forge/007_04.png,0
007/007_12.png,007_forge/007_05.png,0
007/007_12.png,007_forge/007_06.png,0
007/007_12.png,007_forge/007_07.png,0
007/007_12.png,007_forge/007_08.png,0
007/007_12.png,007_forge/007_09.png,0
007/007_12.png,007_forge/007_10.png,0
007/007_12.png,007_forge/007_11.png,0
007/007_12.png,007_forge/007_12.png,0
007/007_12.png,007_forge/007_13.png,0
007/007_12.png,007_forge/007_14.png,0
007/007_12.png,007_forge/007_15.png,0
007/007_12.png,007_forge/007_16.png,0
007/007_12.png,007_forge/007_17.png,0
007/007_12.png,007_forge/007_18.png,0
007/007_12.png,007_forge/007_19.png,0
007/007_12.png,007_forge/007_20.png,0
007/007_13.png,007_forge/007_00.png,0
007/007_13.png,007_forge/007_01.png,0
007/007_13.png,007_forge/007_02.png,0
007/007_13.png,007_forge/007_03.png,0
007/007_13.png,007_forge/007_04.png,0
007/007_13.png,007_forge/007_05.png,0
007/007_13.png,007_forge/007_06.png,0
007/007_13.png,007_forge/007_07.png,0
007/007_13.png,007_forge/007_08.png,0
007/007_13.png,007_forge/007_09.png,0
007/007_13.png,007_forge/007_10.png,0
007/007_13.png,007_forge/007_11.png,0
007/007_13.png,007_forge/007_12.png,0
007/007_13.png,007_forge/007_13.png,0
007/007_13.png,007_forge/007_14.png,0
007/007_13.png,007_forge/007_15.png,0
007/007_13.png,007_forge/007_16.png,0
007/007_13.png,007_forge/007_17.png,0
007/007_13.png,007_forge/007_18.png,0
007/007_13.png,007_forge/007_19.png,0
007/007_13.png,007_forge/007_20.png,0
007/007_14.png,007_forge/007_00.png,0
007/007_14.png,007_forge/007_01.png,0
007/007_14.png,007_forge/007_02.png,0
007/007_14.png,007_forge/007_03.png,0
007/007_14.png,007_forge/007_04.png,0
007/007_14.png,007_forge/007_05.png,0
007/007_14.png,007_forge/007_06.png,0
007/007_14.png,007_forge/007_07.png,0
007/007_14.png,007_forge/007_08.png,0
007/007_14.png,007_forge/007_09.png,0
007/007_14.png,007_forge/007_10.png,0
007/007_14.png,007_forge/007_11.png,0
007/007_14.png,007_forge/007_12.png,0
007/007_14.png,007_forge/007_13.png,0
007/007_14.png,007_forge/007_14.png,0
007/007_14.png,007_forge/007_15.png,0
007/007_14.png,007_forge/007_16.png,0
007/007_14.png,007_forge/007_17.png,0
007/007_14.png,007_forge/007_18.png,0
007/007_14.png,007_forge/007_19.png,0
007/007_14.png,007_forge/007_20.png,0
007/007_15.png,007_forge/007_00.png,0
007/007_15.png,007_forge/007_01.png,0
007/007_15.png,007_forge/007_02.png,0
007/007_15.png,007_forge/007_03.png,0
007/007_15.png,007_forge/007_04.png,0
007/007_15.png,007_forge/007_05.png,0
007/007_15.png,007_forge/007_06.png,0
007/007_15.png,007_forge/007_07.png,0
007/007_15.png,007_forge/007_08.png,0
007/007_15.png,007_forge/007_09.png,0
007/007_15.png,007_forge/007_10.png,0
007/007_15.png,007_forge/007_11.png,0
007/007_15.png,007_forge/007_12.png,0
007/007_15.png,007_forge/007_13.png,0
007/007_15.png,007_forge/007_14.png,0
007/007_15.png,007_forge/007_15.png,0
007/007_15.png,007_forge/007_16.png,0
007/007_15.png,007_forge/007_17.png,0
007/007_15.png,007_forge/007_18.png,0
007/007_15.png,007_forge/007_19.png,0
007/007_15.png,007_forge/007_20.png,0
007/007_16.png,007_forge/007_00.png,0
007/007_16.png,007_forge/007_01.png,0
007/007_16.png,007_forge/007_02.png,0
007/007_16.png,007_forge/007_03.png,0
007/007_16.png,007_forge/007_04.png,0
007/007_16.png,007_forge/007_05.png,0
007/007_16.png,007_forge/007_06.png,0
007/007_16.png,007_forge/007_07.png,0
007/007_16.png,007_forge/007_08.png,0
007/007_16.png,007_forge/007_09.png,0
007/007_16.png,007_forge/007_10.png,0
007/007_16.png,007_forge/007_11.png,0
007/007_16.png,007_forge/007_12.png,0
007/007_16.png,007_forge/007_13.png,0
007/007_16.png,007_forge/007_14.png,0
007/007_16.png,007_forge/007_15.png,0
007/007_16.png,007_forge/007_16.png,0
007/007_16.png,007_forge/007_17.png,0
007/007_16.png,007_forge/007_18.png,0
007/007_16.png,007_forge/007_19.png,0
007/007_16.png,007_forge/007_20.png,0
007/007_17.png,007_forge/007_00.png,0
007/007_17.png,007_forge/007_01.png,0
007/007_17.png,007_forge/007_02.png,0
007/007_17.png,007_forge/007_03.png,0
007/007_17.png,007_forge/007_04.png,0
007/007_17.png,007_forge/007_05.png,0
007/007_17.png,007_forge/007_06.png,0
007/007_17.png,007_forge/007_07.png,0
007/007_17.png,007_forge/007_08.png,0
007/007_17.png,007_forge/007_09.png,0
007/007_17.png,007_forge/007_10.png,0
007/007_17.png,007_forge/007_11.png,0
007/007_17.png,007_forge/007_12.png,0
007/007_17.png,007_forge/007_13.png,0
007/007_17.png,007_forge/007_14.png,0
007/007_17.png,007_forge/007_15.png,0
007/007_17.png,007_forge/007_16.png,0
007/007_17.png,007_forge/007_17.png,0
007/007_17.png,007_forge/007_18.png,0
007/007_17.png,007_forge/007_19.png,0
007/007_17.png,007_forge/007_20.png,0
007/007_18.png,007_forge/007_00.png,0
007/007_18.png,007_forge/007_01.png,0
007/007_18.png,007_forge/007_02.png,0
007/007_18.png,007_forge/007_03.png,0
007/007_18.png,007_forge/007_04.png,0
007/007_18.png,007_forge/007_05.png,0
007/007_18.png,007_forge/007_06.png,0
007/007_18.png,007_forge/007_07.png,0
007/007_18.png,007_forge/007_08.png,0
007/007_18.png,007_forge/007_09.png,0
007/007_18.png,007_forge/007_10.png,0
007/007_18.png,007_forge/007_11.png,0
007/007_18.png,007_forge/007_12.png,0
007/007_18.png,007_forge/007_13.png,0
007/007_18.png,007_forge/007_14.png,0
007/007_18.png,007_forge/007_15.png,0
007/007_18.png,007_forge/007_16.png,0
007/007_18.png,007_forge/007_17.png,0
007/007_18.png,007_forge/007_18.png,0
007/007_18.png,007_forge/007_19.png,0
007/007_18.png,007_forge/007_20.png,0
007/007_19.png,007_forge/007_00.png,0
007/007_19.png,007_forge/007_01.png,0
007/007_19.png,007_forge/007_02.png,0
007/007_19.png,007_forge/007_03.png,0
007/007_19.png,007_forge/007_04.png,0
007/007_19.png,007_forge/007_05.png,0
007/007_19.png,007_forge/007_06.png,0
007/007_19.png,007_forge/007_07.png,0
007/007_19.png,007_forge/007_08.png,0
007/007_19.png,007_forge/007_09.png,0
007/007_19.png,007_forge/007_10.png,0
007/007_19.png,007_forge/007_11.png,0
007/007_19.png,007_forge/007_12.png,0
007/007_19.png,007_forge/007_13.png,0
007/007_19.png,007_forge/007_14.png,0
007/007_19.png,007_forge/007_15.png,0
007/007_19.png,007_forge/007_16.png,0
007/007_19.png,007_forge/007_17.png,0
007/007_19.png,007_forge/007_18.png,0
007/007_19.png,007_forge/007_19.png,0
007/007_19.png,007_forge/007_20.png,0
007/007_20.png,007_forge/007_00.png,0
007/007_20.png,007_forge/007_01.png,0
007/007_20.png,007_forge/007_02.png,0
007/007_20.png,007_forge/007_03.png,0
007/007_20.png,007_forge/007_04.png,0
007/007_20.png,007_forge/007_05.png,0
007/007_20.png,007_forge/007_06.png,0
007/007_20.png,007_forge/007_07.png,0
007/007_20.png,007_forge/007_08.png,0
007/007_20.png,007_forge/007_09.png,0
007/007_20.png,007_forge/007_10.png,0
007/007_20.png,007_forge/007_11.png,0
007/007_20.png,007_forge/007_12.png,0
007/007_20.png,007_forge/007_13.png,0
007/007_20.png,007_forge/007_14.png,0
007/007_20.png,007_forge/007_15.png,0
007/007_20.png,007_forge/007_16.png,0
007/007_20.png,007_forge/007_17.png,0
007/007_20.png,007_forge/007_18.png,0
007/007_20.png,007_forge/007_19.png,0
007/007_20.png,007_forge/007_20.png,0
007/007_00.png,007/007_01.png,1
007/007_00.png,007/007_02.png,1
007/007_00.png,007/007_03.png,1
007/007_00.png,007/007_04.png,1
007/007_00.png,007/007_05.png,1
007/007_00.png,007/007_06.png,1
007/007_00.png,007/007_07.png,1
007/007_00.png,007/007_08.png,1
007/007_00.png,007/007_09.png,1
007/007_00.png,007/007_10.png,1
007/007_00.png,007/007_11.png,1
007/007_00.png,007/007_12.png,1
007/007_00.png,007/007_13.png,1
007/007_00.png,007/007_14.png,1
007/007_00.png,007/007_15.png,1
007/007_00.png,007/007_16.png,1
007/007_00.png,007/007_17.png,1
007/007_00.png,007/007_18.png,1
007/007_00.png,007/007_19.png,1
007/007_00.png,007/007_20.png,1
007/007_01.png,007/007_00.png,1
007/007_01.png,007/007_02.png,1
007/007_01.png,007/007_03.png,1
007/007_01.png,007/007_04.png,1
007/007_01.png,007/007_05.png,1
007/007_01.png,007/007_06.png,1
007/007_01.png,007/007_07.png,1
007/007_01.png,007/007_08.png,1
007/007_01.png,007/007_09.png,1
007/007_01.png,007/007_10.png,1
007/007_01.png,007/007_11.png,1
007/007_01.png,007/007_12.png,1
007/007_01.png,007/007_13.png,1
007/007_01.png,007/007_14.png,1
007/007_01.png,007/007_15.png,1
007/007_01.png,007/007_16.png,1
007/007_01.png,007/007_17.png,1
007/007_01.png,007/007_18.png,1
007/007_01.png,007/007_19.png,1
007/007_01.png,007/007_20.png,1
007/007_02.png,007/007_00.png,1
007/007_02.png,007/007_01.png,1
007/007_02.png,007/007_03.png,1
007/007_02.png,007/007_04.png,1
007/007_02.png,007/007_05.png,1
007/007_02.png,007/007_06.png,1
007/007_02.png,007/007_07.png,1
007/007_02.png,007/007_08.png,1
007/007_02.png,007/007_09.png,1
007/007_02.png,007/007_10.png,1
007/007_02.png,007/007_11.png,1
007/007_02.png,007/007_12.png,1
007/007_02.png,007/007_13.png,1
007/007_02.png,007/007_14.png,1
007/007_02.png,007/007_15.png,1
007/007_02.png,007/007_16.png,1
007/007_02.png,007/007_17.png,1
007/007_02.png,007/007_18.png,1
007/007_02.png,007/007_19.png,1
007/007_02.png,007/007_20.png,1
007/007_03.png,007/007_00.png,1
007/007_03.png,007/007_01.png,1
007/007_03.png,007/007_02.png,1
007/007_03.png,007/007_04.png,1
007/007_03.png,007/007_05.png,1
007/007_03.png,007/007_06.png,1
007/007_03.png,007/007_07.png,1
007/007_03.png,007/007_08.png,1
007/007_03.png,007/007_09.png,1
007/007_03.png,007/007_10.png,1
007/007_03.png,007/007_11.png,1
007/007_03.png,007/007_12.png,1
007/007_03.png,007/007_13.png,1
007/007_03.png,007/007_14.png,1
007/007_03.png,007/007_15.png,1
007/007_03.png,007/007_16.png,1
007/007_03.png,007/007_17.png,1
007/007_03.png,007/007_18.png,1
007/007_03.png,007/007_19.png,1
007/007_03.png,007/007_20.png,1
007/007_04.png,007/007_00.png,1
007/007_04.png,007/007_01.png,1
007/007_04.png,007/007_02.png,1
007/007_04.png,007/007_03.png,1
007/007_04.png,007/007_05.png,1
007/007_04.png,007/007_06.png,1
007/007_04.png,007/007_07.png,1
007/007_04.png,007/007_08.png,1
007/007_04.png,007/007_09.png,1
007/007_04.png,007/007_10.png,1
007/007_04.png,007/007_11.png,1
007/007_04.png,007/007_12.png,1
007/007_04.png,007/007_13.png,1
007/007_04.png,007/007_14.png,1
007/007_04.png,007/007_15.png,1
007/007_04.png,007/007_16.png,1
007/007_04.png,007/007_17.png,1
007/007_04.png,007/007_18.png,1
007/007_04.png,007/007_19.png,1
007/007_04.png,007/007_20.png,1
007/007_05.png,007/007_00.png,1
007/007_05.png,007/007_01.png,1
007/007_05.png,007/007_02.png,1
007/007_05.png,007/007_03.png,1
007/007_05.png,007/007_04.png,1
007/007_05.png,007/007_06.png,1
007/007_05.png,007/007_07.png,1
007/007_05.png,007/007_08.png,1
007/007_05.png,007/007_09.png,1
007/007_05.png,007/007_10.png,1
007/007_05.png,007/007_11.png,1
007/007_05.png,007/007_12.png,1
007/007_05.png,007/007_13.png,1
007/007_05.png,007/007_14.png,1
007/007_05.png,007/007_15.png,1
007/007_05.png,007/007_16.png,1
007/007_05.png,007/007_17.png,1
007/007_05.png,007/007_18.png,1
007/007_05.png,007/007_19.png,1
007/007_05.png,007/007_20.png,1
007/007_06.png,007/007_00.png,1
007/007_06.png,007/007_01.png,1
007/007_06.png,007/007_02.png,1
007/007_06.png,007/007_03.png,1
007/007_06.png,007/007_04.png,1
007/007_06.png,007/007_05.png,1
007/007_06.png,007/007_07.png,1
007/007_06.png,007/007_08.png,1
007/007_06.png,007/007_09.png,1
007/007_06.png,007/007_10.png,1
007/007_06.png,007/007_11.png,1
007/007_06.png,007/007_12.png,1
007/007_06.png,007/007_13.png,1
007/007_06.png,007/007_14.png,1
007/007_06.png,007/007_15.png,1
007/007_06.png,007/007_16.png,1
007/007_06.png,007/007_17.png,1
007/007_06.png,007/007_18.png,1
007/007_06.png,007/007_19.png,1
007/007_06.png,007/007_20.png,1
007/007_07.png,007/007_00.png,1
007/007_07.png,007/007_01.png,1
007/007_07.png,007/007_02.png,1
007/007_07.png,007/007_03.png,1
007/007_07.png,007/007_04.png,1
007/007_07.png,007/007_05.png,1
007/007_07.png,007/007_06.png,1
007/007_07.png,007/007_08.png,1
007/007_07.png,007/007_09.png,1
007/007_07.png,007/007_10.png,1
007/007_07.png,007/007_11.png,1
007/007_07.png,007/007_12.png,1
007/007_07.png,007/007_13.png,1
007/007_07.png,007/007_14.png,1
007/007_07.png,007/007_15.png,1
007/007_07.png,007/007_16.png,1
007/007_07.png,007/007_17.png,1
007/007_07.png,007/007_18.png,1
007/007_07.png,007/007_19.png,1
007/007_07.png,007/007_20.png,1
007/007_08.png,007/007_00.png,1
007/007_08.png,007/007_01.png,1
007/007_08.png,007/007_02.png,1
007/007_08.png,007/007_03.png,1
007/007_08.png,007/007_04.png,1
007/007_08.png,007/007_05.png,1
007/007_08.png,007/007_06.png,1
007/007_08.png,007/007_07.png,1
007/007_08.png,007/007_09.png,1
007/007_08.png,007/007_10.png,1
007/007_08.png,007/007_11.png,1
007/007_08.png,007/007_12.png,1
007/007_08.png,007/007_13.png,1
007/007_08.png,007/007_14.png,1
007/007_08.png,007/007_15.png,1
007/007_08.png,007/007_16.png,1
007/007_08.png,007/007_17.png,1
007/007_08.png,007/007_18.png,1
007/007_08.png,007/007_19.png,1
007/007_08.png,007/007_20.png,1
007/007_09.png,007/007_00.png,1
007/007_09.png,007/007_01.png,1
007/007_09.png,007/007_02.png,1
007/007_09.png,007/007_03.png,1
007/007_09.png,007/007_04.png,1
007/007_09.png,007/007_05.png,1
007/007_09.png,007/007_06.png,1
007/007_09.png,007/007_07.png,1
007/007_09.png,007/007_08.png,1
007/007_09.png,007/007_10.png,1
007/007_09.png,007/007_11.png,1
007/007_09.png,007/007_12.png,1
007/007_09.png,007/007_13.png,1
007/007_09.png,007/007_14.png,1
007/007_09.png,007/007_15.png,1
007/007_09.png,007/007_16.png,1
007/007_09.png,007/007_17.png,1
007/007_09.png,007/007_18.png,1
007/007_09.png,007/007_19.png,1
007/007_09.png,007/007_20.png,1
007/007_10.png,007/007_00.png,1
007/007_10.png,007/007_01.png,1
007/007_10.png,007/007_02.png,1
007/007_10.png,007/007_03.png,1
007/007_10.png,007/007_04.png,1
007/007_10.png,007/007_05.png,1
007/007_10.png,007/007_06.png,1
007/007_10.png,007/007_07.png,1
007/007_10.png,007/007_08.png,1
007/007_10.png,007/007_09.png,1
007/007_10.png,007/007_11.png,1
007/007_10.png,007/007_12.png,1
007/007_10.png,007/007_13.png,1
007/007_10.png,007/007_14.png,1
007/007_10.png,007/007_15.png,1
007/007_10.png,007/007_16.png,1
007/007_10.png,007/007_17.png,1
007/007_10.png,007/007_18.png,1
007/007_10.png,007/007_19.png,1
007/007_10.png,007/007_20.png,1
007/007_11.png,007/007_00.png,1
007/007_11.png,007/007_01.png,1
007/007_11.png,007/007_02.png,1
007/007_11.png,007/007_03.png,1
007/007_11.png,007/007_04.png,1
007/007_11.png,007/007_05.png,1
007/007_11.png,007/007_06.png,1
007/007_11.png,007/007_07.png,1
007/007_11.png,007/007_08.png,1
007/007_11.png,007/007_09.png,1
007/007_11.png,007/007_10.png,1
007/007_11.png,007/007_12.png,1
007/007_11.png,007/007_13.png,1
007/007_11.png,007/007_14.png,1
007/007_11.png,007/007_15.png,1
007/007_11.png,007/007_16.png,1
007/007_11.png,007/007_17.png,1
007/007_11.png,007/007_18.png,1
007/007_11.png,007/007_19.png,1
007/007_11.png,007/007_20.png,1
007/007_12.png,007/007_00.png,1
007/007_12.png,007/007_01.png,1
007/007_12.png,007/007_02.png,1
007/007_12.png,007/007_03.png,1
007/007_12.png,007/007_04.png,1
007/007_12.png,007/007_05.png,1
007/007_12.png,007/007_06.png,1
007/007_12.png,007/007_07.png,1
007/007_12.png,007/007_08.png,1
007/007_12.png,007/007_09.png,1
007/007_12.png,007/007_10.png,1
007/007_12.png,007/007_11.png,1
007/007_12.png,007/007_13.png,1
007/007_12.png,007/007_14.png,1
007/007_12.png,007/007_15.png,1
007/007_12.png,007/007_16.png,1
007/007_12.png,007/007_17.png,1
007/007_12.png,007/007_18.png,1
007/007_12.png,007/007_19.png,1
007/007_12.png,007/007_20.png,1
007/007_13.png,007/007_00.png,1
007/007_13.png,007/007_01.png,1
007/007_13.png,007/007_02.png,1
007/007_13.png,007/007_03.png,1
007/007_13.png,007/007_04.png,1
007/007_13.png,007/007_05.png,1
007/007_13.png,007/007_06.png,1
007/007_13.png,007/007_07.png,1
007/007_13.png,007/007_08.png,1
007/007_13.png,007/007_09.png,1
007/007_13.png,007/007_10.png,1
007/007_13.png,007/007_11.png,1
007/007_13.png,007/007_12.png,1
007/007_13.png,007/007_14.png,1
007/007_13.png,007/007_15.png,1
007/007_13.png,007/007_16.png,1
007/007_13.png,007/007_17.png,1
007/007_13.png,007/007_18.png,1
007/007_13.png,007/007_19.png,1
007/007_13.png,007/007_20.png,1
007/007_14.png,007/007_00.png,1
007/007_14.png,007/007_01.png,1
007/007_14.png,007/007_02.png,1
007/007_14.png,007/007_03.png,1
007/007_14.png,007/007_04.png,1
007/007_14.png,007/007_05.png,1
007/007_14.png,007/007_06.png,1
007/007_14.png,007/007_07.png,1
007/007_14.png,007/007_08.png,1
007/007_14.png,007/007_09.png,1
007/007_14.png,007/007_10.png,1
007/007_14.png,007/007_11.png,1
007/007_14.png,007/007_12.png,1
007/007_14.png,007/007_13.png,1
007/007_14.png,007/007_15.png,1
007/007_14.png,007/007_16.png,1
007/007_14.png,007/007_17.png,1
007/007_14.png,007/007_18.png,1
007/007_14.png,007/007_19.png,1
007/007_14.png,007/007_20.png,1
007/007_15.png,007/007_00.png,1
007/007_15.png,007/007_01.png,1
007/007_15.png,007/007_02.png,1
007/007_15.png,007/007_03.png,1
007/007_15.png,007/007_04.png,1
007/007_15.png,007/007_05.png,1
007/007_15.png,007/007_06.png,1
007/007_15.png,007/007_07.png,1
007/007_15.png,007/007_08.png,1
007/007_15.png,007/007_09.png,1
007/007_15.png,007/007_10.png,1
007/007_15.png,007/007_11.png,1
007/007_15.png,007/007_12.png,1
007/007_15.png,007/007_13.png,1
007/007_15.png,007/007_14.png,1
007/007_15.png,007/007_16.png,1
007/007_15.png,007/007_17.png,1
007/007_15.png,007/007_18.png,1
007/007_15.png,007/007_19.png,1
007/007_15.png,007/007_20.png,1
007/007_16.png,007/007_00.png,1
007/007_16.png,007/007_01.png,1
007/007_16.png,007/007_02.png,1
007/007_16.png,007/007_03.png,1
007/007_16.png,007/007_04.png,1
007/007_16.png,007/007_05.png,1
007/007_16.png,007/007_06.png,1
007/007_16.png,007/007_07.png,1
007/007_16.png,007/007_08.png,1
007/007_16.png,007/007_09.png,1
007/007_16.png,007/007_10.png,1
007/007_16.png,007/007_11.png,1
007/007_16.png,007/007_12.png,1
007/007_16.png,007/007_13.png,1
007/007_16.png,007/007_14.png,1
007/007_16.png,007/007_15.png,1
007/007_16.png,007/007_17.png,1
007/007_16.png,007/007_18.png,1
007/007_16.png,007/007_19.png,1
007/007_16.png,007/007_20.png,1
007/007_17.png,007/007_00.png,1
007/007_17.png,007/007_01.png,1
007/007_17.png,007/007_02.png,1
007/007_17.png,007/007_03.png,1
007/007_17.png,007/007_04.png,1
007/007_17.png,007/007_05.png,1
007/007_17.png,007/007_06.png,1
007/007_17.png,007/007_07.png,1
007/007_17.png,007/007_08.png,1
007/007_17.png,007/007_09.png,1
007/007_17.png,007/007_10.png,1
007/007_17.png,007/007_11.png,1
007/007_17.png,007/007_12.png,1
007/007_17.png,007/007_13.png,1
007/007_17.png,007/007_14.png,1
007/007_17.png,007/007_15.png,1
007/007_17.png,007/007_16.png,1
007/007_17.png,007/007_18.png,1
007/007_17.png,007/007_19.png,1
007/007_17.png,007/007_20.png,1
007/007_18.png,007/007_00.png,1
007/007_18.png,007/007_01.png,1
007/007_18.png,007/007_02.png,1
007/007_18.png,007/007_03.png,1
007/007_18.png,007/007_04.png,1
007/007_18.png,007/007_05.png,1
007/007_18.png,007/007_06.png,1
007/007_18.png,007/007_07.png,1
007/007_18.png,007/007_08.png,1
007/007_18.png,007/007_09.png,1
007/007_18.png,007/007_10.png,1
007/007_18.png,007/007_11.png,1
007/007_18.png,007/007_12.png,1
007/007_18.png,007/007_13.png,1
007/007_18.png,007/007_14.png,1
007/007_18.png,007/007_15.png,1
007/007_18.png,007/007_16.png,1
007/007_18.png,007/007_17.png,1
007/007_18.png,007/007_19.png,1
007/007_18.png,007/007_20.png,1
007/007_19.png,007/007_00.png,1
007/007_19.png,007/007_01.png,1
007/007_19.png,007/007_02.png,1
007/007_19.png,007/007_03.png,1
007/007_19.png,007/007_04.png,1
007/007_19.png,007/007_05.png,1
007/007_19.png,007/007_06.png,1
007/007_19.png,007/007_07.png,1
007/007_19.png,007/007_08.png,1
007/007_19.png,007/007_09.png,1
007/007_19.png,007/007_10.png,1
007/007_19.png,007/007_11.png,1
007/007_19.png,007/007_12.png,1
007/007_19.png,007/007_13.png,1
007/007_19.png,007/007_14.png,1
007/007_19.png,007/007_15.png,1
007/007_19.png,007/007_16.png,1
007/007_19.png,007/007_17.png,1
007/007_19.png,007/007_18.png,1
007/007_19.png,007/007_20.png,1
007/007_20.png,007/007_00.png,1
007/007_20.png,007/007_01.png,1
007/007_20.png,007/007_02.png,1
007/007_20.png,007/007_03.png,1
007/007_20.png,007/007_04.png,1
007/007_20.png,007/007_05.png,1
007/007_20.png,007/007_06.png,1
007/007_20.png,007/007_07.png,1
007/007_20.png,007/007_08.png,1
007/007_20.png,007/007_09.png,1
007/007_20.png,007/007_10.png,1
007/007_20.png,007/007_11.png,1
007/007_20.png,007/007_12.png,1
007/007_20.png,007/007_13.png,1
007/007_20.png,007/007_14.png,1
007/007_20.png,007/007_15.png,1
007/007_20.png,007/007_16.png,1
007/007_20.png,007/007_17.png,1
007/007_20.png,007/007_18.png,1
007/007_20.png,007/007_19.png,1
007/007_00.png,007_forge/007_00.png,0
007/007_00.png,007_forge/007_01.png,0
007/007_00.png,007_forge/007_02.png,0
007/007_00.png,007_forge/007_03.png,0
007/007_00.png,007_forge/007_04.png,0
007/007_00.png,007_forge/007_05.png,0
007/007_00.png,007_forge/007_06.png,0
007/007_00.png,007_forge/007_07.png,0
007/007_00.png,007_forge/007_08.png,0
007/007_00.png,007_forge/007_09.png,0
007/007_00.png,007_forge/007_10.png,0
007/007_00.png,007_forge/007_11.png,0
007/007_00.png,007_forge/007_12.png,0
007/007_00.png,007_forge/007_13.png,0
007/007_00.png,007_forge/007_14.png,0
007/007_00.png,007_forge/007_15.png,0
007/007_00.png,007_forge/007_16.png,0
007/007_00.png,007_forge/007_17.png,0
007/007_00.png,007_forge/007_18.png,0
007/007_00.png,007_forge/007_19.png,0
007/007_00.png,007_forge/007_20.png,0
007/007_01.png,007_forge/007_00.png,0
007/007_01.png,007_forge/007_01.png,0
007/007_01.png,007_forge/007_02.png,0
007/007_01.png,007_forge/007_03.png,0
007/007_01.png,007_forge/007_04.png,0
007/007_01.png,007_forge/007_05.png,0
007/007_01.png,007_forge/007_06.png,0
007/007_01.png,007_forge/007_07.png,0
007/007_01.png,007_forge/007_08.png,0
007/007_01.png,007_forge/007_09.png,0
007/007_01.png,007_forge/007_10.png,0
007/007_01.png,007_forge/007_11.png,0
007/007_01.png,007_forge/007_12.png,0
007/007_01.png,007_forge/007_13.png,0
007/007_01.png,007_forge/007_14.png,0
007/007_01.png,007_forge/007_15.png,0
007/007_01.png,007_forge/007_16.png,0
007/007_01.png,007_forge/007_17.png,0
007/007_01.png,007_forge/007_18.png,0
007/007_01.png,007_forge/007_19.png,0
007/007_01.png,007_forge/007_20.png,0
007/007_02.png,007_forge/007_00.png,0
007/007_02.png,007_forge/007_01.png,0
007/007_02.png,007_forge/007_02.png,0
007/007_02.png,007_forge/007_03.png,0
007/007_02.png,007_forge/007_04.png,0
007/007_02.png,007_forge/007_05.png,0
007/007_02.png,007_forge/007_06.png,0
007/007_02.png,007_forge/007_07.png,0
007/007_02.png,007_forge/007_08.png,0
007/007_02.png,007_forge/007_09.png,0
007/007_02.png,007_forge/007_10.png,0
007/007_02.png,007_forge/007_11.png,0
007/007_02.png,007_forge/007_12.png,0
007/007_02.png,007_forge/007_13.png,0
007/007_02.png,007_forge/007_14.png,0
007/007_02.png,007_forge/007_15.png,0
007/007_02.png,007_forge/007_16.png,0
007/007_02.png,007_forge/007_17.png,0
007/007_02.png,007_forge/007_18.png,0
007/007_02.png,007_forge/007_19.png,0
007/007_02.png,007_forge/007_20.png,0
007/007_03.png,007_forge/007_00.png,0
007/007_03.png,007_forge/007_01.png,0
007/007_03.png,007_forge/007_02.png,0
007/007_03.png,007_forge/007_03.png,0
007/007_03.png,007_forge/007_04.png,0
007/007_03.png,007_forge/007_05.png,0
007/007_03.png,007_forge/007_06.png,0
007/007_03.png,007_forge/007_07.png,0
007/007_03.png,007_forge/007_08.png,0
007/007_03.png,007_forge/007_09.png,0
007/007_03.png,007_forge/007_10.png,0
007/007_03.png,007_forge/007_11.png,0
007/007_03.png,007_forge/007_12.png,0
007/007_03.png,007_forge/007_13.png,0
007/007_03.png,007_forge/007_14.png,0
007/007_03.png,007_forge/007_15.png,0
007/007_03.png,007_forge/007_16.png,0
007/007_03.png,007_forge/007_17.png,0
007/007_03.png,007_forge/007_18.png,0
007/007_03.png,007_forge/007_19.png,0
007/007_03.png,007_forge/007_20.png,0
007/007_04.png,007_forge/007_00.png,0
007/007_04.png,007_forge/007_01.png,0
007/007_04.png,007_forge/007_02.png,0
007/007_04.png,007_forge/007_03.png,0
007/007_04.png,007_forge/007_04.png,0
007/007_04.png,007_forge/007_05.png,0
007/007_04.png,007_forge/007_06.png,0
007/007_04.png,007_forge/007_07.png,0
007/007_04.png,007_forge/007_08.png,0
007/007_04.png,007_forge/007_09.png,0
007/007_04.png,007_forge/007_10.png,0
007/007_04.png,007_forge/007_11.png,0
007/007_04.png,007_forge/007_12.png,0
007/007_04.png,007_forge/007_13.png,0
007/007_04.png,007_forge/007_14.png,0
007/007_04.png,007_forge/007_15.png,0
007/007_04.png,007_forge/007_16.png,0
007/007_04.png,007_forge/007_17.png,0
007/007_04.png,007_forge/007_18.png,0
007/007_04.png,007_forge/007_19.png,0
007/007_04.png,007_forge/007_20.png,0
007/007_05.png,007_forge/007_00.png,0
007/007_05.png,007_forge/007_01.png,0
007/007_05.png,007_forge/007_02.png,0
007/007_05.png,007_forge/007_03.png,0
007/007_05.png,007_forge/007_04.png,0
007/007_05.png,007_forge/007_05.png,0
007/007_05.png,007_forge/007_06.png,0
007/007_05.png,007_forge/007_07.png,0
007/007_05.png,007_forge/007_08.png,0
007/007_05.png,007_forge/007_09.png,0
007/007_05.png,007_forge/007_10.png,0
007/007_05.png,007_forge/007_11.png,0
007/007_05.png,007_forge/007_12.png,0
007/007_05.png,007_forge/007_13.png,0
007/007_05.png,007_forge/007_14.png,0
007/007_05.png,007_forge/007_15.png,0
007/007_05.png,007_forge/007_16.png,0
007/007_05.png,007_forge/007_17.png,0
007/007_05.png,007_forge/007_18.png,0
007/007_05.png,007_forge/007_19.png,0
007/007_05.png,007_forge/007_20.png,0
007/007_06.png,007_forge/007_00.png,0
007/007_06.png,007_forge/007_01.png,0
007/007_06.png,007_forge/007_02.png,0
007/007_06.png,007_forge/007_03.png,0
007/007_06.png,007_forge/007_04.png,0
007/007_06.png,007_forge/007_05.png,0
007/007_06.png,007_forge/007_06.png,0
007/007_06.png,007_forge/007_07.png,0
007/007_06.png,007_forge/007_08.png,0
007/007_06.png,007_forge/007_09.png,0
007/007_06.png,007_forge/007_10.png,0
007/007_06.png,007_forge/007_11.png,0
007/007_06.png,007_forge/007_12.png,0
007/007_06.png,007_forge/007_13.png,0
007/007_06.png,007_forge/007_14.png,0
007/007_06.png,007_forge/007_15.png,0
007/007_06.png,007_forge/007_16.png,0
007/007_06.png,007_forge/007_17.png,0
007/007_06.png,007_forge/007_18.png,0
007/007_06.png,007_forge/007_19.png,0
007/007_06.png,007_forge/007_20.png,0
007/007_07.png,007_forge/007_00.png,0
007/007_07.png,007_forge/007_01.png,0
007/007_07.png,007_forge/007_02.png,0
007/007_07.png,007_forge/007_03.png,0
007/007_07.png,007_forge/007_04.png,0
007/007_07.png,007_forge/007_05.png,0
007/007_07.png,007_forge/007_06.png,0
007/007_07.png,007_forge/007_07.png,0
007/007_07.png,007_forge/007_08.png,0
007/007_07.png,007_forge/007_09.png,0
007/007_07.png,007_forge/007_10.png,0
007/007_07.png,007_forge/007_11.png,0
007/007_07.png,007_forge/007_12.png,0
007/007_07.png,007_forge/007_13.png,0
007/007_07.png,007_forge/007_14.png,0
007/007_07.png,007_forge/007_15.png,0
007/007_07.png,007_forge/007_16.png,0
007/007_07.png,007_forge/007_17.png,0
007/007_07.png,007_forge/007_18.png,0
007/007_07.png,007_forge/007_19.png,0
007/007_07.png,007_forge/007_20.png,0
007/007_08.png,007_forge/007_00.png,0
007/007_08.png,007_forge/007_01.png,0
007/007_08.png,007_forge/007_02.png,0
007/007_08.png,007_forge/007_03.png,0
007/007_08.png,007_forge/007_04.png,0
007/007_08.png,007_forge/007_05.png,0
007/007_08.png,007_forge/007_06.png,0
007/007_08.png,007_forge/007_07.png,0
007/007_08.png,007_forge/007_08.png,0
007/007_08.png,007_forge/007_09.png,0
007/007_08.png,007_forge/007_10.png,0
007/007_08.png,007_forge/007_11.png,0
007/007_08.png,007_forge/007_12.png,0
007/007_08.png,007_forge/007_13.png,0
007/007_08.png,007_forge/007_14.png,0
007/007_08.png,007_forge/007_15.png,0
007/007_08.png,007_forge/007_16.png,0
007/007_08.png,007_forge/007_17.png,0
007/007_08.png,007_forge/007_18.png,0
007/007_08.png,007_forge/007_19.png,0
007/007_08.png,007_forge/007_20.png,0
007/007_09.png,007_forge/007_00.png,0
007/007_09.png,007_forge/007_01.png,0
007/007_09.png,007_forge/007_02.png,0
007/007_09.png,007_forge/007_03.png,0
007/007_09.png,007_forge/007_04.png,0
007/007_09.png,007_forge/007_05.png,0
007/007_09.png,007_forge/007_06.png,0
007/007_09.png,007_forge/007_07.png,0
007/007_09.png,007_forge/007_08.png,0
007/007_09.png,007_forge/007_09.png,0
007/007_09.png,007_forge/007_10.png,0
007/007_09.png,007_forge/007_11.png,0
007/007_09.png,007_forge/007_12.png,0
007/007_09.png,007_forge/007_13.png,0
007/007_09.png,007_forge/007_14.png,0
007/007_09.png,007_forge/007_15.png,0
007/007_09.png,007_forge/007_16.png,0
007/007_09.png,007_forge/007_17.png,0
007/007_09.png,007_forge/007_18.png,0
007/007_09.png,007_forge/007_19.png,0
007/007_09.png,007_forge/007_20.png,0
007/007_10.png,007_forge/007_00.png,0
007/007_10.png,007_forge/007_01.png,0
007/007_10.png,007_forge/007_02.png,0
007/007_10.png,007_forge/007_03.png,0
007/007_10.png,007_forge/007_04.png,0
007/007_10.png,007_forge/007_05.png,0
007/007_10.png,007_forge/007_06.png,0
007/007_10.png,007_forge/007_07.png,0
007/007_10.png,007_forge/007_08.png,0
007/007_10.png,007_forge/007_09.png,0
007/007_10.png,007_forge/007_10.png,0
007/007_10.png,007_forge/007_11.png,0
007/007_10.png,007_forge/007_12.png,0
007/007_10.png,007_forge/007_13.png,0
007/007_10.png,007_forge/007_14.png,0
007/007_10.png,007_forge/007_15.png,0
007/007_10.png,007_forge/007_16.png,0
007/007_10.png,007_forge/007_17.png,0
007/007_10.png,007_forge/007_18.png,0
007/007_10.png,007_forge/007_19.png,0
007/007_10.png,007_forge/007_20.png,0
007/007_11.png,007_forge/007_00.png,0
007/007_11.png,007_forge/007_01.png,0
007/007_11.png,007_forge/007_02.png,0
007/007_11.png,007_forge/007_03.png,0
007/007_11.png,007_forge/007_04.png,0
007/007_11.png,007_forge/007_05.png,0
007/007_11.png,007_forge/007_06.png,0
007/007_11.png,007_forge/007_07.png,0
007/007_11.png,007_forge/007_08.png,0
007/007_11.png,007_forge/007_09.png,0
007/007_11.png,007_forge/007_10.png,0
007/007_11.png,007_forge/007_11.png,0
007/007_11.png,007_forge/007_12.png,0
007/007_11.png,007_forge/007_13.png,0
007/007_11.png,007_forge/007_14.png,0
007/007_11.png,007_forge/007_15.png,0
007/007_11.png,007_forge/007_16.png,0
007/007_11.png,007_forge/007_17.png,0
007/007_11.png,007_forge/007_18.png,0
007/007_11.png,007_forge/007_19.png,0
007/007_11.png,007_forge/007_20.png,0
007/007_12.png,007_forge/007_00.png,0
007/007_12.png,007_forge/007_01.png,0
007/007_12.png,007_forge/007_02.png,0
007/007_12.png,007_forge/007_03.png,0
007/007_12.png,007_forge/007_04.png,0
007/007_12.png,007_forge/007_05.png,0
007/007_12.png,007_forge/007_06.png,0
007/007_12.png,007_forge/007_07.png,0
007/007_12.png,007_forge/007_08.png,0
007/007_12.png,007_forge/007_09.png,0
007/007_12.png,007_forge/007_10.png,0
007/007_12.png,007_forge/007_11.png,0
007/007_12.png,007_forge/007_12.png,0
007/007_12.png,007_forge/007_13.png,0
007/007_12.png,007_forge/007_14.png,0
007/007_12.png,007_forge/007_15.png,0
007/007_12.png,007_forge/007_16.png,0
007/007_12.png,007_forge/007_17.png,0
007/007_12.png,007_forge/007_18.png,0
007/007_12.png,007_forge/007_19.png,0
007/007_12.png,007_forge/007_20.png,0
007/007_13.png,007_forge/007_00.png,0
007/007_13.png,007_forge/007_01.png,0
007/007_13.png,007_forge/007_02.png,0
007/007_13.png,007_forge/007_03.png,0
007/007_13.png,007_forge/007_04.png,0
007/007_13.png,007_forge/007_05.png,0
007/007_13.png,007_forge/007_06.png,0
007/007_13.png,007_forge/007_07.png,0
007/007_13.png,007_forge/007_08.png,0
007/007_13.png,007_forge/007_09.png,0
007/007_13.png,007_forge/007_10.png,0
007/007_13.png,007_forge/007_11.png,0
007/007_13.png,007_forge/007_12.png,0
007/007_13.png,007_forge/007_13.png,0
007/007_13.png,007_forge/007_14.png,0
007/007_13.png,007_forge/007_15.png,0
007/007_13.png,007_forge/007_16.png,0
007/007_13.png,007_forge/007_17.png,0
007/007_13.png,007_forge/007_18.png,0
007/007_13.png,007_forge/007_19.png,0
007/007_13.png,007_forge/007_20.png,0
007/007_14.png,007_forge/007_00.png,0
007/007_14.png,007_forge/007_01.png,0
007/007_14.png,007_forge/007_02.png,0
007/007_14.png,007_forge/007_03.png,0
007/007_14.png,007_forge/007_04.png,0
007/007_14.png,007_forge/007_05.png,0
007/007_14.png,007_forge/007_06.png,0
007/007_14.png,007_forge/007_07.png,0
007/007_14.png,007_forge/007_08.png,0
007/007_14.png,007_forge/007_09.png,0
007/007_14.png,007_forge/007_10.png,0
007/007_14.png,007_forge/007_11.png,0
007/007_14.png,007_forge/007_12.png,0
007/007_14.png,007_forge/007_13.png,0
007/007_14.png,007_forge/007_14.png,0
007/007_14.png,007_forge/007_15.png,0
007/007_14.png,007_forge/007_16.png,0
007/007_14.png,007_forge/007_17.png,0
007/007_14.png,007_forge/007_18.png,0
007/007_14.png,007_forge/007_19.png,0
007/007_14.png,007_forge/007_20.png,0
007/007_15.png,007_forge/007_00.png,0
007/007_15.png,007_forge/007_01.png,0
007/007_15.png,007_forge/007_02.png,0
007/007_15.png,007_forge/007_03.png,0
007/007_15.png,007_forge/007_04.png,0
007/007_15.png,007_forge/007_05.png,0
007/007_15.png,007_forge/007_06.png,0
007/007_15.png,007_forge/007_07.png,0
007/007_15.png,007_forge/007_08.png,0
007/007_15.png,007_forge/007_09.png,0
007/007_15.png,007_forge/007_10.png,0
007/007_15.png,007_forge/007_11.png,0
007/007_15.png,007_forge/007_12.png,0
007/007_15.png,007_forge/007_13.png,0
007/007_15.png,007_forge/007_14.png,0
007/007_15.png,007_forge/007_15.png,0
007/007_15.png,007_forge/007_16.png,0
007/007_15.png,007_forge/007_17.png,0
007/007_15.png,007_forge/007_18.png,0
007/007_15.png,007_forge/007_19.png,0
007/007_15.png,007_forge/007_20.png,0
007/007_16.png,007_forge/007_00.png,0
007/007_16.png,007_forge/007_01.png,0
007/007_16.png,007_forge/007_02.png,0
007/007_16.png,007_forge/007_03.png,0
007/007_16.png,007_forge/007_04.png,0
007/007_16.png,007_forge/007_05.png,0
007/007_16.png,007_forge/007_06.png,0
007/007_16.png,007_forge/007_07.png,0
007/007_16.png,007_forge/007_08.png,0
007/007_16.png,007_forge/007_09.png,0
007/007_16.png,007_forge/007_10.png,0
007/007_16.png,007_forge/007_11.png,0
007/007_16.png,007_forge/007_12.png,0
007/007_16.png,007_forge/007_13.png,0
007/007_16.png,007_forge/007_14.png,0
007/007_16.png,007_forge/007_15.png,0
007/007_16.png,007_forge/007_16.png,0
007/007_16.png,007_forge/007_17.png,0
007/007_16.png,007_forge/007_18.png,0
007/007_16.png,007_forge/007_19.png,0
007/007_16.png,007_forge/007_20.png,0
007/007_17.png,007_forge/007_00.png,0
007/007_17.png,007_forge/007_01.png,0
007/007_17.png,007_forge/007_02.png,0
007/007_17.png,007_forge/007_03.png,0
007/007_17.png,007_forge/007_04.png,0
007/007_17.png,007_forge/007_05.png,0
007/007_17.png,007_forge/007_06.png,0
007/007_17.png,007_forge/007_07.png,0
007/007_17.png,007_forge/007_08.png,0
007/007_17.png,007_forge/007_09.png,0
007/007_17.png,007_forge/007_10.png,0
007/007_17.png,007_forge/007_11.png,0
007/007_17.png,007_forge/007_12.png,0
007/007_17.png,007_forge/007_13.png,0
007/007_17.png,007_forge/007_14.png,0
007/007_17.png,007_forge/007_15.png,0
007/007_17.png,007_forge/007_16.png,0
007/007_17.png,007_forge/007_17.png,0
007/007_17.png,007_forge/007_18.png,0
007/007_17.png,007_forge/007_19.png,0
007/007_17.png,007_forge/007_20.png,0
007/007_18.png,007_forge/007_00.png,0
007/007_18.png,007_forge/007_01.png,0
007/007_18.png,007_forge/007_02.png,0
007/007_18.png,007_forge/007_03.png,0
007/007_18.png,007_forge/007_04.png,0
007/007_18.png,007_forge/007_05.png,0
007/007_18.png,007_forge/007_06.png,0
007/007_18.png,007_forge/007_07.png,0
007/007_18.png,007_forge/007_08.png,0
007/007_18.png,007_forge/007_09.png,0
007/007_18.png,007_forge/007_10.png,0
007/007_18.png,007_forge/007_11.png,0
007/007_18.png,007_forge/007_12.png,0
007/007_18.png,007_forge/007_13.png,0
007/007_18.png,007_forge/007_14.png,0
007/007_18.png,007_forge/007_15.png,0
007/007_18.png,007_forge/007_16.png,0
007/007_18.png,007_forge/007_17.png,0
007/007_18.png,007_forge/007_18.png,0
007/007_18.png,007_forge/007_19.png,0
007/007_18.png,007_forge/007_20.png,0
007/007_19.png,007_forge/007_00.png,0
007/007_19.png,007_forge/007_01.png,0
007/007_19.png,007_forge/007_02.png,0
007/007_19.png,007_forge/007_03.png,0
007/007_19.png,007_forge/007_04.png,0
007/007_19.png,007_forge/007_05.png,0
007/007_19.png,007_forge/007_06.png,0
007/007_19.png,007_forge/007_07.png,0
007/007_19.png,007_forge/007_08.png,0
007/007_19.png,007_forge/007_09.png,0
007/007_19.png,007_forge/007_10.png,0
007/007_19.png,007_forge/007_11.png,0
007/007_19.png,007_forge/007_12.png,0
007/007_19.png,007_forge/007_13.png,0
007/007_19.png,007_forge/007_14.png,0
007/007_19.png,007_forge/007_15.png,0
007/007_19.png,007_forge/007_16.png,0
007/007_19.png,007_forge/007_17.png,0
007/007_19.png,007_forge/007_18.png,0
007/007_19.png,007_forge/007_19.png,0
007/007_19.png,007_forge/007_20.png,0
007/007_20.png,007_forge/007_00.png,0
007/007_20.png,007_forge/007_01.png,0
007/007_20.png,007_forge/007_02.png,0
007/007_20.png,007_forge/007_03.png,0
007/007_20.png,007_forge/007_04.png,0
007/007_20.png,007_forge/007_05.png,0
007/007_20.png,007_forge/007_06.png,0
007/007_20.png,007_forge/007_07.png,0
007/007_20.png,007_forge/007_08.png,0
007/007_20.png,007_forge/007_09.png,0
007/007_20.png,007_forge/007_10.png,0
007/007_20.png,007_forge/007_11.png,0
007/007_20.png,007_forge/007_12.png,0
007/007_20.png,007_forge/007_13.png,0
007/007_20.png,007_forge/007_14.png,0
007/007_20.png,007_forge/007_15.png,0
007/007_20.png,007_forge/007_16.png,0
007/007_20.png,007_forge/007_17.png,0
007/007_20.png,007_forge/007_18.png,0
007/007_20.png,007_forge/007_19.png,0
007/007_20.png,007_forge/007_20.png,0
008/008_00.png,008/008_01.png,1
008/008_00.png,008/008_02.png,1
008/008_00.png,008/008_03.png,1
008/008_00.png,008/008_04.png,1
008/008_00.png,008/008_05.png,1
008/008_00.png,008/008_06.png,1
008/008_00.png,008/008_07.png,1
008/008_00.png,008/008_08.png,1
008/008_00.png,008/008_09.png,1
008/008_00.png,008/008_10.png,1
008/008_00.png,008/008_11.png,1
008/008_00.png,008/008_12.png,1
008/008_00.png,008/008_13.png,1
008/008_00.png,008/008_14.png,1
008/008_00.png,008/008_15.png,1
008/008_00.png,008/008_16.png,1
008/008_00.png,008/008_17.png,1
008/008_00.png,008/008_18.png,1
008/008_00.png,008/008_19.png,1
008/008_00.png,008/008_20.png,1
008/008_01.png,008/008_00.png,1
008/008_01.png,008/008_02.png,1
008/008_01.png,008/008_03.png,1
008/008_01.png,008/008_04.png,1
008/008_01.png,008/008_05.png,1
008/008_01.png,008/008_06.png,1
008/008_01.png,008/008_07.png,1
008/008_01.png,008/008_08.png,1
008/008_01.png,008/008_09.png,1
008/008_01.png,008/008_10.png,1
008/008_01.png,008/008_11.png,1
008/008_01.png,008/008_12.png,1
008/008_01.png,008/008_13.png,1
008/008_01.png,008/008_14.png,1
008/008_01.png,008/008_15.png,1
008/008_01.png,008/008_16.png,1
008/008_01.png,008/008_17.png,1
008/008_01.png,008/008_18.png,1
008/008_01.png,008/008_19.png,1
008/008_01.png,008/008_20.png,1
008/008_02.png,008/008_00.png,1
008/008_02.png,008/008_01.png,1
008/008_02.png,008/008_03.png,1
008/008_02.png,008/008_04.png,1
008/008_02.png,008/008_05.png,1
008/008_02.png,008/008_06.png,1
008/008_02.png,008/008_07.png,1
008/008_02.png,008/008_08.png,1
008/008_02.png,008/008_09.png,1
008/008_02.png,008/008_10.png,1
008/008_02.png,008/008_11.png,1
008/008_02.png,008/008_12.png,1
008/008_02.png,008/008_13.png,1
008/008_02.png,008/008_14.png,1
008/008_02.png,008/008_15.png,1
008/008_02.png,008/008_16.png,1
008/008_02.png,008/008_17.png,1
008/008_02.png,008/008_18.png,1
008/008_02.png,008/008_19.png,1
008/008_02.png,008/008_20.png,1
008/008_03.png,008/008_00.png,1
008/008_03.png,008/008_01.png,1
008/008_03.png,008/008_02.png,1
008/008_03.png,008/008_04.png,1
008/008_03.png,008/008_05.png,1
008/008_03.png,008/008_06.png,1
008/008_03.png,008/008_07.png,1
008/008_03.png,008/008_08.png,1
008/008_03.png,008/008_09.png,1
008/008_03.png,008/008_10.png,1
008/008_03.png,008/008_11.png,1
008/008_03.png,008/008_12.png,1
008/008_03.png,008/008_13.png,1
008/008_03.png,008/008_14.png,1
008/008_03.png,008/008_15.png,1
008/008_03.png,008/008_16.png,1
008/008_03.png,008/008_17.png,1
008/008_03.png,008/008_18.png,1
008/008_03.png,008/008_19.png,1
008/008_03.png,008/008_20.png,1
008/008_04.png,008/008_00.png,1
008/008_04.png,008/008_01.png,1
008/008_04.png,008/008_02.png,1
008/008_04.png,008/008_03.png,1
008/008_04.png,008/008_05.png,1
008/008_04.png,008/008_06.png,1
008/008_04.png,008/008_07.png,1
008/008_04.png,008/008_08.png,1
008/008_04.png,008/008_09.png,1
008/008_04.png,008/008_10.png,1
008/008_04.png,008/008_11.png,1
008/008_04.png,008/008_12.png,1
008/008_04.png,008/008_13.png,1
008/008_04.png,008/008_14.png,1
008/008_04.png,008/008_15.png,1
008/008_04.png,008/008_16.png,1
008/008_04.png,008/008_17.png,1
008/008_04.png,008/008_18.png,1
008/008_04.png,008/008_19.png,1
008/008_04.png,008/008_20.png,1
008/008_05.png,008/008_00.png,1
008/008_05.png,008/008_01.png,1
008/008_05.png,008/008_02.png,1
008/008_05.png,008/008_03.png,1
008/008_05.png,008/008_04.png,1
008/008_05.png,008/008_06.png,1
008/008_05.png,008/008_07.png,1
008/008_05.png,008/008_08.png,1
008/008_05.png,008/008_09.png,1
008/008_05.png,008/008_10.png,1
008/008_05.png,008/008_11.png,1
008/008_05.png,008/008_12.png,1
008/008_05.png,008/008_13.png,1
008/008_05.png,008/008_14.png,1
008/008_05.png,008/008_15.png,1
008/008_05.png,008/008_16.png,1
008/008_05.png,008/008_17.png,1
008/008_05.png,008/008_18.png,1
008/008_05.png,008/008_19.png,1
008/008_05.png,008/008_20.png,1
008/008_06.png,008/008_00.png,1
008/008_06.png,008/008_01.png,1
008/008_06.png,008/008_02.png,1
008/008_06.png,008/008_03.png,1
008/008_06.png,008/008_04.png,1
008/008_06.png,008/008_05.png,1
008/008_06.png,008/008_07.png,1
008/008_06.png,008/008_08.png,1
008/008_06.png,008/008_09.png,1
008/008_06.png,008/008_10.png,1
008/008_06.png,008/008_11.png,1
008/008_06.png,008/008_12.png,1
008/008_06.png,008/008_13.png,1
008/008_06.png,008/008_14.png,1
008/008_06.png,008/008_15.png,1
008/008_06.png,008/008_16.png,1
008/008_06.png,008/008_17.png,1
008/008_06.png,008/008_18.png,1
008/008_06.png,008/008_19.png,1
008/008_06.png,008/008_20.png,1
008/008_07.png,008/008_00.png,1
008/008_07.png,008/008_01.png,1
008/008_07.png,008/008_02.png,1
008/008_07.png,008/008_03.png,1
008/008_07.png,008/008_04.png,1
008/008_07.png,008/008_05.png,1
008/008_07.png,008/008_06.png,1
008/008_07.png,008/008_08.png,1
008/008_07.png,008/008_09.png,1
008/008_07.png,008/008_10.png,1
008/008_07.png,008/008_11.png,1
008/008_07.png,008/008_12.png,1
008/008_07.png,008/008_13.png,1
008/008_07.png,008/008_14.png,1
008/008_07.png,008/008_15.png,1
008/008_07.png,008/008_16.png,1
008/008_07.png,008/008_17.png,1
008/008_07.png,008/008_18.png,1
008/008_07.png,008/008_19.png,1
008/008_07.png,008/008_20.png,1
008/008_08.png,008/008_00.png,1
008/008_08.png,008/008_01.png,1
008/008_08.png,008/008_02.png,1
008/008_08.png,008/008_03.png,1
008/008_08.png,008/008_04.png,1
008/008_08.png,008/008_05.png,1
008/008_08.png,008/008_06.png,1
008/008_08.png,008/008_07.png,1
008/008_08.png,008/008_09.png,1
008/008_08.png,008/008_10.png,1
008/008_08.png,008/008_11.png,1
008/008_08.png,008/008_12.png,1
008/008_08.png,008/008_13.png,1
008/008_08.png,008/008_14.png,1
008/008_08.png,008/008_15.png,1
008/008_08.png,008/008_16.png,1
008/008_08.png,008/008_17.png,1
008/008_08.png,008/008_18.png,1
008/008_08.png,008/008_19.png,1
008/008_08.png,008/008_20.png,1
008/008_09.png,008/008_00.png,1
008/008_09.png,008/008_01.png,1
008/008_09.png,008/008_02.png,1
008/008_09.png,008/008_03.png,1
008/008_09.png,008/008_04.png,1
008/008_09.png,008/008_05.png,1
008/008_09.png,008/008_06.png,1
008/008_09.png,008/008_07.png,1
008/008_09.png,008/008_08.png,1
008/008_09.png,008/008_10.png,1
008/008_09.png,008/008_11.png,1
008/008_09.png,008/008_12.png,1
008/008_09.png,008/008_13.png,1
008/008_09.png,008/008_14.png,1
008/008_09.png,008/008_15.png,1
008/008_09.png,008/008_16.png,1
008/008_09.png,008/008_17.png,1
008/008_09.png,008/008_18.png,1
008/008_09.png,008/008_19.png,1
008/008_09.png,008/008_20.png,1
008/008_10.png,008/008_00.png,1
008/008_10.png,008/008_01.png,1
008/008_10.png,008/008_02.png,1
008/008_10.png,008/008_03.png,1
008/008_10.png,008/008_04.png,1
008/008_10.png,008/008_05.png,1
008/008_10.png,008/008_06.png,1
008/008_10.png,008/008_07.png,1
008/008_10.png,008/008_08.png,1
008/008_10.png,008/008_09.png,1
008/008_10.png,008/008_11.png,1
008/008_10.png,008/008_12.png,1
008/008_10.png,008/008_13.png,1
008/008_10.png,008/008_14.png,1
008/008_10.png,008/008_15.png,1
008/008_10.png,008/008_16.png,1
008/008_10.png,008/008_17.png,1
008/008_10.png,008/008_18.png,1
008/008_10.png,008/008_19.png,1
008/008_10.png,008/008_20.png,1
008/008_11.png,008/008_00.png,1
008/008_11.png,008/008_01.png,1
008/008_11.png,008/008_02.png,1
008/008_11.png,008/008_03.png,1
008/008_11.png,008/008_04.png,1
008/008_11.png,008/008_05.png,1
008/008_11.png,008/008_06.png,1
008/008_11.png,008/008_07.png,1
008/008_11.png,008/008_08.png,1
008/008_11.png,008/008_09.png,1
008/008_11.png,008/008_10.png,1
008/008_11.png,008/008_12.png,1
008/008_11.png,008/008_13.png,1
008/008_11.png,008/008_14.png,1
008/008_11.png,008/008_15.png,1
008/008_11.png,008/008_16.png,1
008/008_11.png,008/008_17.png,1
008/008_11.png,008/008_18.png,1
008/008_11.png,008/008_19.png,1
008/008_11.png,008/008_20.png,1
008/008_12.png,008/008_00.png,1
008/008_12.png,008/008_01.png,1
008/008_12.png,008/008_02.png,1
008/008_12.png,008/008_03.png,1
008/008_12.png,008/008_04.png,1
008/008_12.png,008/008_05.png,1
008/008_12.png,008/008_06.png,1
008/008_12.png,008/008_07.png,1
008/008_12.png,008/008_08.png,1
008/008_12.png,008/008_09.png,1
008/008_12.png,008/008_10.png,1
008/008_12.png,008/008_11.png,1
008/008_12.png,008/008_13.png,1
008/008_12.png,008/008_14.png,1
008/008_12.png,008/008_15.png,1
008/008_12.png,008/008_16.png,1
008/008_12.png,008/008_17.png,1
008/008_12.png,008/008_18.png,1
008/008_12.png,008/008_19.png,1
008/008_12.png,008/008_20.png,1
008/008_13.png,008/008_00.png,1
008/008_13.png,008/008_01.png,1
008/008_13.png,008/008_02.png,1
008/008_13.png,008/008_03.png,1
008/008_13.png,008/008_04.png,1
008/008_13.png,008/008_05.png,1
008/008_13.png,008/008_06.png,1
008/008_13.png,008/008_07.png,1
008/008_13.png,008/008_08.png,1
008/008_13.png,008/008_09.png,1
008/008_13.png,008/008_10.png,1
008/008_13.png,008/008_11.png,1
008/008_13.png,008/008_12.png,1
008/008_13.png,008/008_14.png,1
008/008_13.png,008/008_15.png,1
008/008_13.png,008/008_16.png,1
008/008_13.png,008/008_17.png,1
008/008_13.png,008/008_18.png,1
008/008_13.png,008/008_19.png,1
008/008_13.png,008/008_20.png,1
008/008_14.png,008/008_00.png,1
008/008_14.png,008/008_01.png,1
008/008_14.png,008/008_02.png,1
008/008_14.png,008/008_03.png,1
008/008_14.png,008/008_04.png,1
008/008_14.png,008/008_05.png,1
008/008_14.png,008/008_06.png,1
008/008_14.png,008/008_07.png,1
008/008_14.png,008/008_08.png,1
008/008_14.png,008/008_09.png,1
008/008_14.png,008/008_10.png,1
008/008_14.png,008/008_11.png,1
008/008_14.png,008/008_12.png,1
008/008_14.png,008/008_13.png,1
008/008_14.png,008/008_15.png,1
008/008_14.png,008/008_16.png,1
008/008_14.png,008/008_17.png,1
008/008_14.png,008/008_18.png,1
008/008_14.png,008/008_19.png,1
008/008_14.png,008/008_20.png,1
008/008_15.png,008/008_00.png,1
008/008_15.png,008/008_01.png,1
008/008_15.png,008/008_02.png,1
008/008_15.png,008/008_03.png,1
008/008_15.png,008/008_04.png,1
008/008_15.png,008/008_05.png,1
008/008_15.png,008/008_06.png,1
008/008_15.png,008/008_07.png,1
008/008_15.png,008/008_08.png,1
008/008_15.png,008/008_09.png,1
008/008_15.png,008/008_10.png,1
008/008_15.png,008/008_11.png,1
008/008_15.png,008/008_12.png,1
008/008_15.png,008/008_13.png,1
008/008_15.png,008/008_14.png,1
008/008_15.png,008/008_16.png,1
008/008_15.png,008/008_17.png,1
008/008_15.png,008/008_18.png,1
008/008_15.png,008/008_19.png,1
008/008_15.png,008/008_20.png,1
008/008_16.png,008/008_00.png,1
008/008_16.png,008/008_01.png,1
008/008_16.png,008/008_02.png,1
008/008_16.png,008/008_03.png,1
008/008_16.png,008/008_04.png,1
008/008_16.png,008/008_05.png,1
008/008_16.png,008/008_06.png,1
008/008_16.png,008/008_07.png,1
008/008_16.png,008/008_08.png,1
008/008_16.png,008/008_09.png,1
008/008_16.png,008/008_10.png,1
008/008_16.png,008/008_11.png,1
008/008_16.png,008/008_12.png,1
008/008_16.png,008/008_13.png,1
008/008_16.png,008/008_14.png,1
008/008_16.png,008/008_15.png,1
008/008_16.png,008/008_17.png,1
008/008_16.png,008/008_18.png,1
008/008_16.png,008/008_19.png,1
008/008_16.png,008/008_20.png,1
008/008_17.png,008/008_00.png,1
008/008_17.png,008/008_01.png,1
008/008_17.png,008/008_02.png,1
008/008_17.png,008/008_03.png,1
008/008_17.png,008/008_04.png,1
008/008_17.png,008/008_05.png,1
008/008_17.png,008/008_06.png,1
008/008_17.png,008/008_07.png,1
008/008_17.png,008/008_08.png,1
008/008_17.png,008/008_09.png,1
008/008_17.png,008/008_10.png,1
008/008_17.png,008/008_11.png,1
008/008_17.png,008/008_12.png,1
008/008_17.png,008/008_13.png,1
008/008_17.png,008/008_14.png,1
008/008_17.png,008/008_15.png,1
008/008_17.png,008/008_16.png,1
008/008_17.png,008/008_18.png,1
008/008_17.png,008/008_19.png,1
008/008_17.png,008/008_20.png,1
008/008_18.png,008/008_00.png,1
008/008_18.png,008/008_01.png,1
008/008_18.png,008/008_02.png,1
008/008_18.png,008/008_03.png,1
008/008_18.png,008/008_04.png,1
008/008_18.png,008/008_05.png,1
008/008_18.png,008/008_06.png,1
008/008_18.png,008/008_07.png,1
008/008_18.png,008/008_08.png,1
008/008_18.png,008/008_09.png,1
008/008_18.png,008/008_10.png,1
008/008_18.png,008/008_11.png,1
008/008_18.png,008/008_12.png,1
008/008_18.png,008/008_13.png,1
008/008_18.png,008/008_14.png,1
008/008_18.png,008/008_15.png,1
008/008_18.png,008/008_16.png,1
008/008_18.png,008/008_17.png,1
008/008_18.png,008/008_19.png,1
008/008_18.png,008/008_20.png,1
008/008_19.png,008/008_00.png,1
008/008_19.png,008/008_01.png,1
008/008_19.png,008/008_02.png,1
008/008_19.png,008/008_03.png,1
008/008_19.png,008/008_04.png,1
008/008_19.png,008/008_05.png,1
008/008_19.png,008/008_06.png,1
008/008_19.png,008/008_07.png,1
008/008_19.png,008/008_08.png,1
008/008_19.png,008/008_09.png,1
008/008_19.png,008/008_10.png,1
008/008_19.png,008/008_11.png,1
008/008_19.png,008/008_12.png,1
008/008_19.png,008/008_13.png,1
008/008_19.png,008/008_14.png,1
008/008_19.png,008/008_15.png,1
008/008_19.png,008/008_16.png,1
008/008_19.png,008/008_17.png,1
008/008_19.png,008/008_18.png,1
008/008_19.png,008/008_20.png,1
008/008_20.png,008/008_00.png,1
008/008_20.png,008/008_01.png,1
008/008_20.png,008/008_02.png,1
008/008_20.png,008/008_03.png,1
008/008_20.png,008/008_04.png,1
008/008_20.png,008/008_05.png,1
008/008_20.png,008/008_06.png,1
008/008_20.png,008/008_07.png,1
008/008_20.png,008/008_08.png,1
008/008_20.png,008/008_09.png,1
008/008_20.png,008/008_10.png,1
008/008_20.png,008/008_11.png,1
008/008_20.png,008/008_12.png,1
008/008_20.png,008/008_13.png,1
008/008_20.png,008/008_14.png,1
008/008_20.png,008/008_15.png,1
008/008_20.png,008/008_16.png,1
008/008_20.png,008/008_17.png,1
008/008_20.png,008/008_18.png,1
008/008_20.png,008/008_19.png,1
008/008_00.png,008_forge/008_00.png,0
008/008_00.png,008_forge/008_01.png,0
008/008_00.png,008_forge/008_02.png,0
008/008_00.png,008_forge/008_03.png,0
008/008_00.png,008_forge/008_04.png,0
008/008_00.png,008_forge/008_05.png,0
008/008_00.png,008_forge/008_06.png,0
008/008_00.png,008_forge/008_07.png,0
008/008_00.png,008_forge/008_08.png,0
008/008_00.png,008_forge/008_09.png,0
008/008_00.png,008_forge/008_10.png,0
008/008_00.png,008_forge/008_11.png,0
008/008_00.png,008_forge/008_12.png,0
008/008_00.png,008_forge/008_13.png,0
008/008_00.png,008_forge/008_14.png,0
008/008_00.png,008_forge/008_15.png,0
008/008_00.png,008_forge/008_16.png,0
008/008_00.png,008_forge/008_17.png,0
008/008_00.png,008_forge/008_18.png,0
008/008_00.png,008_forge/008_19.png,0
008/008_00.png,008_forge/008_20.png,0
008/008_01.png,008_forge/008_00.png,0
008/008_01.png,008_forge/008_01.png,0
008/008_01.png,008_forge/008_02.png,0
008/008_01.png,008_forge/008_03.png,0
008/008_01.png,008_forge/008_04.png,0
008/008_01.png,008_forge/008_05.png,0
008/008_01.png,008_forge/008_06.png,0
008/008_01.png,008_forge/008_07.png,0
008/008_01.png,008_forge/008_08.png,0
008/008_01.png,008_forge/008_09.png,0
008/008_01.png,008_forge/008_10.png,0
008/008_01.png,008_forge/008_11.png,0
008/008_01.png,008_forge/008_12.png,0
008/008_01.png,008_forge/008_13.png,0
008/008_01.png,008_forge/008_14.png,0
008/008_01.png,008_forge/008_15.png,0
008/008_01.png,008_forge/008_16.png,0
008/008_01.png,008_forge/008_17.png,0
008/008_01.png,008_forge/008_18.png,0
008/008_01.png,008_forge/008_19.png,0
008/008_01.png,008_forge/008_20.png,0
008/008_02.png,008_forge/008_00.png,0
008/008_02.png,008_forge/008_01.png,0
008/008_02.png,008_forge/008_02.png,0
008/008_02.png,008_forge/008_03.png,0
008/008_02.png,008_forge/008_04.png,0
008/008_02.png,008_forge/008_05.png,0
008/008_02.png,008_forge/008_06.png,0
008/008_02.png,008_forge/008_07.png,0
008/008_02.png,008_forge/008_08.png,0
008/008_02.png,008_forge/008_09.png,0
008/008_02.png,008_forge/008_10.png,0
008/008_02.png,008_forge/008_11.png,0
008/008_02.png,008_forge/008_12.png,0
008/008_02.png,008_forge/008_13.png,0
008/008_02.png,008_forge/008_14.png,0
008/008_02.png,008_forge/008_15.png,0
008/008_02.png,008_forge/008_16.png,0
008/008_02.png,008_forge/008_17.png,0
008/008_02.png,008_forge/008_18.png,0
008/008_02.png,008_forge/008_19.png,0
008/008_02.png,008_forge/008_20.png,0
008/008_03.png,008_forge/008_00.png,0
008/008_03.png,008_forge/008_01.png,0
008/008_03.png,008_forge/008_02.png,0
008/008_03.png,008_forge/008_03.png,0
008/008_03.png,008_forge/008_04.png,0
008/008_03.png,008_forge/008_05.png,0
008/008_03.png,008_forge/008_06.png,0
008/008_03.png,008_forge/008_07.png,0
008/008_03.png,008_forge/008_08.png,0
008/008_03.png,008_forge/008_09.png,0
008/008_03.png,008_forge/008_10.png,0
008/008_03.png,008_forge/008_11.png,0
008/008_03.png,008_forge/008_12.png,0
008/008_03.png,008_forge/008_13.png,0
008/008_03.png,008_forge/008_14.png,0
008/008_03.png,008_forge/008_15.png,0
008/008_03.png,008_forge/008_16.png,0
008/008_03.png,008_forge/008_17.png,0
008/008_03.png,008_forge/008_18.png,0
008/008_03.png,008_forge/008_19.png,0
008/008_03.png,008_forge/008_20.png,0
008/008_04.png,008_forge/008_00.png,0
008/008_04.png,008_forge/008_01.png,0
008/008_04.png,008_forge/008_02.png,0
008/008_04.png,008_forge/008_03.png,0
008/008_04.png,008_forge/008_04.png,0
008/008_04.png,008_forge/008_05.png,0
008/008_04.png,008_forge/008_06.png,0
008/008_04.png,008_forge/008_07.png,0
008/008_04.png,008_forge/008_08.png,0
008/008_04.png,008_forge/008_09.png,0
008/008_04.png,008_forge/008_10.png,0
008/008_04.png,008_forge/008_11.png,0
008/008_04.png,008_forge/008_12.png,0
008/008_04.png,008_forge/008_13.png,0
008/008_04.png,008_forge/008_14.png,0
008/008_04.png,008_forge/008_15.png,0
008/008_04.png,008_forge/008_16.png,0
008/008_04.png,008_forge/008_17.png,0
008/008_04.png,008_forge/008_18.png,0
008/008_04.png,008_forge/008_19.png,0
008/008_04.png,008_forge/008_20.png,0
008/008_05.png,008_forge/008_00.png,0
008/008_05.png,008_forge/008_01.png,0
008/008_05.png,008_forge/008_02.png,0
008/008_05.png,008_forge/008_03.png,0
008/008_05.png,008_forge/008_04.png,0
008/008_05.png,008_forge/008_05.png,0
008/008_05.png,008_forge/008_06.png,0
008/008_05.png,008_forge/008_07.png,0
008/008_05.png,008_forge/008_08.png,0
008/008_05.png,008_forge/008_09.png,0
008/008_05.png,008_forge/008_10.png,0
008/008_05.png,008_forge/008_11.png,0
008/008_05.png,008_forge/008_12.png,0
008/008_05.png,008_forge/008_13.png,0
008/008_05.png,008_forge/008_14.png,0
008/008_05.png,008_forge/008_15.png,0
008/008_05.png,008_forge/008_16.png,0
008/008_05.png,008_forge/008_17.png,0
008/008_05.png,008_forge/008_18.png,0
008/008_05.png,008_forge/008_19.png,0
008/008_05.png,008_forge/008_20.png,0
008/008_06.png,008_forge/008_00.png,0
008/008_06.png,008_forge/008_01.png,0
008/008_06.png,008_forge/008_02.png,0
008/008_06.png,008_forge/008_03.png,0
008/008_06.png,008_forge/008_04.png,0
008/008_06.png,008_forge/008_05.png,0
008/008_06.png,008_forge/008_06.png,0
008/008_06.png,008_forge/008_07.png,0
008/008_06.png,008_forge/008_08.png,0
008/008_06.png,008_forge/008_09.png,0
008/008_06.png,008_forge/008_10.png,0
008/008_06.png,008_forge/008_11.png,0
008/008_06.png,008_forge/008_12.png,0
008/008_06.png,008_forge/008_13.png,0
008/008_06.png,008_forge/008_14.png,0
008/008_06.png,008_forge/008_15.png,0
008/008_06.png,008_forge/008_16.png,0
008/008_06.png,008_forge/008_17.png,0
008/008_06.png,008_forge/008_18.png,0
008/008_06.png,008_forge/008_19.png,0
008/008_06.png,008_forge/008_20.png,0
008/008_07.png,008_forge/008_00.png,0
008/008_07.png,008_forge/008_01.png,0
008/008_07.png,008_forge/008_02.png,0
008/008_07.png,008_forge/008_03.png,0
008/008_07.png,008_forge/008_04.png,0
008/008_07.png,008_forge/008_05.png,0
008/008_07.png,008_forge/008_06.png,0
008/008_07.png,008_forge/008_07.png,0
008/008_07.png,008_forge/008_08.png,0
008/008_07.png,008_forge/008_09.png,0
008/008_07.png,008_forge/008_10.png,0
008/008_07.png,008_forge/008_11.png,0
008/008_07.png,008_forge/008_12.png,0
008/008_07.png,008_forge/008_13.png,0
008/008_07.png,008_forge/008_14.png,0
008/008_07.png,008_forge/008_15.png,0
008/008_07.png,008_forge/008_16.png,0
008/008_07.png,008_forge/008_17.png,0
008/008_07.png,008_forge/008_18.png,0
008/008_07.png,008_forge/008_19.png,0
008/008_07.png,008_forge/008_20.png,0
008/008_08.png,008_forge/008_00.png,0
008/008_08.png,008_forge/008_01.png,0
008/008_08.png,008_forge/008_02.png,0
008/008_08.png,008_forge/008_03.png,0
008/008_08.png,008_forge/008_04.png,0
008/008_08.png,008_forge/008_05.png,0
008/008_08.png,008_forge/008_06.png,0
008/008_08.png,008_forge/008_07.png,0
008/008_08.png,008_forge/008_08.png,0
008/008_08.png,008_forge/008_09.png,0
008/008_08.png,008_forge/008_10.png,0
008/008_08.png,008_forge/008_11.png,0
008/008_08.png,008_forge/008_12.png,0
008/008_08.png,008_forge/008_13.png,0
008/008_08.png,008_forge/008_14.png,0
008/008_08.png,008_forge/008_15.png,0
008/008_08.png,008_forge/008_16.png,0
008/008_08.png,008_forge/008_17.png,0
008/008_08.png,008_forge/008_18.png,0
008/008_08.png,008_forge/008_19.png,0
008/008_08.png,008_forge/008_20.png,0
008/008_09.png,008_forge/008_00.png,0
008/008_09.png,008_forge/008_01.png,0
008/008_09.png,008_forge/008_02.png,0
008/008_09.png,008_forge/008_03.png,0
008/008_09.png,008_forge/008_04.png,0
008/008_09.png,008_forge/008_05.png,0
008/008_09.png,008_forge/008_06.png,0
008/008_09.png,008_forge/008_07.png,0
008/008_09.png,008_forge/008_08.png,0
008/008_09.png,008_forge/008_09.png,0
008/008_09.png,008_forge/008_10.png,0
008/008_09.png,008_forge/008_11.png,0
008/008_09.png,008_forge/008_12.png,0
008/008_09.png,008_forge/008_13.png,0
008/008_09.png,008_forge/008_14.png,0
008/008_09.png,008_forge/008_15.png,0
008/008_09.png,008_forge/008_16.png,0
008/008_09.png,008_forge/008_17.png,0
008/008_09.png,008_forge/008_18.png,0
008/008_09.png,008_forge/008_19.png,0
008/008_09.png,008_forge/008_20.png,0
008/008_10.png,008_forge/008_00.png,0
008/008_10.png,008_forge/008_01.png,0
008/008_10.png,008_forge/008_02.png,0
008/008_10.png,008_forge/008_03.png,0
008/008_10.png,008_forge/008_04.png,0
008/008_10.png,008_forge/008_05.png,0
008/008_10.png,008_forge/008_06.png,0
008/008_10.png,008_forge/008_07.png,0
008/008_10.png,008_forge/008_08.png,0
008/008_10.png,008_forge/008_09.png,0
008/008_10.png,008_forge/008_10.png,0
008/008_10.png,008_forge/008_11.png,0
008/008_10.png,008_forge/008_12.png,0
008/008_10.png,008_forge/008_13.png,0
008/008_10.png,008_forge/008_14.png,0
008/008_10.png,008_forge/008_15.png,0
008/008_10.png,008_forge/008_16.png,0
008/008_10.png,008_forge/008_17.png,0
008/008_10.png,008_forge/008_18.png,0
008/008_10.png,008_forge/008_19.png,0
008/008_10.png,008_forge/008_20.png,0
008/008_11.png,008_forge/008_00.png,0
008/008_11.png,008_forge/008_01.png,0
008/008_11.png,008_forge/008_02.png,0
008/008_11.png,008_forge/008_03.png,0
008/008_11.png,008_forge/008_04.png,0
008/008_11.png,008_forge/008_05.png,0
008/008_11.png,008_forge/008_06.png,0
008/008_11.png,008_forge/008_07.png,0
008/008_11.png,008_forge/008_08.png,0
008/008_11.png,008_forge/008_09.png,0
008/008_11.png,008_forge/008_10.png,0
008/008_11.png,008_forge/008_11.png,0
008/008_11.png,008_forge/008_12.png,0
008/008_11.png,008_forge/008_13.png,0
008/008_11.png,008_forge/008_14.png,0
008/008_11.png,008_forge/008_15.png,0
008/008_11.png,008_forge/008_16.png,0
008/008_11.png,008_forge/008_17.png,0
008/008_11.png,008_forge/008_18.png,0
008/008_11.png,008_forge/008_19.png,0
008/008_11.png,008_forge/008_20.png,0
008/008_12.png,008_forge/008_00.png,0
008/008_12.png,008_forge/008_01.png,0
008/008_12.png,008_forge/008_02.png,0
008/008_12.png,008_forge/008_03.png,0
008/008_12.png,008_forge/008_04.png,0
008/008_12.png,008_forge/008_05.png,0
008/008_12.png,008_forge/008_06.png,0
008/008_12.png,008_forge/008_07.png,0
008/008_12.png,008_forge/008_08.png,0
008/008_12.png,008_forge/008_09.png,0
008/008_12.png,008_forge/008_10.png,0
008/008_12.png,008_forge/008_11.png,0
008/008_12.png,008_forge/008_12.png,0
008/008_12.png,008_forge/008_13.png,0
008/008_12.png,008_forge/008_14.png,0
008/008_12.png,008_forge/008_15.png,0
008/008_12.png,008_forge/008_16.png,0
008/008_12.png,008_forge/008_17.png,0
008/008_12.png,008_forge/008_18.png,0
008/008_12.png,008_forge/008_19.png,0
008/008_12.png,008_forge/008_20.png,0
008/008_13.png,008_forge/008_00.png,0
008/008_13.png,008_forge/008_01.png,0
008/008_13.png,008_forge/008_02.png,0
008/008_13.png,008_forge/008_03.png,0
008/008_13.png,008_forge/008_04.png,0
008/008_13.png,008_forge/008_05.png,0
008/008_13.png,008_forge/008_06.png,0
008/008_13.png,008_forge/008_07.png,0
008/008_13.png,008_forge/008_08.png,0
008/008_13.png,008_forge/008_09.png,0
008/008_13.png,008_forge/008_10.png,0
008/008_13.png,008_forge/008_11.png,0
008/008_13.png,008_forge/008_12.png,0
008/008_13.png,008_forge/008_13.png,0
008/008_13.png,008_forge/008_14.png,0
008/008_13.png,008_forge/008_15.png,0
008/008_13.png,008_forge/008_16.png,0
008/008_13.png,008_forge/008_17.png,0
008/008_13.png,008_forge/008_18.png,0
008/008_13.png,008_forge/008_19.png,0
008/008_13.png,008_forge/008_20.png,0
008/008_14.png,008_forge/008_00.png,0
008/008_14.png,008_forge/008_01.png,0
008/008_14.png,008_forge/008_02.png,0
008/008_14.png,008_forge/008_03.png,0
008/008_14.png,008_forge/008_04.png,0
008/008_14.png,008_forge/008_05.png,0
008/008_14.png,008_forge/008_06.png,0
008/008_14.png,008_forge/008_07.png,0
008/008_14.png,008_forge/008_08.png,0
008/008_14.png,008_forge/008_09.png,0
008/008_14.png,008_forge/008_10.png,0
008/008_14.png,008_forge/008_11.png,0
008/008_14.png,008_forge/008_12.png,0
008/008_14.png,008_forge/008_13.png,0
008/008_14.png,008_forge/008_14.png,0
008/008_14.png,008_forge/008_15.png,0
008/008_14.png,008_forge/008_16.png,0
008/008_14.png,008_forge/008_17.png,0
008/008_14.png,008_forge/008_18.png,0
008/008_14.png,008_forge/008_19.png,0
008/008_14.png,008_forge/008_20.png,0
008/008_15.png,008_forge/008_00.png,0
008/008_15.png,008_forge/008_01.png,0
008/008_15.png,008_forge/008_02.png,0
008/008_15.png,008_forge/008_03.png,0
008/008_15.png,008_forge/008_04.png,0
008/008_15.png,008_forge/008_05.png,0
008/008_15.png,008_forge/008_06.png,0
008/008_15.png,008_forge/008_07.png,0
008/008_15.png,008_forge/008_08.png,0
008/008_15.png,008_forge/008_09.png,0
008/008_15.png,008_forge/008_10.png,0
008/008_15.png,008_forge/008_11.png,0
008/008_15.png,008_forge/008_12.png,0
008/008_15.png,008_forge/008_13.png,0
008/008_15.png,008_forge/008_14.png,0
008/008_15.png,008_forge/008_15.png,0
008/008_15.png,008_forge/008_16.png,0
008/008_15.png,008_forge/008_17.png,0
008/008_15.png,008_forge/008_18.png,0
008/008_15.png,008_forge/008_19.png,0
008/008_15.png,008_forge/008_20.png,0
008/008_16.png,008_forge/008_00.png,0
008/008_16.png,008_forge/008_01.png,0
008/008_16.png,008_forge/008_02.png,0
008/008_16.png,008_forge/008_03.png,0
008/008_16.png,008_forge/008_04.png,0
008/008_16.png,008_forge/008_05.png,0
008/008_16.png,008_forge/008_06.png,0
008/008_16.png,008_forge/008_07.png,0
008/008_16.png,008_forge/008_08.png,0
008/008_16.png,008_forge/008_09.png,0
008/008_16.png,008_forge/008_10.png,0
008/008_16.png,008_forge/008_11.png,0
008/008_16.png,008_forge/008_12.png,0
008/008_16.png,008_forge/008_13.png,0
008/008_16.png,008_forge/008_14.png,0
008/008_16.png,008_forge/008_15.png,0
008/008_16.png,008_forge/008_16.png,0
008/008_16.png,008_forge/008_17.png,0
008/008_16.png,008_forge/008_18.png,0
008/008_16.png,008_forge/008_19.png,0
008/008_16.png,008_forge/008_20.png,0
008/008_17.png,008_forge/008_00.png,0
008/008_17.png,008_forge/008_01.png,0
008/008_17.png,008_forge/008_02.png,0
008/008_17.png,008_forge/008_03.png,0
008/008_17.png,008_forge/008_04.png,0
008/008_17.png,008_forge/008_05.png,0
008/008_17.png,008_forge/008_06.png,0
008/008_17.png,008_forge/008_07.png,0
008/008_17.png,008_forge/008_08.png,0
008/008_17.png,008_forge/008_09.png,0
008/008_17.png,008_forge/008_10.png,0
008/008_17.png,008_forge/008_11.png,0
008/008_17.png,008_forge/008_12.png,0
008/008_17.png,008_forge/008_13.png,0
008/008_17.png,008_forge/008_14.png,0
008/008_17.png,008_forge/008_15.png,0
008/008_17.png,008_forge/008_16.png,0
008/008_17.png,008_forge/008_17.png,0
008/008_17.png,008_forge/008_18.png,0
008/008_17.png,008_forge/008_19.png,0
008/008_17.png,008_forge/008_20.png,0
008/008_18.png,008_forge/008_00.png,0
008/008_18.png,008_forge/008_01.png,0
008/008_18.png,008_forge/008_02.png,0
008/008_18.png,008_forge/008_03.png,0
008/008_18.png,008_forge/008_04.png,0
008/008_18.png,008_forge/008_05.png,0
008/008_18.png,008_forge/008_06.png,0
008/008_18.png,008_forge/008_07.png,0
008/008_18.png,008_forge/008_08.png,0
008/008_18.png,008_forge/008_09.png,0
008/008_18.png,008_forge/008_10.png,0
008/008_18.png,008_forge/008_11.png,0
008/008_18.png,008_forge/008_12.png,0
008/008_18.png,008_forge/008_13.png,0
008/008_18.png,008_forge/008_14.png,0
008/008_18.png,008_forge/008_15.png,0
008/008_18.png,008_forge/008_16.png,0
008/008_18.png,008_forge/008_17.png,0
008/008_18.png,008_forge/008_18.png,0
008/008_18.png,008_forge/008_19.png,0
008/008_18.png,008_forge/008_20.png,0
008/008_19.png,008_forge/008_00.png,0
008/008_19.png,008_forge/008_01.png,0
008/008_19.png,008_forge/008_02.png,0
008/008_19.png,008_forge/008_03.png,0
008/008_19.png,008_forge/008_04.png,0
008/008_19.png,008_forge/008_05.png,0
008/008_19.png,008_forge/008_06.png,0
008/008_19.png,008_forge/008_07.png,0
008/008_19.png,008_forge/008_08.png,0
008/008_19.png,008_forge/008_09.png,0
008/008_19.png,008_forge/008_10.png,0
008/008_19.png,008_forge/008_11.png,0
008/008_19.png,008_forge/008_12.png,0
008/008_19.png,008_forge/008_13.png,0
008/008_19.png,008_forge/008_14.png,0
008/008_19.png,008_forge/008_15.png,0
008/008_19.png,008_forge/008_16.png,0
008/008_19.png,008_forge/008_17.png,0
008/008_19.png,008_forge/008_18.png,0
008/008_19.png,008_forge/008_19.png,0
008/008_19.png,008_forge/008_20.png,0
008/008_20.png,008_forge/008_00.png,0
008/008_20.png,008_forge/008_01.png,0
008/008_20.png,008_forge/008_02.png,0
008/008_20.png,008_forge/008_03.png,0
008/008_20.png,008_forge/008_04.png,0
008/008_20.png,008_forge/008_05.png,0
008/008_20.png,008_forge/008_06.png,0
008/008_20.png,008_forge/008_07.png,0
008/008_20.png,008_forge/008_08.png,0
008/008_20.png,008_forge/008_09.png,0
008/008_20.png,008_forge/008_10.png,0
008/008_20.png,008_forge/008_11.png,0
008/008_20.png,008_forge/008_12.png,0
008/008_20.png,008_forge/008_13.png,0
008/008_20.png,008_forge/008_14.png,0
008/008_20.png,008_forge/008_15.png,0
008/008_20.png,008_forge/008_16.png,0
008/008_20.png,008_forge/008_17.png,0
008/008_20.png,008_forge/008_18.png,0
008/008_20.png,008_forge/008_19.png,0
008/008_20.png,008_forge/008_20.png,0
008/008_00.png,008/008_01.png,1
008/008_00.png,008/008_02.png,1
008/008_00.png,008/008_03.png,1
008/008_00.png,008/008_04.png,1
008/008_00.png,008/008_05.png,1
008/008_00.png,008/008_06.png,1
008/008_00.png,008/008_07.png,1
008/008_00.png,008/008_08.png,1
008/008_00.png,008/008_09.png,1
008/008_00.png,008/008_10.png,1
008/008_00.png,008/008_11.png,1
008/008_00.png,008/008_12.png,1
008/008_00.png,008/008_13.png,1
008/008_00.png,008/008_14.png,1
008/008_00.png,008/008_15.png,1
008/008_00.png,008/008_16.png,1
008/008_00.png,008/008_17.png,1
008/008_00.png,008/008_18.png,1
008/008_00.png,008/008_19.png,1
008/008_00.png,008/008_20.png,1
008/008_01.png,008/008_00.png,1
008/008_01.png,008/008_02.png,1
008/008_01.png,008/008_03.png,1
008/008_01.png,008/008_04.png,1
008/008_01.png,008/008_05.png,1
008/008_01.png,008/008_06.png,1
008/008_01.png,008/008_07.png,1
008/008_01.png,008/008_08.png,1
008/008_01.png,008/008_09.png,1
008/008_01.png,008/008_10.png,1
008/008_01.png,008/008_11.png,1
008/008_01.png,008/008_12.png,1
008/008_01.png,008/008_13.png,1
008/008_01.png,008/008_14.png,1
008/008_01.png,008/008_15.png,1
008/008_01.png,008/008_16.png,1
008/008_01.png,008/008_17.png,1
008/008_01.png,008/008_18.png,1
008/008_01.png,008/008_19.png,1
008/008_01.png,008/008_20.png,1
008/008_02.png,008/008_00.png,1
008/008_02.png,008/008_01.png,1
008/008_02.png,008/008_03.png,1
008/008_02.png,008/008_04.png,1
008/008_02.png,008/008_05.png,1
008/008_02.png,008/008_06.png,1
008/008_02.png,008/008_07.png,1
008/008_02.png,008/008_08.png,1
008/008_02.png,008/008_09.png,1
008/008_02.png,008/008_10.png,1
008/008_02.png,008/008_11.png,1
008/008_02.png,008/008_12.png,1
008/008_02.png,008/008_13.png,1
008/008_02.png,008/008_14.png,1
008/008_02.png,008/008_15.png,1
008/008_02.png,008/008_16.png,1
008/008_02.png,008/008_17.png,1
008/008_02.png,008/008_18.png,1
008/008_02.png,008/008_19.png,1
008/008_02.png,008/008_20.png,1
008/008_03.png,008/008_00.png,1
008/008_03.png,008/008_01.png,1
008/008_03.png,008/008_02.png,1
008/008_03.png,008/008_04.png,1
008/008_03.png,008/008_05.png,1
008/008_03.png,008/008_06.png,1
008/008_03.png,008/008_07.png,1
008/008_03.png,008/008_08.png,1
008/008_03.png,008/008_09.png,1
008/008_03.png,008/008_10.png,1
008/008_03.png,008/008_11.png,1
008/008_03.png,008/008_12.png,1
008/008_03.png,008/008_13.png,1
008/008_03.png,008/008_14.png,1
008/008_03.png,008/008_15.png,1
008/008_03.png,008/008_16.png,1
008/008_03.png,008/008_17.png,1
008/008_03.png,008/008_18.png,1
008/008_03.png,008/008_19.png,1
008/008_03.png,008/008_20.png,1
008/008_04.png,008/008_00.png,1
008/008_04.png,008/008_01.png,1
008/008_04.png,008/008_02.png,1
008/008_04.png,008/008_03.png,1
008/008_04.png,008/008_05.png,1
008/008_04.png,008/008_06.png,1
008/008_04.png,008/008_07.png,1
008/008_04.png,008/008_08.png,1
008/008_04.png,008/008_09.png,1
008/008_04.png,008/008_10.png,1
008/008_04.png,008/008_11.png,1
008/008_04.png,008/008_12.png,1
008/008_04.png,008/008_13.png,1
008/008_04.png,008/008_14.png,1
008/008_04.png,008/008_15.png,1
008/008_04.png,008/008_16.png,1
008/008_04.png,008/008_17.png,1
008/008_04.png,008/008_18.png,1
008/008_04.png,008/008_19.png,1
008/008_04.png,008/008_20.png,1
008/008_05.png,008/008_00.png,1
008/008_05.png,008/008_01.png,1
008/008_05.png,008/008_02.png,1
008/008_05.png,008/008_03.png,1
008/008_05.png,008/008_04.png,1
008/008_05.png,008/008_06.png,1
008/008_05.png,008/008_07.png,1
008/008_05.png,008/008_08.png,1
008/008_05.png,008/008_09.png,1
008/008_05.png,008/008_10.png,1
008/008_05.png,008/008_11.png,1
008/008_05.png,008/008_12.png,1
008/008_05.png,008/008_13.png,1
008/008_05.png,008/008_14.png,1
008/008_05.png,008/008_15.png,1
008/008_05.png,008/008_16.png,1
008/008_05.png,008/008_17.png,1
008/008_05.png,008/008_18.png,1
008/008_05.png,008/008_19.png,1
008/008_05.png,008/008_20.png,1
008/008_06.png,008/008_00.png,1
008/008_06.png,008/008_01.png,1
008/008_06.png,008/008_02.png,1
008/008_06.png,008/008_03.png,1
008/008_06.png,008/008_04.png,1
008/008_06.png,008/008_05.png,1
008/008_06.png,008/008_07.png,1
008/008_06.png,008/008_08.png,1
008/008_06.png,008/008_09.png,1
008/008_06.png,008/008_10.png,1
008/008_06.png,008/008_11.png,1
008/008_06.png,008/008_12.png,1
008/008_06.png,008/008_13.png,1
008/008_06.png,008/008_14.png,1
008/008_06.png,008/008_15.png,1
008/008_06.png,008/008_16.png,1
008/008_06.png,008/008_17.png,1
008/008_06.png,008/008_18.png,1
008/008_06.png,008/008_19.png,1
008/008_06.png,008/008_20.png,1
008/008_07.png,008/008_00.png,1
008/008_07.png,008/008_01.png,1
008/008_07.png,008/008_02.png,1
008/008_07.png,008/008_03.png,1
008/008_07.png,008/008_04.png,1
008/008_07.png,008/008_05.png,1
008/008_07.png,008/008_06.png,1
008/008_07.png,008/008_08.png,1
008/008_07.png,008/008_09.png,1
008/008_07.png,008/008_10.png,1
008/008_07.png,008/008_11.png,1
008/008_07.png,008/008_12.png,1
008/008_07.png,008/008_13.png,1
008/008_07.png,008/008_14.png,1
008/008_07.png,008/008_15.png,1
008/008_07.png,008/008_16.png,1
008/008_07.png,008/008_17.png,1
008/008_07.png,008/008_18.png,1
008/008_07.png,008/008_19.png,1
008/008_07.png,008/008_20.png,1
008/008_08.png,008/008_00.png,1
008/008_08.png,008/008_01.png,1
008/008_08.png,008/008_02.png,1
008/008_08.png,008/008_03.png,1
008/008_08.png,008/008_04.png,1
008/008_08.png,008/008_05.png,1
008/008_08.png,008/008_06.png,1
008/008_08.png,008/008_07.png,1
008/008_08.png,008/008_09.png,1
008/008_08.png,008/008_10.png,1
008/008_08.png,008/008_11.png,1
008/008_08.png,008/008_12.png,1
008/008_08.png,008/008_13.png,1
008/008_08.png,008/008_14.png,1
008/008_08.png,008/008_15.png,1
008/008_08.png,008/008_16.png,1
008/008_08.png,008/008_17.png,1
008/008_08.png,008/008_18.png,1
008/008_08.png,008/008_19.png,1
008/008_08.png,008/008_20.png,1
008/008_09.png,008/008_00.png,1
008/008_09.png,008/008_01.png,1
008/008_09.png,008/008_02.png,1
008/008_09.png,008/008_03.png,1
008/008_09.png,008/008_04.png,1
008/008_09.png,008/008_05.png,1
008/008_09.png,008/008_06.png,1
008/008_09.png,008/008_07.png,1
008/008_09.png,008/008_08.png,1
008/008_09.png,008/008_10.png,1
008/008_09.png,008/008_11.png,1
008/008_09.png,008/008_12.png,1
008/008_09.png,008/008_13.png,1
008/008_09.png,008/008_14.png,1
008/008_09.png,008/008_15.png,1
008/008_09.png,008/008_16.png,1
008/008_09.png,008/008_17.png,1
008/008_09.png,008/008_18.png,1
008/008_09.png,008/008_19.png,1
008/008_09.png,008/008_20.png,1
008/008_10.png,008/008_00.png,1
008/008_10.png,008/008_01.png,1
008/008_10.png,008/008_02.png,1
008/008_10.png,008/008_03.png,1
008/008_10.png,008/008_04.png,1
008/008_10.png,008/008_05.png,1
008/008_10.png,008/008_06.png,1
008/008_10.png,008/008_07.png,1
008/008_10.png,008/008_08.png,1
008/008_10.png,008/008_09.png,1
008/008_10.png,008/008_11.png,1
008/008_10.png,008/008_12.png,1
008/008_10.png,008/008_13.png,1
008/008_10.png,008/008_14.png,1
008/008_10.png,008/008_15.png,1
008/008_10.png,008/008_16.png,1
008/008_10.png,008/008_17.png,1
008/008_10.png,008/008_18.png,1
008/008_10.png,008/008_19.png,1
008/008_10.png,008/008_20.png,1
008/008_11.png,008/008_00.png,1
008/008_11.png,008/008_01.png,1
008/008_11.png,008/008_02.png,1
008/008_11.png,008/008_03.png,1
008/008_11.png,008/008_04.png,1
008/008_11.png,008/008_05.png,1
008/008_11.png,008/008_06.png,1
008/008_11.png,008/008_07.png,1
008/008_11.png,008/008_08.png,1
008/008_11.png,008/008_09.png,1
008/008_11.png,008/008_10.png,1
008/008_11.png,008/008_12.png,1
008/008_11.png,008/008_13.png,1
008/008_11.png,008/008_14.png,1
008/008_11.png,008/008_15.png,1
008/008_11.png,008/008_16.png,1
008/008_11.png,008/008_17.png,1
008/008_11.png,008/008_18.png,1
008/008_11.png,008/008_19.png,1
008/008_11.png,008/008_20.png,1
008/008_12.png,008/008_00.png,1
008/008_12.png,008/008_01.png,1
008/008_12.png,008/008_02.png,1
008/008_12.png,008/008_03.png,1
008/008_12.png,008/008_04.png,1
008/008_12.png,008/008_05.png,1
008/008_12.png,008/008_06.png,1
008/008_12.png,008/008_07.png,1
008/008_12.png,008/008_08.png,1
008/008_12.png,008/008_09.png,1
008/008_12.png,008/008_10.png,1
008/008_12.png,008/008_11.png,1
008/008_12.png,008/008_13.png,1
008/008_12.png,008/008_14.png,1
008/008_12.png,008/008_15.png,1
008/008_12.png,008/008_16.png,1
008/008_12.png,008/008_17.png,1
008/008_12.png,008/008_18.png,1
008/008_12.png,008/008_19.png,1
008/008_12.png,008/008_20.png,1
008/008_13.png,008/008_00.png,1
008/008_13.png,008/008_01.png,1
008/008_13.png,008/008_02.png,1
008/008_13.png,008/008_03.png,1
008/008_13.png,008/008_04.png,1
008/008_13.png,008/008_05.png,1
008/008_13.png,008/008_06.png,1
008/008_13.png,008/008_07.png,1
008/008_13.png,008/008_08.png,1
008/008_13.png,008/008_09.png,1
008/008_13.png,008/008_10.png,1
008/008_13.png,008/008_11.png,1
008/008_13.png,008/008_12.png,1
008/008_13.png,008/008_14.png,1
008/008_13.png,008/008_15.png,1
008/008_13.png,008/008_16.png,1
008/008_13.png,008/008_17.png,1
008/008_13.png,008/008_18.png,1
008/008_13.png,008/008_19.png,1
008/008_13.png,008/008_20.png,1
008/008_14.png,008/008_00.png,1
008/008_14.png,008/008_01.png,1
008/008_14.png,008/008_02.png,1
008/008_14.png,008/008_03.png,1
008/008_14.png,008/008_04.png,1
008/008_14.png,008/008_05.png,1
008/008_14.png,008/008_06.png,1
008/008_14.png,008/008_07.png,1
008/008_14.png,008/008_08.png,1
008/008_14.png,008/008_09.png,1
008/008_14.png,008/008_10.png,1
008/008_14.png,008/008_11.png,1
008/008_14.png,008/008_12.png,1
008/008_14.png,008/008_13.png,1
008/008_14.png,008/008_15.png,1
008/008_14.png,008/008_16.png,1
008/008_14.png,008/008_17.png,1
008/008_14.png,008/008_18.png,1
008/008_14.png,008/008_19.png,1
008/008_14.png,008/008_20.png,1
008/008_15.png,008/008_00.png,1
008/008_15.png,008/008_01.png,1
008/008_15.png,008/008_02.png,1
008/008_15.png,008/008_03.png,1
008/008_15.png,008/008_04.png,1
008/008_15.png,008/008_05.png,1
008/008_15.png,008/008_06.png,1
008/008_15.png,008/008_07.png,1
008/008_15.png,008/008_08.png,1
008/008_15.png,008/008_09.png,1
008/008_15.png,008/008_10.png,1
008/008_15.png,008/008_11.png,1
008/008_15.png,008/008_12.png,1
008/008_15.png,008/008_13.png,1
008/008_15.png,008/008_14.png,1
008/008_15.png,008/008_16.png,1
008/008_15.png,008/008_17.png,1
008/008_15.png,008/008_18.png,1
008/008_15.png,008/008_19.png,1
008/008_15.png,008/008_20.png,1
008/008_16.png,008/008_00.png,1
008/008_16.png,008/008_01.png,1
008/008_16.png,008/008_02.png,1
008/008_16.png,008/008_03.png,1
008/008_16.png,008/008_04.png,1
008/008_16.png,008/008_05.png,1
008/008_16.png,008/008_06.png,1
008/008_16.png,008/008_07.png,1
008/008_16.png,008/008_08.png,1
008/008_16.png,008/008_09.png,1
008/008_16.png,008/008_10.png,1
008/008_16.png,008/008_11.png,1
008/008_16.png,008/008_12.png,1
008/008_16.png,008/008_13.png,1
008/008_16.png,008/008_14.png,1
008/008_16.png,008/008_15.png,1
008/008_16.png,008/008_17.png,1
008/008_16.png,008/008_18.png,1
008/008_16.png,008/008_19.png,1
008/008_16.png,008/008_20.png,1
008/008_17.png,008/008_00.png,1
008/008_17.png,008/008_01.png,1
008/008_17.png,008/008_02.png,1
008/008_17.png,008/008_03.png,1
008/008_17.png,008/008_04.png,1
008/008_17.png,008/008_05.png,1
008/008_17.png,008/008_06.png,1
008/008_17.png,008/008_07.png,1
008/008_17.png,008/008_08.png,1
008/008_17.png,008/008_09.png,1
008/008_17.png,008/008_10.png,1
008/008_17.png,008/008_11.png,1
008/008_17.png,008/008_12.png,1
008/008_17.png,008/008_13.png,1
008/008_17.png,008/008_14.png,1
008/008_17.png,008/008_15.png,1
008/008_17.png,008/008_16.png,1
008/008_17.png,008/008_18.png,1
008/008_17.png,008/008_19.png,1
008/008_17.png,008/008_20.png,1
008/008_18.png,008/008_00.png,1
008/008_18.png,008/008_01.png,1
008/008_18.png,008/008_02.png,1
008/008_18.png,008/008_03.png,1
008/008_18.png,008/008_04.png,1
008/008_18.png,008/008_05.png,1
008/008_18.png,008/008_06.png,1
008/008_18.png,008/008_07.png,1
008/008_18.png,008/008_08.png,1
008/008_18.png,008/008_09.png,1
008/008_18.png,008/008_10.png,1
008/008_18.png,008/008_11.png,1
008/008_18.png,008/008_12.png,1
008/008_18.png,008/008_13.png,1
008/008_18.png,008/008_14.png,1
008/008_18.png,008/008_15.png,1
008/008_18.png,008/008_16.png,1
008/008_18.png,008/008_17.png,1
008/008_18.png,008/008_19.png,1
008/008_18.png,008/008_20.png,1
008/008_19.png,008/008_00.png,1
008/008_19.png,008/008_01.png,1
008/008_19.png,008/008_02.png,1
008/008_19.png,008/008_03.png,1
008/008_19.png,008/008_04.png,1
008/008_19.png,008/008_05.png,1
008/008_19.png,008/008_06.png,1
008/008_19.png,008/008_07.png,1
008/008_19.png,008/008_08.png,1
008/008_19.png,008/008_09.png,1
008/008_19.png,008/008_10.png,1
008/008_19.png,008/008_11.png,1
008/008_19.png,008/008_12.png,1
008/008_19.png,008/008_13.png,1
008/008_19.png,008/008_14.png,1
008/008_19.png,008/008_15.png,1
008/008_19.png,008/008_16.png,1
008/008_19.png,008/008_17.png,1
008/008_19.png,008/008_18.png,1
008/008_19.png,008/008_20.png,1
008/008_20.png,008/008_00.png,1
008/008_20.png,008/008_01.png,1
008/008_20.png,008/008_02.png,1
008/008_20.png,008/008_03.png,1
008/008_20.png,008/008_04.png,1
008/008_20.png,008/008_05.png,1
008/008_20.png,008/008_06.png,1
008/008_20.png,008/008_07.png,1
008/008_20.png,008/008_08.png,1
008/008_20.png,008/008_09.png,1
008/008_20.png,008/008_10.png,1
008/008_20.png,008/008_11.png,1
008/008_20.png,008/008_12.png,1
008/008_20.png,008/008_13.png,1
008/008_20.png,008/008_14.png,1
008/008_20.png,008/008_15.png,1
008/008_20.png,008/008_16.png,1
008/008_20.png,008/008_17.png,1
008/008_20.png,008/008_18.png,1
008/008_20.png,008/008_19.png,1
008/008_00.png,008_forge/008_00.png,0
008/008_00.png,008_forge/008_01.png,0
008/008_00.png,008_forge/008_02.png,0
008/008_00.png,008_forge/008_03.png,0
008/008_00.png,008_forge/008_04.png,0
008/008_00.png,008_forge/008_05.png,0
008/008_00.png,008_forge/008_06.png,0
008/008_00.png,008_forge/008_07.png,0
008/008_00.png,008_forge/008_08.png,0
008/008_00.png,008_forge/008_09.png,0
008/008_00.png,008_forge/008_10.png,0
008/008_00.png,008_forge/008_11.png,0
008/008_00.png,008_forge/008_12.png,0
008/008_00.png,008_forge/008_13.png,0
008/008_00.png,008_forge/008_14.png,0
008/008_00.png,008_forge/008_15.png,0
008/008_00.png,008_forge/008_16.png,0
008/008_00.png,008_forge/008_17.png,0
008/008_00.png,008_forge/008_18.png,0
008/008_00.png,008_forge/008_19.png,0
008/008_00.png,008_forge/008_20.png,0
008/008_01.png,008_forge/008_00.png,0
008/008_01.png,008_forge/008_01.png,0
008/008_01.png,008_forge/008_02.png,0
008/008_01.png,008_forge/008_03.png,0
008/008_01.png,008_forge/008_04.png,0
008/008_01.png,008_forge/008_05.png,0
008/008_01.png,008_forge/008_06.png,0
008/008_01.png,008_forge/008_07.png,0
008/008_01.png,008_forge/008_08.png,0
008/008_01.png,008_forge/008_09.png,0
008/008_01.png,008_forge/008_10.png,0
008/008_01.png,008_forge/008_11.png,0
008/008_01.png,008_forge/008_12.png,0
008/008_01.png,008_forge/008_13.png,0
008/008_01.png,008_forge/008_14.png,0
008/008_01.png,008_forge/008_15.png,0
008/008_01.png,008_forge/008_16.png,0
008/008_01.png,008_forge/008_17.png,0
008/008_01.png,008_forge/008_18.png,0
008/008_01.png,008_forge/008_19.png,0
008/008_01.png,008_forge/008_20.png,0
008/008_02.png,008_forge/008_00.png,0
008/008_02.png,008_forge/008_01.png,0
008/008_02.png,008_forge/008_02.png,0
008/008_02.png,008_forge/008_03.png,0
008/008_02.png,008_forge/008_04.png,0
008/008_02.png,008_forge/008_05.png,0
008/008_02.png,008_forge/008_06.png,0
008/008_02.png,008_forge/008_07.png,0
008/008_02.png,008_forge/008_08.png,0
008/008_02.png,008_forge/008_09.png,0
008/008_02.png,008_forge/008_10.png,0
008/008_02.png,008_forge/008_11.png,0
008/008_02.png,008_forge/008_12.png,0
008/008_02.png,008_forge/008_13.png,0
008/008_02.png,008_forge/008_14.png,0
008/008_02.png,008_forge/008_15.png,0
008/008_02.png,008_forge/008_16.png,0
008/008_02.png,008_forge/008_17.png,0
008/008_02.png,008_forge/008_18.png,0
008/008_02.png,008_forge/008_19.png,0
008/008_02.png,008_forge/008_20.png,0
008/008_03.png,008_forge/008_00.png,0
008/008_03.png,008_forge/008_01.png,0
008/008_03.png,008_forge/008_02.png,0
008/008_03.png,008_forge/008_03.png,0
008/008_03.png,008_forge/008_04.png,0
008/008_03.png,008_forge/008_05.png,0
008/008_03.png,008_forge/008_06.png,0
008/008_03.png,008_forge/008_07.png,0
008/008_03.png,008_forge/008_08.png,0
008/008_03.png,008_forge/008_09.png,0
008/008_03.png,008_forge/008_10.png,0
008/008_03.png,008_forge/008_11.png,0
008/008_03.png,008_forge/008_12.png,0
008/008_03.png,008_forge/008_13.png,0
008/008_03.png,008_forge/008_14.png,0
008/008_03.png,008_forge/008_15.png,0
008/008_03.png,008_forge/008_16.png,0
008/008_03.png,008_forge/008_17.png,0
008/008_03.png,008_forge/008_18.png,0
008/008_03.png,008_forge/008_19.png,0
008/008_03.png,008_forge/008_20.png,0
008/008_04.png,008_forge/008_00.png,0
008/008_04.png,008_forge/008_01.png,0
008/008_04.png,008_forge/008_02.png,0
008/008_04.png,008_forge/008_03.png,0
008/008_04.png,008_forge/008_04.png,0
008/008_04.png,008_forge/008_05.png,0
008/008_04.png,008_forge/008_06.png,0
008/008_04.png,008_forge/008_07.png,0
008/008_04.png,008_forge/008_08.png,0
008/008_04.png,008_forge/008_09.png,0
008/008_04.png,008_forge/008_10.png,0
008/008_04.png,008_forge/008_11.png,0
008/008_04.png,008_forge/008_12.png,0
008/008_04.png,008_forge/008_13.png,0
008/008_04.png,008_forge/008_14.png,0
008/008_04.png,008_forge/008_15.png,0
008/008_04.png,008_forge/008_16.png,0
008/008_04.png,008_forge/008_17.png,0
008/008_04.png,008_forge/008_18.png,0
008/008_04.png,008_forge/008_19.png,0
008/008_04.png,008_forge/008_20.png,0
008/008_05.png,008_forge/008_00.png,0
008/008_05.png,008_forge/008_01.png,0
008/008_05.png,008_forge/008_02.png,0
008/008_05.png,008_forge/008_03.png,0
008/008_05.png,008_forge/008_04.png,0
008/008_05.png,008_forge/008_05.png,0
008/008_05.png,008_forge/008_06.png,0
008/008_05.png,008_forge/008_07.png,0
008/008_05.png,008_forge/008_08.png,0
008/008_05.png,008_forge/008_09.png,0
008/008_05.png,008_forge/008_10.png,0
008/008_05.png,008_forge/008_11.png,0
008/008_05.png,008_forge/008_12.png,0
008/008_05.png,008_forge/008_13.png,0
008/008_05.png,008_forge/008_14.png,0
008/008_05.png,008_forge/008_15.png,0
008/008_05.png,008_forge/008_16.png,0
008/008_05.png,008_forge/008_17.png,0
008/008_05.png,008_forge/008_18.png,0
008/008_05.png,008_forge/008_19.png,0
008/008_05.png,008_forge/008_20.png,0
008/008_06.png,008_forge/008_00.png,0
008/008_06.png,008_forge/008_01.png,0
008/008_06.png,008_forge/008_02.png,0
008/008_06.png,008_forge/008_03.png,0
008/008_06.png,008_forge/008_04.png,0
008/008_06.png,008_forge/008_05.png,0
008/008_06.png,008_forge/008_06.png,0
008/008_06.png,008_forge/008_07.png,0
008/008_06.png,008_forge/008_08.png,0
008/008_06.png,008_forge/008_09.png,0
008/008_06.png,008_forge/008_10.png,0
008/008_06.png,008_forge/008_11.png,0
008/008_06.png,008_forge/008_12.png,0
008/008_06.png,008_forge/008_13.png,0
008/008_06.png,008_forge/008_14.png,0
008/008_06.png,008_forge/008_15.png,0
008/008_06.png,008_forge/008_16.png,0
008/008_06.png,008_forge/008_17.png,0
008/008_06.png,008_forge/008_18.png,0
008/008_06.png,008_forge/008_19.png,0
008/008_06.png,008_forge/008_20.png,0
008/008_07.png,008_forge/008_00.png,0
008/008_07.png,008_forge/008_01.png,0
008/008_07.png,008_forge/008_02.png,0
008/008_07.png,008_forge/008_03.png,0
008/008_07.png,008_forge/008_04.png,0
008/008_07.png,008_forge/008_05.png,0
008/008_07.png,008_forge/008_06.png,0
008/008_07.png,008_forge/008_07.png,0
008/008_07.png,008_forge/008_08.png,0
008/008_07.png,008_forge/008_09.png,0
008/008_07.png,008_forge/008_10.png,0
008/008_07.png,008_forge/008_11.png,0
008/008_07.png,008_forge/008_12.png,0
008/008_07.png,008_forge/008_13.png,0
008/008_07.png,008_forge/008_14.png,0
008/008_07.png,008_forge/008_15.png,0
008/008_07.png,008_forge/008_16.png,0
008/008_07.png,008_forge/008_17.png,0
008/008_07.png,008_forge/008_18.png,0
008/008_07.png,008_forge/008_19.png,0
008/008_07.png,008_forge/008_20.png,0
008/008_08.png,008_forge/008_00.png,0
008/008_08.png,008_forge/008_01.png,0
008/008_08.png,008_forge/008_02.png,0
008/008_08.png,008_forge/008_03.png,0
008/008_08.png,008_forge/008_04.png,0
008/008_08.png,008_forge/008_05.png,0
008/008_08.png,008_forge/008_06.png,0
008/008_08.png,008_forge/008_07.png,0
008/008_08.png,008_forge/008_08.png,0
008/008_08.png,008_forge/008_09.png,0
008/008_08.png,008_forge/008_10.png,0
008/008_08.png,008_forge/008_11.png,0
008/008_08.png,008_forge/008_12.png,0
008/008_08.png,008_forge/008_13.png,0
008/008_08.png,008_forge/008_14.png,0
008/008_08.png,008_forge/008_15.png,0
008/008_08.png,008_forge/008_16.png,0
008/008_08.png,008_forge/008_17.png,0
008/008_08.png,008_forge/008_18.png,0
008/008_08.png,008_forge/008_19.png,0
008/008_08.png,008_forge/008_20.png,0
008/008_09.png,008_forge/008_00.png,0
008/008_09.png,008_forge/008_01.png,0
008/008_09.png,008_forge/008_02.png,0
008/008_09.png,008_forge/008_03.png,0
008/008_09.png,008_forge/008_04.png,0
008/008_09.png,008_forge/008_05.png,0
008/008_09.png,008_forge/008_06.png,0
008/008_09.png,008_forge/008_07.png,0
008/008_09.png,008_forge/008_08.png,0
008/008_09.png,008_forge/008_09.png,0
008/008_09.png,008_forge/008_10.png,0
008/008_09.png,008_forge/008_11.png,0
008/008_09.png,008_forge/008_12.png,0
008/008_09.png,008_forge/008_13.png,0
008/008_09.png,008_forge/008_14.png,0
008/008_09.png,008_forge/008_15.png,0
008/008_09.png,008_forge/008_16.png,0
008/008_09.png,008_forge/008_17.png,0
008/008_09.png,008_forge/008_18.png,0
008/008_09.png,008_forge/008_19.png,0
008/008_09.png,008_forge/008_20.png,0
008/008_10.png,008_forge/008_00.png,0
008/008_10.png,008_forge/008_01.png,0
008/008_10.png,008_forge/008_02.png,0
008/008_10.png,008_forge/008_03.png,0
008/008_10.png,008_forge/008_04.png,0
008/008_10.png,008_forge/008_05.png,0
008/008_10.png,008_forge/008_06.png,0
008/008_10.png,008_forge/008_07.png,0
008/008_10.png,008_forge/008_08.png,0
008/008_10.png,008_forge/008_09.png,0
008/008_10.png,008_forge/008_10.png,0
008/008_10.png,008_forge/008_11.png,0
008/008_10.png,008_forge/008_12.png,0
008/008_10.png,008_forge/008_13.png,0
008/008_10.png,008_forge/008_14.png,0
008/008_10.png,008_forge/008_15.png,0
008/008_10.png,008_forge/008_16.png,0
008/008_10.png,008_forge/008_17.png,0
008/008_10.png,008_forge/008_18.png,0
008/008_10.png,008_forge/008_19.png,0
008/008_10.png,008_forge/008_20.png,0
008/008_11.png,008_forge/008_00.png,0
008/008_11.png,008_forge/008_01.png,0
008/008_11.png,008_forge/008_02.png,0
008/008_11.png,008_forge/008_03.png,0
008/008_11.png,008_forge/008_04.png,0
008/008_11.png,008_forge/008_05.png,0
008/008_11.png,008_forge/008_06.png,0
008/008_11.png,008_forge/008_07.png,0
008/008_11.png,008_forge/008_08.png,0
008/008_11.png,008_forge/008_09.png,0
008/008_11.png,008_forge/008_10.png,0
008/008_11.png,008_forge/008_11.png,0
008/008_11.png,008_forge/008_12.png,0
008/008_11.png,008_forge/008_13.png,0
008/008_11.png,008_forge/008_14.png,0
008/008_11.png,008_forge/008_15.png,0
008/008_11.png,008_forge/008_16.png,0
008/008_11.png,008_forge/008_17.png,0
008/008_11.png,008_forge/008_18.png,0
008/008_11.png,008_forge/008_19.png,0
008/008_11.png,008_forge/008_20.png,0
008/008_12.png,008_forge/008_00.png,0
008/008_12.png,008_forge/008_01.png,0
008/008_12.png,008_forge/008_02.png,0
008/008_12.png,008_forge/008_03.png,0
008/008_12.png,008_forge/008_04.png,0
008/008_12.png,008_forge/008_05.png,0
008/008_12.png,008_forge/008_06.png,0
008/008_12.png,008_forge/008_07.png,0
008/008_12.png,008_forge/008_08.png,0
008/008_12.png,008_forge/008_09.png,0
008/008_12.png,008_forge/008_10.png,0
008/008_12.png,008_forge/008_11.png,0
008/008_12.png,008_forge/008_12.png,0
008/008_12.png,008_forge/008_13.png,0
008/008_12.png,008_forge/008_14.png,0
008/008_12.png,008_forge/008_15.png,0
008/008_12.png,008_forge/008_16.png,0
008/008_12.png,008_forge/008_17.png,0
008/008_12.png,008_forge/008_18.png,0
008/008_12.png,008_forge/008_19.png,0
008/008_12.png,008_forge/008_20.png,0
008/008_13.png,008_forge/008_00.png,0
008/008_13.png,008_forge/008_01.png,0
008/008_13.png,008_forge/008_02.png,0
008/008_13.png,008_forge/008_03.png,0
008/008_13.png,008_forge/008_04.png,0
008/008_13.png,008_forge/008_05.png,0
008/008_13.png,008_forge/008_06.png,0
008/008_13.png,008_forge/008_07.png,0
008/008_13.png,008_forge/008_08.png,0
008/008_13.png,008_forge/008_09.png,0
008/008_13.png,008_forge/008_10.png,0
008/008_13.png,008_forge/008_11.png,0
008/008_13.png,008_forge/008_12.png,0
008/008_13.png,008_forge/008_13.png,0
008/008_13.png,008_forge/008_14.png,0
008/008_13.png,008_forge/008_15.png,0
008/008_13.png,008_forge/008_16.png,0
008/008_13.png,008_forge/008_17.png,0
008/008_13.png,008_forge/008_18.png,0
008/008_13.png,008_forge/008_19.png,0
008/008_13.png,008_forge/008_20.png,0
008/008_14.png,008_forge/008_00.png,0
008/008_14.png,008_forge/008_01.png,0
008/008_14.png,008_forge/008_02.png,0
008/008_14.png,008_forge/008_03.png,0
008/008_14.png,008_forge/008_04.png,0
008/008_14.png,008_forge/008_05.png,0
008/008_14.png,008_forge/008_06.png,0
008/008_14.png,008_forge/008_07.png,0
008/008_14.png,008_forge/008_08.png,0
008/008_14.png,008_forge/008_09.png,0
008/008_14.png,008_forge/008_10.png,0
008/008_14.png,008_forge/008_11.png,0
008/008_14.png,008_forge/008_12.png,0
008/008_14.png,008_forge/008_13.png,0
008/008_14.png,008_forge/008_14.png,0
008/008_14.png,008_forge/008_15.png,0
008/008_14.png,008_forge/008_16.png,0
008/008_14.png,008_forge/008_17.png,0
008/008_14.png,008_forge/008_18.png,0
008/008_14.png,008_forge/008_19.png,0
008/008_14.png,008_forge/008_20.png,0
008/008_15.png,008_forge/008_00.png,0
008/008_15.png,008_forge/008_01.png,0
008/008_15.png,008_forge/008_02.png,0
008/008_15.png,008_forge/008_03.png,0
008/008_15.png,008_forge/008_04.png,0
008/008_15.png,008_forge/008_05.png,0
008/008_15.png,008_forge/008_06.png,0
008/008_15.png,008_forge/008_07.png,0
008/008_15.png,008_forge/008_08.png,0
008/008_15.png,008_forge/008_09.png,0
008/008_15.png,008_forge/008_10.png,0
008/008_15.png,008_forge/008_11.png,0
008/008_15.png,008_forge/008_12.png,0
008/008_15.png,008_forge/008_13.png,0
008/008_15.png,008_forge/008_14.png,0
008/008_15.png,008_forge/008_15.png,0
008/008_15.png,008_forge/008_16.png,0
008/008_15.png,008_forge/008_17.png,0
008/008_15.png,008_forge/008_18.png,0
008/008_15.png,008_forge/008_19.png,0
008/008_15.png,008_forge/008_20.png,0
008/008_16.png,008_forge/008_00.png,0
008/008_16.png,008_forge/008_01.png,0
008/008_16.png,008_forge/008_02.png,0
008/008_16.png,008_forge/008_03.png,0
008/008_16.png,008_forge/008_04.png,0
008/008_16.png,008_forge/008_05.png,0
008/008_16.png,008_forge/008_06.png,0
008/008_16.png,008_forge/008_07.png,0
008/008_16.png,008_forge/008_08.png,0
008/008_16.png,008_forge/008_09.png,0
008/008_16.png,008_forge/008_10.png,0
008/008_16.png,008_forge/008_11.png,0
008/008_16.png,008_forge/008_12.png,0
008/008_16.png,008_forge/008_13.png,0
008/008_16.png,008_forge/008_14.png,0
008/008_16.png,008_forge/008_15.png,0
008/008_16.png,008_forge/008_16.png,0
008/008_16.png,008_forge/008_17.png,0
008/008_16.png,008_forge/008_18.png,0
008/008_16.png,008_forge/008_19.png,0
008/008_16.png,008_forge/008_20.png,0
008/008_17.png,008_forge/008_00.png,0
008/008_17.png,008_forge/008_01.png,0
008/008_17.png,008_forge/008_02.png,0
008/008_17.png,008_forge/008_03.png,0
008/008_17.png,008_forge/008_04.png,0
008/008_17.png,008_forge/008_05.png,0
008/008_17.png,008_forge/008_06.png,0
008/008_17.png,008_forge/008_07.png,0
008/008_17.png,008_forge/008_08.png,0
008/008_17.png,008_forge/008_09.png,0
008/008_17.png,008_forge/008_10.png,0
008/008_17.png,008_forge/008_11.png,0
008/008_17.png,008_forge/008_12.png,0
008/008_17.png,008_forge/008_13.png,0
008/008_17.png,008_forge/008_14.png,0
008/008_17.png,008_forge/008_15.png,0
008/008_17.png,008_forge/008_16.png,0
008/008_17.png,008_forge/008_17.png,0
008/008_17.png,008_forge/008_18.png,0
008/008_17.png,008_forge/008_19.png,0
008/008_17.png,008_forge/008_20.png,0
008/008_18.png,008_forge/008_00.png,0
008/008_18.png,008_forge/008_01.png,0
008/008_18.png,008_forge/008_02.png,0
008/008_18.png,008_forge/008_03.png,0
008/008_18.png,008_forge/008_04.png,0
008/008_18.png,008_forge/008_05.png,0
008/008_18.png,008_forge/008_06.png,0
008/008_18.png,008_forge/008_07.png,0
008/008_18.png,008_forge/008_08.png,0
008/008_18.png,008_forge/008_09.png,0
008/008_18.png,008_forge/008_10.png,0
008/008_18.png,008_forge/008_11.png,0
008/008_18.png,008_forge/008_12.png,0
008/008_18.png,008_forge/008_13.png,0
008/008_18.png,008_forge/008_14.png,0
008/008_18.png,008_forge/008_15.png,0
008/008_18.png,008_forge/008_16.png,0
008/008_18.png,008_forge/008_17.png,0
008/008_18.png,008_forge/008_18.png,0
008/008_18.png,008_forge/008_19.png,0
008/008_18.png,008_forge/008_20.png,0
008/008_19.png,008_forge/008_00.png,0
008/008_19.png,008_forge/008_01.png,0
008/008_19.png,008_forge/008_02.png,0
008/008_19.png,008_forge/008_03.png,0
008/008_19.png,008_forge/008_04.png,0
008/008_19.png,008_forge/008_05.png,0
008/008_19.png,008_forge/008_06.png,0
008/008_19.png,008_forge/008_07.png,0
008/008_19.png,008_forge/008_08.png,0
008/008_19.png,008_forge/008_09.png,0
008/008_19.png,008_forge/008_10.png,0
008/008_19.png,008_forge/008_11.png,0
008/008_19.png,008_forge/008_12.png,0
008/008_19.png,008_forge/008_13.png,0
008/008_19.png,008_forge/008_14.png,0
008/008_19.png,008_forge/008_15.png,0
008/008_19.png,008_forge/008_16.png,0
008/008_19.png,008_forge/008_17.png,0
008/008_19.png,008_forge/008_18.png,0
008/008_19.png,008_forge/008_19.png,0
008/008_19.png,008_forge/008_20.png,0
008/008_20.png,008_forge/008_00.png,0
008/008_20.png,008_forge/008_01.png,0
008/008_20.png,008_forge/008_02.png,0
008/008_20.png,008_forge/008_03.png,0
008/008_20.png,008_forge/008_04.png,0
008/008_20.png,008_forge/008_05.png,0
008/008_20.png,008_forge/008_06.png,0
008/008_20.png,008_forge/008_07.png,0
008/008_20.png,008_forge/008_08.png,0
008/008_20.png,008_forge/008_09.png,0
008/008_20.png,008_forge/008_10.png,0
008/008_20.png,008_forge/008_11.png,0
008/008_20.png,008_forge/008_12.png,0
008/008_20.png,008_forge/008_13.png,0
008/008_20.png,008_forge/008_14.png,0
008/008_20.png,008_forge/008_15.png,0
008/008_20.png,008_forge/008_16.png,0
008/008_20.png,008_forge/008_17.png,0
008/008_20.png,008_forge/008_18.png,0
008/008_20.png,008_forge/008_19.png,0
008/008_20.png,008_forge/008_20.png,0
009/009_00.png,009/009_01.png,1
009/009_00.png,009/009_02.png,1
009/009_00.png,009/009_03.png,1
009/009_00.png,009/009_04.png,1
009/009_00.png,009/009_05.png,1
009/009_00.png,009/009_06.png,1
009/009_00.png,009/009_07.png,1
009/009_00.png,009/009_08.png,1
009/009_00.png,009/009_09.png,1
009/009_00.png,009/009_10.png,1
009/009_00.png,009/009_11.png,1
009/009_00.png,009/009_12.png,1
009/009_00.png,009/009_13.png,1
009/009_00.png,009/009_14.png,1
009/009_00.png,009/009_15.png,1
009/009_00.png,009/009_16.png,1
009/009_00.png,009/009_17.png,1
009/009_00.png,009/009_18.png,1
009/009_00.png,009/009_19.png,1
009/009_00.png,009/009_20.png,1
009/009_01.png,009/009_00.png,1
009/009_01.png,009/009_02.png,1
009/009_01.png,009/009_03.png,1
009/009_01.png,009/009_04.png,1
009/009_01.png,009/009_05.png,1
009/009_01.png,009/009_06.png,1
009/009_01.png,009/009_07.png,1
009/009_01.png,009/009_08.png,1
009/009_01.png,009/009_09.png,1
009/009_01.png,009/009_10.png,1
009/009_01.png,009/009_11.png,1
009/009_01.png,009/009_12.png,1
009/009_01.png,009/009_13.png,1
009/009_01.png,009/009_14.png,1
009/009_01.png,009/009_15.png,1
009/009_01.png,009/009_16.png,1
009/009_01.png,009/009_17.png,1
009/009_01.png,009/009_18.png,1
009/009_01.png,009/009_19.png,1
009/009_01.png,009/009_20.png,1
009/009_02.png,009/009_00.png,1
009/009_02.png,009/009_01.png,1
009/009_02.png,009/009_03.png,1
009/009_02.png,009/009_04.png,1
009/009_02.png,009/009_05.png,1
009/009_02.png,009/009_06.png,1
009/009_02.png,009/009_07.png,1
009/009_02.png,009/009_08.png,1
009/009_02.png,009/009_09.png,1
009/009_02.png,009/009_10.png,1
009/009_02.png,009/009_11.png,1
009/009_02.png,009/009_12.png,1
009/009_02.png,009/009_13.png,1
009/009_02.png,009/009_14.png,1
009/009_02.png,009/009_15.png,1
009/009_02.png,009/009_16.png,1
009/009_02.png,009/009_17.png,1
009/009_02.png,009/009_18.png,1
009/009_02.png,009/009_19.png,1
009/009_02.png,009/009_20.png,1
009/009_03.png,009/009_00.png,1
009/009_03.png,009/009_01.png,1
009/009_03.png,009/009_02.png,1
009/009_03.png,009/009_04.png,1
009/009_03.png,009/009_05.png,1
009/009_03.png,009/009_06.png,1
009/009_03.png,009/009_07.png,1
009/009_03.png,009/009_08.png,1
009/009_03.png,009/009_09.png,1
009/009_03.png,009/009_10.png,1
009/009_03.png,009/009_11.png,1
009/009_03.png,009/009_12.png,1
009/009_03.png,009/009_13.png,1
009/009_03.png,009/009_14.png,1
009/009_03.png,009/009_15.png,1
009/009_03.png,009/009_16.png,1
009/009_03.png,009/009_17.png,1
009/009_03.png,009/009_18.png,1
009/009_03.png,009/009_19.png,1
009/009_03.png,009/009_20.png,1
009/009_04.png,009/009_00.png,1
009/009_04.png,009/009_01.png,1
009/009_04.png,009/009_02.png,1
009/009_04.png,009/009_03.png,1
009/009_04.png,009/009_05.png,1
009/009_04.png,009/009_06.png,1
009/009_04.png,009/009_07.png,1
009/009_04.png,009/009_08.png,1
009/009_04.png,009/009_09.png,1
009/009_04.png,009/009_10.png,1
009/009_04.png,009/009_11.png,1
009/009_04.png,009/009_12.png,1
009/009_04.png,009/009_13.png,1
009/009_04.png,009/009_14.png,1
009/009_04.png,009/009_15.png,1
009/009_04.png,009/009_16.png,1
009/009_04.png,009/009_17.png,1
009/009_04.png,009/009_18.png,1
009/009_04.png,009/009_19.png,1
009/009_04.png,009/009_20.png,1
009/009_05.png,009/009_00.png,1
009/009_05.png,009/009_01.png,1
009/009_05.png,009/009_02.png,1
009/009_05.png,009/009_03.png,1
009/009_05.png,009/009_04.png,1
009/009_05.png,009/009_06.png,1
009/009_05.png,009/009_07.png,1
009/009_05.png,009/009_08.png,1
009/009_05.png,009/009_09.png,1
009/009_05.png,009/009_10.png,1
009/009_05.png,009/009_11.png,1
009/009_05.png,009/009_12.png,1
009/009_05.png,009/009_13.png,1
009/009_05.png,009/009_14.png,1
009/009_05.png,009/009_15.png,1
009/009_05.png,009/009_16.png,1
009/009_05.png,009/009_17.png,1
009/009_05.png,009/009_18.png,1
009/009_05.png,009/009_19.png,1
009/009_05.png,009/009_20.png,1
009/009_06.png,009/009_00.png,1
009/009_06.png,009/009_01.png,1
009/009_06.png,009/009_02.png,1
009/009_06.png,009/009_03.png,1
009/009_06.png,009/009_04.png,1
009/009_06.png,009/009_05.png,1
009/009_06.png,009/009_07.png,1
009/009_06.png,009/009_08.png,1
009/009_06.png,009/009_09.png,1
009/009_06.png,009/009_10.png,1
009/009_06.png,009/009_11.png,1
009/009_06.png,009/009_12.png,1
009/009_06.png,009/009_13.png,1
009/009_06.png,009/009_14.png,1
009/009_06.png,009/009_15.png,1
009/009_06.png,009/009_16.png,1
009/009_06.png,009/009_17.png,1
009/009_06.png,009/009_18.png,1
009/009_06.png,009/009_19.png,1
009/009_06.png,009/009_20.png,1
009/009_07.png,009/009_00.png,1
009/009_07.png,009/009_01.png,1
009/009_07.png,009/009_02.png,1
009/009_07.png,009/009_03.png,1
009/009_07.png,009/009_04.png,1
009/009_07.png,009/009_05.png,1
009/009_07.png,009/009_06.png,1
009/009_07.png,009/009_08.png,1
009/009_07.png,009/009_09.png,1
009/009_07.png,009/009_10.png,1
009/009_07.png,009/009_11.png,1
009/009_07.png,009/009_12.png,1
009/009_07.png,009/009_13.png,1
009/009_07.png,009/009_14.png,1
009/009_07.png,009/009_15.png,1
009/009_07.png,009/009_16.png,1
009/009_07.png,009/009_17.png,1
009/009_07.png,009/009_18.png,1
009/009_07.png,009/009_19.png,1
009/009_07.png,009/009_20.png,1
009/009_08.png,009/009_00.png,1
009/009_08.png,009/009_01.png,1
009/009_08.png,009/009_02.png,1
009/009_08.png,009/009_03.png,1
009/009_08.png,009/009_04.png,1
009/009_08.png,009/009_05.png,1
009/009_08.png,009/009_06.png,1
009/009_08.png,009/009_07.png,1
009/009_08.png,009/009_09.png,1
009/009_08.png,009/009_10.png,1
009/009_08.png,009/009_11.png,1
009/009_08.png,009/009_12.png,1
009/009_08.png,009/009_13.png,1
009/009_08.png,009/009_14.png,1
009/009_08.png,009/009_15.png,1
009/009_08.png,009/009_16.png,1
009/009_08.png,009/009_17.png,1
009/009_08.png,009/009_18.png,1
009/009_08.png,009/009_19.png,1
009/009_08.png,009/009_20.png,1
009/009_09.png,009/009_00.png,1
009/009_09.png,009/009_01.png,1
009/009_09.png,009/009_02.png,1
009/009_09.png,009/009_03.png,1
009/009_09.png,009/009_04.png,1
009/009_09.png,009/009_05.png,1
009/009_09.png,009/009_06.png,1
009/009_09.png,009/009_07.png,1
009/009_09.png,009/009_08.png,1
009/009_09.png,009/009_10.png,1
009/009_09.png,009/009_11.png,1
009/009_09.png,009/009_12.png,1
009/009_09.png,009/009_13.png,1
009/009_09.png,009/009_14.png,1
009/009_09.png,009/009_15.png,1
009/009_09.png,009/009_16.png,1
009/009_09.png,009/009_17.png,1
009/009_09.png,009/009_18.png,1
009/009_09.png,009/009_19.png,1
009/009_09.png,009/009_20.png,1
009/009_10.png,009/009_00.png,1
009/009_10.png,009/009_01.png,1
009/009_10.png,009/009_02.png,1
009/009_10.png,009/009_03.png,1
009/009_10.png,009/009_04.png,1
009/009_10.png,009/009_05.png,1
009/009_10.png,009/009_06.png,1
009/009_10.png,009/009_07.png,1
009/009_10.png,009/009_08.png,1
009/009_10.png,009/009_09.png,1
009/009_10.png,009/009_11.png,1
009/009_10.png,009/009_12.png,1
009/009_10.png,009/009_13.png,1
009/009_10.png,009/009_14.png,1
009/009_10.png,009/009_15.png,1
009/009_10.png,009/009_16.png,1
009/009_10.png,009/009_17.png,1
009/009_10.png,009/009_18.png,1
009/009_10.png,009/009_19.png,1
009/009_10.png,009/009_20.png,1
009/009_11.png,009/009_00.png,1
009/009_11.png,009/009_01.png,1
009/009_11.png,009/009_02.png,1
009/009_11.png,009/009_03.png,1
009/009_11.png,009/009_04.png,1
009/009_11.png,009/009_05.png,1
009/009_11.png,009/009_06.png,1
009/009_11.png,009/009_07.png,1
009/009_11.png,009/009_08.png,1
009/009_11.png,009/009_09.png,1
009/009_11.png,009/009_10.png,1
009/009_11.png,009/009_12.png,1
009/009_11.png,009/009_13.png,1
009/009_11.png,009/009_14.png,1
009/009_11.png,009/009_15.png,1
009/009_11.png,009/009_16.png,1
009/009_11.png,009/009_17.png,1
009/009_11.png,009/009_18.png,1
009/009_11.png,009/009_19.png,1
009/009_11.png,009/009_20.png,1
009/009_12.png,009/009_00.png,1
009/009_12.png,009/009_01.png,1
009/009_12.png,009/009_02.png,1
009/009_12.png,009/009_03.png,1
009/009_12.png,009/009_04.png,1
009/009_12.png,009/009_05.png,1
009/009_12.png,009/009_06.png,1
009/009_12.png,009/009_07.png,1
009/009_12.png,009/009_08.png,1
009/009_12.png,009/009_09.png,1
009/009_12.png,009/009_10.png,1
009/009_12.png,009/009_11.png,1
009/009_12.png,009/009_13.png,1
009/009_12.png,009/009_14.png,1
009/009_12.png,009/009_15.png,1
009/009_12.png,009/009_16.png,1
009/009_12.png,009/009_17.png,1
009/009_12.png,009/009_18.png,1
009/009_12.png,009/009_19.png,1
009/009_12.png,009/009_20.png,1
009/009_13.png,009/009_00.png,1
009/009_13.png,009/009_01.png,1
009/009_13.png,009/009_02.png,1
009/009_13.png,009/009_03.png,1
009/009_13.png,009/009_04.png,1
009/009_13.png,009/009_05.png,1
009/009_13.png,009/009_06.png,1
009/009_13.png,009/009_07.png,1
009/009_13.png,009/009_08.png,1
009/009_13.png,009/009_09.png,1
009/009_13.png,009/009_10.png,1
009/009_13.png,009/009_11.png,1
009/009_13.png,009/009_12.png,1
009/009_13.png,009/009_14.png,1
009/009_13.png,009/009_15.png,1
009/009_13.png,009/009_16.png,1
009/009_13.png,009/009_17.png,1
009/009_13.png,009/009_18.png,1
009/009_13.png,009/009_19.png,1
009/009_13.png,009/009_20.png,1
009/009_14.png,009/009_00.png,1
009/009_14.png,009/009_01.png,1
009/009_14.png,009/009_02.png,1
009/009_14.png,009/009_03.png,1
009/009_14.png,009/009_04.png,1
009/009_14.png,009/009_05.png,1
009/009_14.png,009/009_06.png,1
009/009_14.png,009/009_07.png,1
009/009_14.png,009/009_08.png,1
009/009_14.png,009/009_09.png,1
009/009_14.png,009/009_10.png,1
009/009_14.png,009/009_11.png,1
009/009_14.png,009/009_12.png,1
009/009_14.png,009/009_13.png,1
009/009_14.png,009/009_15.png,1
009/009_14.png,009/009_16.png,1
009/009_14.png,009/009_17.png,1
009/009_14.png,009/009_18.png,1
009/009_14.png,009/009_19.png,1
009/009_14.png,009/009_20.png,1
009/009_15.png,009/009_00.png,1
009/009_15.png,009/009_01.png,1
009/009_15.png,009/009_02.png,1
009/009_15.png,009/009_03.png,1
009/009_15.png,009/009_04.png,1
009/009_15.png,009/009_05.png,1
009/009_15.png,009/009_06.png,1
009/009_15.png,009/009_07.png,1
009/009_15.png,009/009_08.png,1
009/009_15.png,009/009_09.png,1
009/009_15.png,009/009_10.png,1
009/009_15.png,009/009_11.png,1
009/009_15.png,009/009_12.png,1
009/009_15.png,009/009_13.png,1
009/009_15.png,009/009_14.png,1
009/009_15.png,009/009_16.png,1
009/009_15.png,009/009_17.png,1
009/009_15.png,009/009_18.png,1
009/009_15.png,009/009_19.png,1
009/009_15.png,009/009_20.png,1
009/009_16.png,009/009_00.png,1
009/009_16.png,009/009_01.png,1
009/009_16.png,009/009_02.png,1
009/009_16.png,009/009_03.png,1
009/009_16.png,009/009_04.png,1
009/009_16.png,009/009_05.png,1
009/009_16.png,009/009_06.png,1
009/009_16.png,009/009_07.png,1
009/009_16.png,009/009_08.png,1
009/009_16.png,009/009_09.png,1
009/009_16.png,009/009_10.png,1
009/009_16.png,009/009_11.png,1
009/009_16.png,009/009_12.png,1
009/009_16.png,009/009_13.png,1
009/009_16.png,009/009_14.png,1
009/009_16.png,009/009_15.png,1
009/009_16.png,009/009_17.png,1
009/009_16.png,009/009_18.png,1
009/009_16.png,009/009_19.png,1
009/009_16.png,009/009_20.png,1
009/009_17.png,009/009_00.png,1
009/009_17.png,009/009_01.png,1
009/009_17.png,009/009_02.png,1
009/009_17.png,009/009_03.png,1
009/009_17.png,009/009_04.png,1
009/009_17.png,009/009_05.png,1
009/009_17.png,009/009_06.png,1
009/009_17.png,009/009_07.png,1
009/009_17.png,009/009_08.png,1
009/009_17.png,009/009_09.png,1
009/009_17.png,009/009_10.png,1
009/009_17.png,009/009_11.png,1
009/009_17.png,009/009_12.png,1
009/009_17.png,009/009_13.png,1
009/009_17.png,009/009_14.png,1
009/009_17.png,009/009_15.png,1
009/009_17.png,009/009_16.png,1
009/009_17.png,009/009_18.png,1
009/009_17.png,009/009_19.png,1
009/009_17.png,009/009_20.png,1
009/009_18.png,009/009_00.png,1
009/009_18.png,009/009_01.png,1
009/009_18.png,009/009_02.png,1
009/009_18.png,009/009_03.png,1
009/009_18.png,009/009_04.png,1
009/009_18.png,009/009_05.png,1
009/009_18.png,009/009_06.png,1
009/009_18.png,009/009_07.png,1
009/009_18.png,009/009_08.png,1
009/009_18.png,009/009_09.png,1
009/009_18.png,009/009_10.png,1
009/009_18.png,009/009_11.png,1
009/009_18.png,009/009_12.png,1
009/009_18.png,009/009_13.png,1
009/009_18.png,009/009_14.png,1
009/009_18.png,009/009_15.png,1
009/009_18.png,009/009_16.png,1
009/009_18.png,009/009_17.png,1
009/009_18.png,009/009_19.png,1
009/009_18.png,009/009_20.png,1
009/009_19.png,009/009_00.png,1
009/009_19.png,009/009_01.png,1
009/009_19.png,009/009_02.png,1
009/009_19.png,009/009_03.png,1
009/009_19.png,009/009_04.png,1
009/009_19.png,009/009_05.png,1
009/009_19.png,009/009_06.png,1
009/009_19.png,009/009_07.png,1
009/009_19.png,009/009_08.png,1
009/009_19.png,009/009_09.png,1
009/009_19.png,009/009_10.png,1
009/009_19.png,009/009_11.png,1
009/009_19.png,009/009_12.png,1
009/009_19.png,009/009_13.png,1
009/009_19.png,009/009_14.png,1
009/009_19.png,009/009_15.png,1
009/009_19.png,009/009_16.png,1
009/009_19.png,009/009_17.png,1
009/009_19.png,009/009_18.png,1
009/009_19.png,009/009_20.png,1
009/009_20.png,009/009_00.png,1
009/009_20.png,009/009_01.png,1
009/009_20.png,009/009_02.png,1
009/009_20.png,009/009_03.png,1
009/009_20.png,009/009_04.png,1
009/009_20.png,009/009_05.png,1
009/009_20.png,009/009_06.png,1
009/009_20.png,009/009_07.png,1
009/009_20.png,009/009_08.png,1
009/009_20.png,009/009_09.png,1
009/009_20.png,009/009_10.png,1
009/009_20.png,009/009_11.png,1
009/009_20.png,009/009_12.png,1
009/009_20.png,009/009_13.png,1
009/009_20.png,009/009_14.png,1
009/009_20.png,009/009_15.png,1
009/009_20.png,009/009_16.png,1
009/009_20.png,009/009_17.png,1
009/009_20.png,009/009_18.png,1
009/009_20.png,009/009_19.png,1
009/009_00.png,009_forge/009_00.png,0
009/009_00.png,009_forge/009_01.png,0
009/009_00.png,009_forge/009_02.png,0
009/009_00.png,009_forge/009_03.png,0
009/009_00.png,009_forge/009_04.png,0
009/009_00.png,009_forge/009_05.png,0
009/009_00.png,009_forge/009_06.png,0
009/009_00.png,009_forge/009_07.png,0
009/009_00.png,009_forge/009_08.png,0
009/009_00.png,009_forge/009_09.png,0
009/009_00.png,009_forge/009_10.png,0
009/009_00.png,009_forge/009_11.png,0
009/009_00.png,009_forge/009_12.png,0
009/009_00.png,009_forge/009_13.png,0
009/009_00.png,009_forge/009_14.png,0
009/009_00.png,009_forge/009_15.png,0
009/009_00.png,009_forge/009_16.png,0
009/009_00.png,009_forge/009_17.png,0
009/009_00.png,009_forge/009_18.png,0
009/009_00.png,009_forge/009_19.png,0
009/009_00.png,009_forge/009_20.png,0
009/009_01.png,009_forge/009_00.png,0
009/009_01.png,009_forge/009_01.png,0
009/009_01.png,009_forge/009_02.png,0
009/009_01.png,009_forge/009_03.png,0
009/009_01.png,009_forge/009_04.png,0
009/009_01.png,009_forge/009_05.png,0
009/009_01.png,009_forge/009_06.png,0
009/009_01.png,009_forge/009_07.png,0
009/009_01.png,009_forge/009_08.png,0
009/009_01.png,009_forge/009_09.png,0
009/009_01.png,009_forge/009_10.png,0
009/009_01.png,009_forge/009_11.png,0
009/009_01.png,009_forge/009_12.png,0
009/009_01.png,009_forge/009_13.png,0
009/009_01.png,009_forge/009_14.png,0
009/009_01.png,009_forge/009_15.png,0
009/009_01.png,009_forge/009_16.png,0
009/009_01.png,009_forge/009_17.png,0
009/009_01.png,009_forge/009_18.png,0
009/009_01.png,009_forge/009_19.png,0
009/009_01.png,009_forge/009_20.png,0
009/009_02.png,009_forge/009_00.png,0
009/009_02.png,009_forge/009_01.png,0
009/009_02.png,009_forge/009_02.png,0
009/009_02.png,009_forge/009_03.png,0
009/009_02.png,009_forge/009_04.png,0
009/009_02.png,009_forge/009_05.png,0
009/009_02.png,009_forge/009_06.png,0
009/009_02.png,009_forge/009_07.png,0
009/009_02.png,009_forge/009_08.png,0
009/009_02.png,009_forge/009_09.png,0
009/009_02.png,009_forge/009_10.png,0
009/009_02.png,009_forge/009_11.png,0
009/009_02.png,009_forge/009_12.png,0
009/009_02.png,009_forge/009_13.png,0
009/009_02.png,009_forge/009_14.png,0
009/009_02.png,009_forge/009_15.png,0
009/009_02.png,009_forge/009_16.png,0
009/009_02.png,009_forge/009_17.png,0
009/009_02.png,009_forge/009_18.png,0
009/009_02.png,009_forge/009_19.png,0
009/009_02.png,009_forge/009_20.png,0
009/009_03.png,009_forge/009_00.png,0
009/009_03.png,009_forge/009_01.png,0
009/009_03.png,009_forge/009_02.png,0
009/009_03.png,009_forge/009_03.png,0
009/009_03.png,009_forge/009_04.png,0
009/009_03.png,009_forge/009_05.png,0
009/009_03.png,009_forge/009_06.png,0
009/009_03.png,009_forge/009_07.png,0
009/009_03.png,009_forge/009_08.png,0
009/009_03.png,009_forge/009_09.png,0
009/009_03.png,009_forge/009_10.png,0
009/009_03.png,009_forge/009_11.png,0
009/009_03.png,009_forge/009_12.png,0
009/009_03.png,009_forge/009_13.png,0
009/009_03.png,009_forge/009_14.png,0
009/009_03.png,009_forge/009_15.png,0
009/009_03.png,009_forge/009_16.png,0
009/009_03.png,009_forge/009_17.png,0
009/009_03.png,009_forge/009_18.png,0
009/009_03.png,009_forge/009_19.png,0
009/009_03.png,009_forge/009_20.png,0
009/009_04.png,009_forge/009_00.png,0
009/009_04.png,009_forge/009_01.png,0
009/009_04.png,009_forge/009_02.png,0
009/009_04.png,009_forge/009_03.png,0
009/009_04.png,009_forge/009_04.png,0
009/009_04.png,009_forge/009_05.png,0
009/009_04.png,009_forge/009_06.png,0
009/009_04.png,009_forge/009_07.png,0
009/009_04.png,009_forge/009_08.png,0
009/009_04.png,009_forge/009_09.png,0
009/009_04.png,009_forge/009_10.png,0
009/009_04.png,009_forge/009_11.png,0
009/009_04.png,009_forge/009_12.png,0
009/009_04.png,009_forge/009_13.png,0
009/009_04.png,009_forge/009_14.png,0
009/009_04.png,009_forge/009_15.png,0
009/009_04.png,009_forge/009_16.png,0
009/009_04.png,009_forge/009_17.png,0
009/009_04.png,009_forge/009_18.png,0
009/009_04.png,009_forge/009_19.png,0
009/009_04.png,009_forge/009_20.png,0
009/009_05.png,009_forge/009_00.png,0
009/009_05.png,009_forge/009_01.png,0
009/009_05.png,009_forge/009_02.png,0
009/009_05.png,009_forge/009_03.png,0
009/009_05.png,009_forge/009_04.png,0
009/009_05.png,009_forge/009_05.png,0
009/009_05.png,009_forge/009_06.png,0
009/009_05.png,009_forge/009_07.png,0
009/009_05.png,009_forge/009_08.png,0
009/009_05.png,009_forge/009_09.png,0
009/009_05.png,009_forge/009_10.png,0
009/009_05.png,009_forge/009_11.png,0
009/009_05.png,009_forge/009_12.png,0
009/009_05.png,009_forge/009_13.png,0
009/009_05.png,009_forge/009_14.png,0
009/009_05.png,009_forge/009_15.png,0
009/009_05.png,009_forge/009_16.png,0
009/009_05.png,009_forge/009_17.png,0
009/009_05.png,009_forge/009_18.png,0
009/009_05.png,009_forge/009_19.png,0
009/009_05.png,009_forge/009_20.png,0
009/009_06.png,009_forge/009_00.png,0
009/009_06.png,009_forge/009_01.png,0
009/009_06.png,009_forge/009_02.png,0
009/009_06.png,009_forge/009_03.png,0
009/009_06.png,009_forge/009_04.png,0
009/009_06.png,009_forge/009_05.png,0
009/009_06.png,009_forge/009_06.png,0
009/009_06.png,009_forge/009_07.png,0
009/009_06.png,009_forge/009_08.png,0
009/009_06.png,009_forge/009_09.png,0
009/009_06.png,009_forge/009_10.png,0
009/009_06.png,009_forge/009_11.png,0
009/009_06.png,009_forge/009_12.png,0
009/009_06.png,009_forge/009_13.png,0
009/009_06.png,009_forge/009_14.png,0
009/009_06.png,009_forge/009_15.png,0
009/009_06.png,009_forge/009_16.png,0
009/009_06.png,009_forge/009_17.png,0
009/009_06.png,009_forge/009_18.png,0
009/009_06.png,009_forge/009_19.png,0
009/009_06.png,009_forge/009_20.png,0
009/009_07.png,009_forge/009_00.png,0
009/009_07.png,009_forge/009_01.png,0
009/009_07.png,009_forge/009_02.png,0
009/009_07.png,009_forge/009_03.png,0
009/009_07.png,009_forge/009_04.png,0
009/009_07.png,009_forge/009_05.png,0
009/009_07.png,009_forge/009_06.png,0
009/009_07.png,009_forge/009_07.png,0
009/009_07.png,009_forge/009_08.png,0
009/009_07.png,009_forge/009_09.png,0
009/009_07.png,009_forge/009_10.png,0
009/009_07.png,009_forge/009_11.png,0
009/009_07.png,009_forge/009_12.png,0
009/009_07.png,009_forge/009_13.png,0
009/009_07.png,009_forge/009_14.png,0
009/009_07.png,009_forge/009_15.png,0
009/009_07.png,009_forge/009_16.png,0
009/009_07.png,009_forge/009_17.png,0
009/009_07.png,009_forge/009_18.png,0
009/009_07.png,009_forge/009_19.png,0
009/009_07.png,009_forge/009_20.png,0
009/009_08.png,009_forge/009_00.png,0
009/009_08.png,009_forge/009_01.png,0
009/009_08.png,009_forge/009_02.png,0
009/009_08.png,009_forge/009_03.png,0
009/009_08.png,009_forge/009_04.png,0
009/009_08.png,009_forge/009_05.png,0
009/009_08.png,009_forge/009_06.png,0
009/009_08.png,009_forge/009_07.png,0
009/009_08.png,009_forge/009_08.png,0
009/009_08.png,009_forge/009_09.png,0
009/009_08.png,009_forge/009_10.png,0
009/009_08.png,009_forge/009_11.png,0
009/009_08.png,009_forge/009_12.png,0
009/009_08.png,009_forge/009_13.png,0
009/009_08.png,009_forge/009_14.png,0
009/009_08.png,009_forge/009_15.png,0
009/009_08.png,009_forge/009_16.png,0
009/009_08.png,009_forge/009_17.png,0
009/009_08.png,009_forge/009_18.png,0
009/009_08.png,009_forge/009_19.png,0
009/009_08.png,009_forge/009_20.png,0
009/009_09.png,009_forge/009_00.png,0
009/009_09.png,009_forge/009_01.png,0
009/009_09.png,009_forge/009_02.png,0
009/009_09.png,009_forge/009_03.png,0
009/009_09.png,009_forge/009_04.png,0
009/009_09.png,009_forge/009_05.png,0
009/009_09.png,009_forge/009_06.png,0
009/009_09.png,009_forge/009_07.png,0
009/009_09.png,009_forge/009_08.png,0
009/009_09.png,009_forge/009_09.png,0
009/009_09.png,009_forge/009_10.png,0
009/009_09.png,009_forge/009_11.png,0
009/009_09.png,009_forge/009_12.png,0
009/009_09.png,009_forge/009_13.png,0
009/009_09.png,009_forge/009_14.png,0
009/009_09.png,009_forge/009_15.png,0
009/009_09.png,009_forge/009_16.png,0
009/009_09.png,009_forge/009_17.png,0
009/009_09.png,009_forge/009_18.png,0
009/009_09.png,009_forge/009_19.png,0
009/009_09.png,009_forge/009_20.png,0
009/009_10.png,009_forge/009_00.png,0
009/009_10.png,009_forge/009_01.png,0
009/009_10.png,009_forge/009_02.png,0
009/009_10.png,009_forge/009_03.png,0
009/009_10.png,009_forge/009_04.png,0
009/009_10.png,009_forge/009_05.png,0
009/009_10.png,009_forge/009_06.png,0
009/009_10.png,009_forge/009_07.png,0
009/009_10.png,009_forge/009_08.png,0
009/009_10.png,009_forge/009_09.png,0
009/009_10.png,009_forge/009_10.png,0
009/009_10.png,009_forge/009_11.png,0
009/009_10.png,009_forge/009_12.png,0
009/009_10.png,009_forge/009_13.png,0
009/009_10.png,009_forge/009_14.png,0
009/009_10.png,009_forge/009_15.png,0
009/009_10.png,009_forge/009_16.png,0
009/009_10.png,009_forge/009_17.png,0
009/009_10.png,009_forge/009_18.png,0
009/009_10.png,009_forge/009_19.png,0
009/009_10.png,009_forge/009_20.png,0
009/009_11.png,009_forge/009_00.png,0
009/009_11.png,009_forge/009_01.png,0
009/009_11.png,009_forge/009_02.png,0
009/009_11.png,009_forge/009_03.png,0
009/009_11.png,009_forge/009_04.png,0
009/009_11.png,009_forge/009_05.png,0
009/009_11.png,009_forge/009_06.png,0
009/009_11.png,009_forge/009_07.png,0
009/009_11.png,009_forge/009_08.png,0
009/009_11.png,009_forge/009_09.png,0
009/009_11.png,009_forge/009_10.png,0
009/009_11.png,009_forge/009_11.png,0
009/009_11.png,009_forge/009_12.png,0
009/009_11.png,009_forge/009_13.png,0
009/009_11.png,009_forge/009_14.png,0
009/009_11.png,009_forge/009_15.png,0
009/009_11.png,009_forge/009_16.png,0
009/009_11.png,009_forge/009_17.png,0
009/009_11.png,009_forge/009_18.png,0
009/009_11.png,009_forge/009_19.png,0
009/009_11.png,009_forge/009_20.png,0
009/009_12.png,009_forge/009_00.png,0
009/009_12.png,009_forge/009_01.png,0
009/009_12.png,009_forge/009_02.png,0
009/009_12.png,009_forge/009_03.png,0
009/009_12.png,009_forge/009_04.png,0
009/009_12.png,009_forge/009_05.png,0
009/009_12.png,009_forge/009_06.png,0
009/009_12.png,009_forge/009_07.png,0
009/009_12.png,009_forge/009_08.png,0
009/009_12.png,009_forge/009_09.png,0
009/009_12.png,009_forge/009_10.png,0
009/009_12.png,009_forge/009_11.png,0
009/009_12.png,009_forge/009_12.png,0
009/009_12.png,009_forge/009_13.png,0
009/009_12.png,009_forge/009_14.png,0
009/009_12.png,009_forge/009_15.png,0
009/009_12.png,009_forge/009_16.png,0
009/009_12.png,009_forge/009_17.png,0
009/009_12.png,009_forge/009_18.png,0
009/009_12.png,009_forge/009_19.png,0
009/009_12.png,009_forge/009_20.png,0
009/009_13.png,009_forge/009_00.png,0
009/009_13.png,009_forge/009_01.png,0
009/009_13.png,009_forge/009_02.png,0
009/009_13.png,009_forge/009_03.png,0
009/009_13.png,009_forge/009_04.png,0
009/009_13.png,009_forge/009_05.png,0
009/009_13.png,009_forge/009_06.png,0
009/009_13.png,009_forge/009_07.png,0
009/009_13.png,009_forge/009_08.png,0
009/009_13.png,009_forge/009_09.png,0
009/009_13.png,009_forge/009_10.png,0
009/009_13.png,009_forge/009_11.png,0
009/009_13.png,009_forge/009_12.png,0
009/009_13.png,009_forge/009_13.png,0
009/009_13.png,009_forge/009_14.png,0
009/009_13.png,009_forge/009_15.png,0
009/009_13.png,009_forge/009_16.png,0
009/009_13.png,009_forge/009_17.png,0
009/009_13.png,009_forge/009_18.png,0
009/009_13.png,009_forge/009_19.png,0
009/009_13.png,009_forge/009_20.png,0
009/009_14.png,009_forge/009_00.png,0
009/009_14.png,009_forge/009_01.png,0
009/009_14.png,009_forge/009_02.png,0
009/009_14.png,009_forge/009_03.png,0
009/009_14.png,009_forge/009_04.png,0
009/009_14.png,009_forge/009_05.png,0
009/009_14.png,009_forge/009_06.png,0
009/009_14.png,009_forge/009_07.png,0
009/009_14.png,009_forge/009_08.png,0
009/009_14.png,009_forge/009_09.png,0
009/009_14.png,009_forge/009_10.png,0
009/009_14.png,009_forge/009_11.png,0
009/009_14.png,009_forge/009_12.png,0
009/009_14.png,009_forge/009_13.png,0
009/009_14.png,009_forge/009_14.png,0
009/009_14.png,009_forge/009_15.png,0
009/009_14.png,009_forge/009_16.png,0
009/009_14.png,009_forge/009_17.png,0
009/009_14.png,009_forge/009_18.png,0
009/009_14.png,009_forge/009_19.png,0
009/009_14.png,009_forge/009_20.png,0
009/009_15.png,009_forge/009_00.png,0
009/009_15.png,009_forge/009_01.png,0
009/009_15.png,009_forge/009_02.png,0
009/009_15.png,009_forge/009_03.png,0
009/009_15.png,009_forge/009_04.png,0
009/009_15.png,009_forge/009_05.png,0
009/009_15.png,009_forge/009_06.png,0
009/009_15.png,009_forge/009_07.png,0
009/009_15.png,009_forge/009_08.png,0
009/009_15.png,009_forge/009_09.png,0
009/009_15.png,009_forge/009_10.png,0
009/009_15.png,009_forge/009_11.png,0
009/009_15.png,009_forge/009_12.png,0
009/009_15.png,009_forge/009_13.png,0
009/009_15.png,009_forge/009_14.png,0
009/009_15.png,009_forge/009_15.png,0
009/009_15.png,009_forge/009_16.png,0
009/009_15.png,009_forge/009_17.png,0
009/009_15.png,009_forge/009_18.png,0
009/009_15.png,009_forge/009_19.png,0
009/009_15.png,009_forge/009_20.png,0
009/009_16.png,009_forge/009_00.png,0
009/009_16.png,009_forge/009_01.png,0
009/009_16.png,009_forge/009_02.png,0
009/009_16.png,009_forge/009_03.png,0
009/009_16.png,009_forge/009_04.png,0
009/009_16.png,009_forge/009_05.png,0
009/009_16.png,009_forge/009_06.png,0
009/009_16.png,009_forge/009_07.png,0
009/009_16.png,009_forge/009_08.png,0
009/009_16.png,009_forge/009_09.png,0
009/009_16.png,009_forge/009_10.png,0
009/009_16.png,009_forge/009_11.png,0
009/009_16.png,009_forge/009_12.png,0
009/009_16.png,009_forge/009_13.png,0
009/009_16.png,009_forge/009_14.png,0
009/009_16.png,009_forge/009_15.png,0
009/009_16.png,009_forge/009_16.png,0
009/009_16.png,009_forge/009_17.png,0
009/009_16.png,009_forge/009_18.png,0
009/009_16.png,009_forge/009_19.png,0
009/009_16.png,009_forge/009_20.png,0
009/009_17.png,009_forge/009_00.png,0
009/009_17.png,009_forge/009_01.png,0
009/009_17.png,009_forge/009_02.png,0
009/009_17.png,009_forge/009_03.png,0
009/009_17.png,009_forge/009_04.png,0
009/009_17.png,009_forge/009_05.png,0
009/009_17.png,009_forge/009_06.png,0
009/009_17.png,009_forge/009_07.png,0
009/009_17.png,009_forge/009_08.png,0
009/009_17.png,009_forge/009_09.png,0
009/009_17.png,009_forge/009_10.png,0
009/009_17.png,009_forge/009_11.png,0
009/009_17.png,009_forge/009_12.png,0
009/009_17.png,009_forge/009_13.png,0
009/009_17.png,009_forge/009_14.png,0
009/009_17.png,009_forge/009_15.png,0
009/009_17.png,009_forge/009_16.png,0
009/009_17.png,009_forge/009_17.png,0
009/009_17.png,009_forge/009_18.png,0
009/009_17.png,009_forge/009_19.png,0
009/009_17.png,009_forge/009_20.png,0
009/009_18.png,009_forge/009_00.png,0
009/009_18.png,009_forge/009_01.png,0
009/009_18.png,009_forge/009_02.png,0
009/009_18.png,009_forge/009_03.png,0
009/009_18.png,009_forge/009_04.png,0
009/009_18.png,009_forge/009_05.png,0
009/009_18.png,009_forge/009_06.png,0
009/009_18.png,009_forge/009_07.png,0
009/009_18.png,009_forge/009_08.png,0
009/009_18.png,009_forge/009_09.png,0
009/009_18.png,009_forge/009_10.png,0
009/009_18.png,009_forge/009_11.png,0
009/009_18.png,009_forge/009_12.png,0
009/009_18.png,009_forge/009_13.png,0
009/009_18.png,009_forge/009_14.png,0
009/009_18.png,009_forge/009_15.png,0
009/009_18.png,009_forge/009_16.png,0
009/009_18.png,009_forge/009_17.png,0
009/009_18.png,009_forge/009_18.png,0
009/009_18.png,009_forge/009_19.png,0
009/009_18.png,009_forge/009_20.png,0
009/009_19.png,009_forge/009_00.png,0
009/009_19.png,009_forge/009_01.png,0
009/009_19.png,009_forge/009_02.png,0
009/009_19.png,009_forge/009_03.png,0
009/009_19.png,009_forge/009_04.png,0
009/009_19.png,009_forge/009_05.png,0
009/009_19.png,009_forge/009_06.png,0
009/009_19.png,009_forge/009_07.png,0
009/009_19.png,009_forge/009_08.png,0
009/009_19.png,009_forge/009_09.png,0
009/009_19.png,009_forge/009_10.png,0
009/009_19.png,009_forge/009_11.png,0
009/009_19.png,009_forge/009_12.png,0
009/009_19.png,009_forge/009_13.png,0
009/009_19.png,009_forge/009_14.png,0
009/009_19.png,009_forge/009_15.png,0
009/009_19.png,009_forge/009_16.png,0
009/009_19.png,009_forge/009_17.png,0
009/009_19.png,009_forge/009_18.png,0
009/009_19.png,009_forge/009_19.png,0
009/009_19.png,009_forge/009_20.png,0
009/009_20.png,009_forge/009_00.png,0
009/009_20.png,009_forge/009_01.png,0
009/009_20.png,009_forge/009_02.png,0
009/009_20.png,009_forge/009_03.png,0
009/009_20.png,009_forge/009_04.png,0
009/009_20.png,009_forge/009_05.png,0
009/009_20.png,009_forge/009_06.png,0
009/009_20.png,009_forge/009_07.png,0
009/009_20.png,009_forge/009_08.png,0
009/009_20.png,009_forge/009_09.png,0
009/009_20.png,009_forge/009_10.png,0
009/009_20.png,009_forge/009_11.png,0
009/009_20.png,009_forge/009_12.png,0
009/009_20.png,009_forge/009_13.png,0
009/009_20.png,009_forge/009_14.png,0
009/009_20.png,009_forge/009_15.png,0
009/009_20.png,009_forge/009_16.png,0
009/009_20.png,009_forge/009_17.png,0
009/009_20.png,009_forge/009_18.png,0
009/009_20.png,009_forge/009_19.png,0
009/009_20.png,009_forge/009_20.png,0
009/009_00.png,009/009_01.png,1
009/009_00.png,009/009_02.png,1
009/009_00.png,009/009_03.png,1
009/009_00.png,009/009_04.png,1
009/009_00.png,009/009_05.png,1
009/009_00.png,009/009_06.png,1
009/009_00.png,009/009_07.png,1
009/009_00.png,009/009_08.png,1
009/009_00.png,009/009_09.png,1
009/009_00.png,009/009_10.png,1
009/009_00.png,009/009_11.png,1
009/009_00.png,009/009_12.png,1
009/009_00.png,009/009_13.png,1
009/009_00.png,009/009_14.png,1
009/009_00.png,009/009_15.png,1
009/009_00.png,009/009_16.png,1
009/009_00.png,009/009_17.png,1
009/009_00.png,009/009_18.png,1
009/009_00.png,009/009_19.png,1
009/009_00.png,009/009_20.png,1
009/009_01.png,009/009_00.png,1
009/009_01.png,009/009_02.png,1
009/009_01.png,009/009_03.png,1
009/009_01.png,009/009_04.png,1
009/009_01.png,009/009_05.png,1
009/009_01.png,009/009_06.png,1
009/009_01.png,009/009_07.png,1
009/009_01.png,009/009_08.png,1
009/009_01.png,009/009_09.png,1
009/009_01.png,009/009_10.png,1
009/009_01.png,009/009_11.png,1
009/009_01.png,009/009_12.png,1
009/009_01.png,009/009_13.png,1
009/009_01.png,009/009_14.png,1
009/009_01.png,009/009_15.png,1
009/009_01.png,009/009_16.png,1
009/009_01.png,009/009_17.png,1
009/009_01.png,009/009_18.png,1
009/009_01.png,009/009_19.png,1
009/009_01.png,009/009_20.png,1
009/009_02.png,009/009_00.png,1
009/009_02.png,009/009_01.png,1
009/009_02.png,009/009_03.png,1
009/009_02.png,009/009_04.png,1
009/009_02.png,009/009_05.png,1
009/009_02.png,009/009_06.png,1
009/009_02.png,009/009_07.png,1
009/009_02.png,009/009_08.png,1
009/009_02.png,009/009_09.png,1
009/009_02.png,009/009_10.png,1
009/009_02.png,009/009_11.png,1
009/009_02.png,009/009_12.png,1
009/009_02.png,009/009_13.png,1
009/009_02.png,009/009_14.png,1
009/009_02.png,009/009_15.png,1
009/009_02.png,009/009_16.png,1
009/009_02.png,009/009_17.png,1
009/009_02.png,009/009_18.png,1
009/009_02.png,009/009_19.png,1
009/009_02.png,009/009_20.png,1
009/009_03.png,009/009_00.png,1
009/009_03.png,009/009_01.png,1
009/009_03.png,009/009_02.png,1
009/009_03.png,009/009_04.png,1
009/009_03.png,009/009_05.png,1
009/009_03.png,009/009_06.png,1
009/009_03.png,009/009_07.png,1
009/009_03.png,009/009_08.png,1
009/009_03.png,009/009_09.png,1
009/009_03.png,009/009_10.png,1
009/009_03.png,009/009_11.png,1
009/009_03.png,009/009_12.png,1
009/009_03.png,009/009_13.png,1
009/009_03.png,009/009_14.png,1
009/009_03.png,009/009_15.png,1
009/009_03.png,009/009_16.png,1
009/009_03.png,009/009_17.png,1
009/009_03.png,009/009_18.png,1
009/009_03.png,009/009_19.png,1
009/009_03.png,009/009_20.png,1
009/009_04.png,009/009_00.png,1
009/009_04.png,009/009_01.png,1
009/009_04.png,009/009_02.png,1
009/009_04.png,009/009_03.png,1
009/009_04.png,009/009_05.png,1
009/009_04.png,009/009_06.png,1
009/009_04.png,009/009_07.png,1
009/009_04.png,009/009_08.png,1
009/009_04.png,009/009_09.png,1
009/009_04.png,009/009_10.png,1
009/009_04.png,009/009_11.png,1
009/009_04.png,009/009_12.png,1
009/009_04.png,009/009_13.png,1
009/009_04.png,009/009_14.png,1
009/009_04.png,009/009_15.png,1
009/009_04.png,009/009_16.png,1
009/009_04.png,009/009_17.png,1
009/009_04.png,009/009_18.png,1
009/009_04.png,009/009_19.png,1
009/009_04.png,009/009_20.png,1
009/009_05.png,009/009_00.png,1
009/009_05.png,009/009_01.png,1
009/009_05.png,009/009_02.png,1
009/009_05.png,009/009_03.png,1
009/009_05.png,009/009_04.png,1
009/009_05.png,009/009_06.png,1
009/009_05.png,009/009_07.png,1
009/009_05.png,009/009_08.png,1
009/009_05.png,009/009_09.png,1
009/009_05.png,009/009_10.png,1
009/009_05.png,009/009_11.png,1
009/009_05.png,009/009_12.png,1
009/009_05.png,009/009_13.png,1
009/009_05.png,009/009_14.png,1
009/009_05.png,009/009_15.png,1
009/009_05.png,009/009_16.png,1
009/009_05.png,009/009_17.png,1
009/009_05.png,009/009_18.png,1
009/009_05.png,009/009_19.png,1
009/009_05.png,009/009_20.png,1
009/009_06.png,009/009_00.png,1
009/009_06.png,009/009_01.png,1
009/009_06.png,009/009_02.png,1
009/009_06.png,009/009_03.png,1
009/009_06.png,009/009_04.png,1
009/009_06.png,009/009_05.png,1
009/009_06.png,009/009_07.png,1
009/009_06.png,009/009_08.png,1
009/009_06.png,009/009_09.png,1
009/009_06.png,009/009_10.png,1
009/009_06.png,009/009_11.png,1
009/009_06.png,009/009_12.png,1
009/009_06.png,009/009_13.png,1
009/009_06.png,009/009_14.png,1
009/009_06.png,009/009_15.png,1
009/009_06.png,009/009_16.png,1
009/009_06.png,009/009_17.png,1
009/009_06.png,009/009_18.png,1
009/009_06.png,009/009_19.png,1
009/009_06.png,009/009_20.png,1
009/009_07.png,009/009_00.png,1
009/009_07.png,009/009_01.png,1
009/009_07.png,009/009_02.png,1
009/009_07.png,009/009_03.png,1
009/009_07.png,009/009_04.png,1
009/009_07.png,009/009_05.png,1
009/009_07.png,009/009_06.png,1
009/009_07.png,009/009_08.png,1
009/009_07.png,009/009_09.png,1
009/009_07.png,009/009_10.png,1
009/009_07.png,009/009_11.png,1
009/009_07.png,009/009_12.png,1
009/009_07.png,009/009_13.png,1
009/009_07.png,009/009_14.png,1
009/009_07.png,009/009_15.png,1
009/009_07.png,009/009_16.png,1
009/009_07.png,009/009_17.png,1
009/009_07.png,009/009_18.png,1
009/009_07.png,009/009_19.png,1
009/009_07.png,009/009_20.png,1
009/009_08.png,009/009_00.png,1
009/009_08.png,009/009_01.png,1
009/009_08.png,009/009_02.png,1
009/009_08.png,009/009_03.png,1
009/009_08.png,009/009_04.png,1
009/009_08.png,009/009_05.png,1
009/009_08.png,009/009_06.png,1
009/009_08.png,009/009_07.png,1
009/009_08.png,009/009_09.png,1
009/009_08.png,009/009_10.png,1
009/009_08.png,009/009_11.png,1
009/009_08.png,009/009_12.png,1
009/009_08.png,009/009_13.png,1
009/009_08.png,009/009_14.png,1
009/009_08.png,009/009_15.png,1
009/009_08.png,009/009_16.png,1
009/009_08.png,009/009_17.png,1
009/009_08.png,009/009_18.png,1
009/009_08.png,009/009_19.png,1
009/009_08.png,009/009_20.png,1
009/009_09.png,009/009_00.png,1
009/009_09.png,009/009_01.png,1
009/009_09.png,009/009_02.png,1
009/009_09.png,009/009_03.png,1
009/009_09.png,009/009_04.png,1
009/009_09.png,009/009_05.png,1
009/009_09.png,009/009_06.png,1
009/009_09.png,009/009_07.png,1
009/009_09.png,009/009_08.png,1
009/009_09.png,009/009_10.png,1
009/009_09.png,009/009_11.png,1
009/009_09.png,009/009_12.png,1
009/009_09.png,009/009_13.png,1
009/009_09.png,009/009_14.png,1
009/009_09.png,009/009_15.png,1
009/009_09.png,009/009_16.png,1
009/009_09.png,009/009_17.png,1
009/009_09.png,009/009_18.png,1
009/009_09.png,009/009_19.png,1
009/009_09.png,009/009_20.png,1
009/009_10.png,009/009_00.png,1
009/009_10.png,009/009_01.png,1
009/009_10.png,009/009_02.png,1
009/009_10.png,009/009_03.png,1
009/009_10.png,009/009_04.png,1
009/009_10.png,009/009_05.png,1
009/009_10.png,009/009_06.png,1
009/009_10.png,009/009_07.png,1
009/009_10.png,009/009_08.png,1
009/009_10.png,009/009_09.png,1
009/009_10.png,009/009_11.png,1
009/009_10.png,009/009_12.png,1
009/009_10.png,009/009_13.png,1
009/009_10.png,009/009_14.png,1
009/009_10.png,009/009_15.png,1
009/009_10.png,009/009_16.png,1
009/009_10.png,009/009_17.png,1
009/009_10.png,009/009_18.png,1
009/009_10.png,009/009_19.png,1
009/009_10.png,009/009_20.png,1
009/009_11.png,009/009_00.png,1
009/009_11.png,009/009_01.png,1
009/009_11.png,009/009_02.png,1
009/009_11.png,009/009_03.png,1
009/009_11.png,009/009_04.png,1
009/009_11.png,009/009_05.png,1
009/009_11.png,009/009_06.png,1
009/009_11.png,009/009_07.png,1
009/009_11.png,009/009_08.png,1
009/009_11.png,009/009_09.png,1
009/009_11.png,009/009_10.png,1
009/009_11.png,009/009_12.png,1
009/009_11.png,009/009_13.png,1
009/009_11.png,009/009_14.png,1
009/009_11.png,009/009_15.png,1
009/009_11.png,009/009_16.png,1
009/009_11.png,009/009_17.png,1
009/009_11.png,009/009_18.png,1
009/009_11.png,009/009_19.png,1
009/009_11.png,009/009_20.png,1
009/009_12.png,009/009_00.png,1
009/009_12.png,009/009_01.png,1
009/009_12.png,009/009_02.png,1
009/009_12.png,009/009_03.png,1
009/009_12.png,009/009_04.png,1
009/009_12.png,009/009_05.png,1
009/009_12.png,009/009_06.png,1
009/009_12.png,009/009_07.png,1
009/009_12.png,009/009_08.png,1
009/009_12.png,009/009_09.png,1
009/009_12.png,009/009_10.png,1
009/009_12.png,009/009_11.png,1
009/009_12.png,009/009_13.png,1
009/009_12.png,009/009_14.png,1
009/009_12.png,009/009_15.png,1
009/009_12.png,009/009_16.png,1
009/009_12.png,009/009_17.png,1
009/009_12.png,009/009_18.png,1
009/009_12.png,009/009_19.png,1
009/009_12.png,009/009_20.png,1
009/009_13.png,009/009_00.png,1
009/009_13.png,009/009_01.png,1
009/009_13.png,009/009_02.png,1
009/009_13.png,009/009_03.png,1
009/009_13.png,009/009_04.png,1
009/009_13.png,009/009_05.png,1
009/009_13.png,009/009_06.png,1
009/009_13.png,009/009_07.png,1
009/009_13.png,009/009_08.png,1
009/009_13.png,009/009_09.png,1
009/009_13.png,009/009_10.png,1
009/009_13.png,009/009_11.png,1
009/009_13.png,009/009_12.png,1
009/009_13.png,009/009_14.png,1
009/009_13.png,009/009_15.png,1
009/009_13.png,009/009_16.png,1
009/009_13.png,009/009_17.png,1
009/009_13.png,009/009_18.png,1
009/009_13.png,009/009_19.png,1
009/009_13.png,009/009_20.png,1
009/009_14.png,009/009_00.png,1
009/009_14.png,009/009_01.png,1
009/009_14.png,009/009_02.png,1
009/009_14.png,009/009_03.png,1
009/009_14.png,009/009_04.png,1
009/009_14.png,009/009_05.png,1
009/009_14.png,009/009_06.png,1
009/009_14.png,009/009_07.png,1
009/009_14.png,009/009_08.png,1
009/009_14.png,009/009_09.png,1
009/009_14.png,009/009_10.png,1
009/009_14.png,009/009_11.png,1
009/009_14.png,009/009_12.png,1
009/009_14.png,009/009_13.png,1
009/009_14.png,009/009_15.png,1
009/009_14.png,009/009_16.png,1
009/009_14.png,009/009_17.png,1
009/009_14.png,009/009_18.png,1
009/009_14.png,009/009_19.png,1
009/009_14.png,009/009_20.png,1
009/009_15.png,009/009_00.png,1
009/009_15.png,009/009_01.png,1
009/009_15.png,009/009_02.png,1
009/009_15.png,009/009_03.png,1
009/009_15.png,009/009_04.png,1
009/009_15.png,009/009_05.png,1
009/009_15.png,009/009_06.png,1
009/009_15.png,009/009_07.png,1
009/009_15.png,009/009_08.png,1
009/009_15.png,009/009_09.png,1
009/009_15.png,009/009_10.png,1
009/009_15.png,009/009_11.png,1
009/009_15.png,009/009_12.png,1
009/009_15.png,009/009_13.png,1
009/009_15.png,009/009_14.png,1
009/009_15.png,009/009_16.png,1
009/009_15.png,009/009_17.png,1
009/009_15.png,009/009_18.png,1
009/009_15.png,009/009_19.png,1
009/009_15.png,009/009_20.png,1
009/009_16.png,009/009_00.png,1
009/009_16.png,009/009_01.png,1
009/009_16.png,009/009_02.png,1
009/009_16.png,009/009_03.png,1
009/009_16.png,009/009_04.png,1
009/009_16.png,009/009_05.png,1
009/009_16.png,009/009_06.png,1
009/009_16.png,009/009_07.png,1
009/009_16.png,009/009_08.png,1
009/009_16.png,009/009_09.png,1
009/009_16.png,009/009_10.png,1
009/009_16.png,009/009_11.png,1
009/009_16.png,009/009_12.png,1
009/009_16.png,009/009_13.png,1
009/009_16.png,009/009_14.png,1
009/009_16.png,009/009_15.png,1
009/009_16.png,009/009_17.png,1
009/009_16.png,009/009_18.png,1
009/009_16.png,009/009_19.png,1
009/009_16.png,009/009_20.png,1
009/009_17.png,009/009_00.png,1
009/009_17.png,009/009_01.png,1
009/009_17.png,009/009_02.png,1
009/009_17.png,009/009_03.png,1
009/009_17.png,009/009_04.png,1
009/009_17.png,009/009_05.png,1
009/009_17.png,009/009_06.png,1
009/009_17.png,009/009_07.png,1
009/009_17.png,009/009_08.png,1
009/009_17.png,009/009_09.png,1
009/009_17.png,009/009_10.png,1
009/009_17.png,009/009_11.png,1
009/009_17.png,009/009_12.png,1
009/009_17.png,009/009_13.png,1
009/009_17.png,009/009_14.png,1
009/009_17.png,009/009_15.png,1
009/009_17.png,009/009_16.png,1
009/009_17.png,009/009_18.png,1
009/009_17.png,009/009_19.png,1
009/009_17.png,009/009_20.png,1
009/009_18.png,009/009_00.png,1
009/009_18.png,009/009_01.png,1
009/009_18.png,009/009_02.png,1
009/009_18.png,009/009_03.png,1
009/009_18.png,009/009_04.png,1
009/009_18.png,009/009_05.png,1
009/009_18.png,009/009_06.png,1
009/009_18.png,009/009_07.png,1
009/009_18.png,009/009_08.png,1
009/009_18.png,009/009_09.png,1
009/009_18.png,009/009_10.png,1
009/009_18.png,009/009_11.png,1
009/009_18.png,009/009_12.png,1
009/009_18.png,009/009_13.png,1
009/009_18.png,009/009_14.png,1
009/009_18.png,009/009_15.png,1
009/009_18.png,009/009_16.png,1
009/009_18.png,009/009_17.png,1
009/009_18.png,009/009_19.png,1
009/009_18.png,009/009_20.png,1
009/009_19.png,009/009_00.png,1
009/009_19.png,009/009_01.png,1
009/009_19.png,009/009_02.png,1
009/009_19.png,009/009_03.png,1
009/009_19.png,009/009_04.png,1
009/009_19.png,009/009_05.png,1
009/009_19.png,009/009_06.png,1
009/009_19.png,009/009_07.png,1
009/009_19.png,009/009_08.png,1
009/009_19.png,009/009_09.png,1
009/009_19.png,009/009_10.png,1
009/009_19.png,009/009_11.png,1
009/009_19.png,009/009_12.png,1
009/009_19.png,009/009_13.png,1
009/009_19.png,009/009_14.png,1
009/009_19.png,009/009_15.png,1
009/009_19.png,009/009_16.png,1
009/009_19.png,009/009_17.png,1
009/009_19.png,009/009_18.png,1
009/009_19.png,009/009_20.png,1
009/009_20.png,009/009_00.png,1
009/009_20.png,009/009_01.png,1
009/009_20.png,009/009_02.png,1
009/009_20.png,009/009_03.png,1
009/009_20.png,009/009_04.png,1
009/009_20.png,009/009_05.png,1
009/009_20.png,009/009_06.png,1
009/009_20.png,009/009_07.png,1
009/009_20.png,009/009_08.png,1
009/009_20.png,009/009_09.png,1
009/009_20.png,009/009_10.png,1
009/009_20.png,009/009_11.png,1
009/009_20.png,009/009_12.png,1
009/009_20.png,009/009_13.png,1
009/009_20.png,009/009_14.png,1
009/009_20.png,009/009_15.png,1
009/009_20.png,009/009_16.png,1
009/009_20.png,009/009_17.png,1
009/009_20.png,009/009_18.png,1
009/009_20.png,009/009_19.png,1
009/009_00.png,009_forge/009_00.png,0
009/009_00.png,009_forge/009_01.png,0
009/009_00.png,009_forge/009_02.png,0
009/009_00.png,009_forge/009_03.png,0
009/009_00.png,009_forge/009_04.png,0
009/009_00.png,009_forge/009_05.png,0
009/009_00.png,009_forge/009_06.png,0
009/009_00.png,009_forge/009_07.png,0
009/009_00.png,009_forge/009_08.png,0
009/009_00.png,009_forge/009_09.png,0
009/009_00.png,009_forge/009_10.png,0
009/009_00.png,009_forge/009_11.png,0
009/009_00.png,009_forge/009_12.png,0
009/009_00.png,009_forge/009_13.png,0
009/009_00.png,009_forge/009_14.png,0
009/009_00.png,009_forge/009_15.png,0
009/009_00.png,009_forge/009_16.png,0
009/009_00.png,009_forge/009_17.png,0
009/009_00.png,009_forge/009_18.png,0
009/009_00.png,009_forge/009_19.png,0
009/009_00.png,009_forge/009_20.png,0
009/009_01.png,009_forge/009_00.png,0
009/009_01.png,009_forge/009_01.png,0
009/009_01.png,009_forge/009_02.png,0
009/009_01.png,009_forge/009_03.png,0
009/009_01.png,009_forge/009_04.png,0
009/009_01.png,009_forge/009_05.png,0
009/009_01.png,009_forge/009_06.png,0
009/009_01.png,009_forge/009_07.png,0
009/009_01.png,009_forge/009_08.png,0
009/009_01.png,009_forge/009_09.png,0
009/009_01.png,009_forge/009_10.png,0
009/009_01.png,009_forge/009_11.png,0
009/009_01.png,009_forge/009_12.png,0
009/009_01.png,009_forge/009_13.png,0
009/009_01.png,009_forge/009_14.png,0
009/009_01.png,009_forge/009_15.png,0
009/009_01.png,009_forge/009_16.png,0
009/009_01.png,009_forge/009_17.png,0
009/009_01.png,009_forge/009_18.png,0
009/009_01.png,009_forge/009_19.png,0
009/009_01.png,009_forge/009_20.png,0
009/009_02.png,009_forge/009_00.png,0
009/009_02.png,009_forge/009_01.png,0
009/009_02.png,009_forge/009_02.png,0
009/009_02.png,009_forge/009_03.png,0
009/009_02.png,009_forge/009_04.png,0
009/009_02.png,009_forge/009_05.png,0
009/009_02.png,009_forge/009_06.png,0
009/009_02.png,009_forge/009_07.png,0
009/009_02.png,009_forge/009_08.png,0
009/009_02.png,009_forge/009_09.png,0
009/009_02.png,009_forge/009_10.png,0
009/009_02.png,009_forge/009_11.png,0
009/009_02.png,009_forge/009_12.png,0
009/009_02.png,009_forge/009_13.png,0
009/009_02.png,009_forge/009_14.png,0
009/009_02.png,009_forge/009_15.png,0
009/009_02.png,009_forge/009_16.png,0
009/009_02.png,009_forge/009_17.png,0
009/009_02.png,009_forge/009_18.png,0
009/009_02.png,009_forge/009_19.png,0
009/009_02.png,009_forge/009_20.png,0
009/009_03.png,009_forge/009_00.png,0
009/009_03.png,009_forge/009_01.png,0
009/009_03.png,009_forge/009_02.png,0
009/009_03.png,009_forge/009_03.png,0
009/009_03.png,009_forge/009_04.png,0
009/009_03.png,009_forge/009_05.png,0
009/009_03.png,009_forge/009_06.png,0
009/009_03.png,009_forge/009_07.png,0
009/009_03.png,009_forge/009_08.png,0
009/009_03.png,009_forge/009_09.png,0
009/009_03.png,009_forge/009_10.png,0
009/009_03.png,009_forge/009_11.png,0
009/009_03.png,009_forge/009_12.png,0
009/009_03.png,009_forge/009_13.png,0
009/009_03.png,009_forge/009_14.png,0
009/009_03.png,009_forge/009_15.png,0
009/009_03.png,009_forge/009_16.png,0
009/009_03.png,009_forge/009_17.png,0
009/009_03.png,009_forge/009_18.png,0
009/009_03.png,009_forge/009_19.png,0
009/009_03.png,009_forge/009_20.png,0
009/009_04.png,009_forge/009_00.png,0
009/009_04.png,009_forge/009_01.png,0
009/009_04.png,009_forge/009_02.png,0
009/009_04.png,009_forge/009_03.png,0
009/009_04.png,009_forge/009_04.png,0
009/009_04.png,009_forge/009_05.png,0
009/009_04.png,009_forge/009_06.png,0
009/009_04.png,009_forge/009_07.png,0
009/009_04.png,009_forge/009_08.png,0
009/009_04.png,009_forge/009_09.png,0
009/009_04.png,009_forge/009_10.png,0
009/009_04.png,009_forge/009_11.png,0
009/009_04.png,009_forge/009_12.png,0
009/009_04.png,009_forge/009_13.png,0
009/009_04.png,009_forge/009_14.png,0
009/009_04.png,009_forge/009_15.png,0
009/009_04.png,009_forge/009_16.png,0
009/009_04.png,009_forge/009_17.png,0
009/009_04.png,009_forge/009_18.png,0
009/009_04.png,009_forge/009_19.png,0
009/009_04.png,009_forge/009_20.png,0
009/009_05.png,009_forge/009_00.png,0
009/009_05.png,009_forge/009_01.png,0
009/009_05.png,009_forge/009_02.png,0
009/009_05.png,009_forge/009_03.png,0
009/009_05.png,009_forge/009_04.png,0
009/009_05.png,009_forge/009_05.png,0
009/009_05.png,009_forge/009_06.png,0
009/009_05.png,009_forge/009_07.png,0
009/009_05.png,009_forge/009_08.png,0
009/009_05.png,009_forge/009_09.png,0
009/009_05.png,009_forge/009_10.png,0
009/009_05.png,009_forge/009_11.png,0
009/009_05.png,009_forge/009_12.png,0
009/009_05.png,009_forge/009_13.png,0
009/009_05.png,009_forge/009_14.png,0
009/009_05.png,009_forge/009_15.png,0
009/009_05.png,009_forge/009_16.png,0
009/009_05.png,009_forge/009_17.png,0
009/009_05.png,009_forge/009_18.png,0
009/009_05.png,009_forge/009_19.png,0
009/009_05.png,009_forge/009_20.png,0
009/009_06.png,009_forge/009_00.png,0
009/009_06.png,009_forge/009_01.png,0
009/009_06.png,009_forge/009_02.png,0
009/009_06.png,009_forge/009_03.png,0
009/009_06.png,009_forge/009_04.png,0
009/009_06.png,009_forge/009_05.png,0
009/009_06.png,009_forge/009_06.png,0
009/009_06.png,009_forge/009_07.png,0
009/009_06.png,009_forge/009_08.png,0
009/009_06.png,009_forge/009_09.png,0
009/009_06.png,009_forge/009_10.png,0
009/009_06.png,009_forge/009_11.png,0
009/009_06.png,009_forge/009_12.png,0
009/009_06.png,009_forge/009_13.png,0
009/009_06.png,009_forge/009_14.png,0
009/009_06.png,009_forge/009_15.png,0
009/009_06.png,009_forge/009_16.png,0
009/009_06.png,009_forge/009_17.png,0
009/009_06.png,009_forge/009_18.png,0
009/009_06.png,009_forge/009_19.png,0
009/009_06.png,009_forge/009_20.png,0
009/009_07.png,009_forge/009_00.png,0
009/009_07.png,009_forge/009_01.png,0
009/009_07.png,009_forge/009_02.png,0
009/009_07.png,009_forge/009_03.png,0
009/009_07.png,009_forge/009_04.png,0
009/009_07.png,009_forge/009_05.png,0
009/009_07.png,009_forge/009_06.png,0
009/009_07.png,009_forge/009_07.png,0
009/009_07.png,009_forge/009_08.png,0
009/009_07.png,009_forge/009_09.png,0
009/009_07.png,009_forge/009_10.png,0
009/009_07.png,009_forge/009_11.png,0
009/009_07.png,009_forge/009_12.png,0
009/009_07.png,009_forge/009_13.png,0
009/009_07.png,009_forge/009_14.png,0
009/009_07.png,009_forge/009_15.png,0
009/009_07.png,009_forge/009_16.png,0
009/009_07.png,009_forge/009_17.png,0
009/009_07.png,009_forge/009_18.png,0
009/009_07.png,009_forge/009_19.png,0
009/009_07.png,009_forge/009_20.png,0
009/009_08.png,009_forge/009_00.png,0
009/009_08.png,009_forge/009_01.png,0
009/009_08.png,009_forge/009_02.png,0
009/009_08.png,009_forge/009_03.png,0
009/009_08.png,009_forge/009_04.png,0
009/009_08.png,009_forge/009_05.png,0
009/009_08.png,009_forge/009_06.png,0
009/009_08.png,009_forge/009_07.png,0
009/009_08.png,009_forge/009_08.png,0
009/009_08.png,009_forge/009_09.png,0
009/009_08.png,009_forge/009_10.png,0
009/009_08.png,009_forge/009_11.png,0
009/009_08.png,009_forge/009_12.png,0
009/009_08.png,009_forge/009_13.png,0
009/009_08.png,009_forge/009_14.png,0
009/009_08.png,009_forge/009_15.png,0
009/009_08.png,009_forge/009_16.png,0
009/009_08.png,009_forge/009_17.png,0
009/009_08.png,009_forge/009_18.png,0
009/009_08.png,009_forge/009_19.png,0
009/009_08.png,009_forge/009_20.png,0
009/009_09.png,009_forge/009_00.png,0
009/009_09.png,009_forge/009_01.png,0
009/009_09.png,009_forge/009_02.png,0
009/009_09.png,009_forge/009_03.png,0
009/009_09.png,009_forge/009_04.png,0
009/009_09.png,009_forge/009_05.png,0
009/009_09.png,009_forge/009_06.png,0
009/009_09.png,009_forge/009_07.png,0
009/009_09.png,009_forge/009_08.png,0
009/009_09.png,009_forge/009_09.png,0
009/009_09.png,009_forge/009_10.png,0
009/009_09.png,009_forge/009_11.png,0
009/009_09.png,009_forge/009_12.png,0
009/009_09.png,009_forge/009_13.png,0
009/009_09.png,009_forge/009_14.png,0
009/009_09.png,009_forge/009_15.png,0
009/009_09.png,009_forge/009_16.png,0
009/009_09.png,009_forge/009_17.png,0
009/009_09.png,009_forge/009_18.png,0
009/009_09.png,009_forge/009_19.png,0
009/009_09.png,009_forge/009_20.png,0
009/009_10.png,009_forge/009_00.png,0
009/009_10.png,009_forge/009_01.png,0
009/009_10.png,009_forge/009_02.png,0
009/009_10.png,009_forge/009_03.png,0
009/009_10.png,009_forge/009_04.png,0
009/009_10.png,009_forge/009_05.png,0
009/009_10.png,009_forge/009_06.png,0
009/009_10.png,009_forge/009_07.png,0
009/009_10.png,009_forge/009_08.png,0
009/009_10.png,009_forge/009_09.png,0
009/009_10.png,009_forge/009_10.png,0
009/009_10.png,009_forge/009_11.png,0
009/009_10.png,009_forge/009_12.png,0
009/009_10.png,009_forge/009_13.png,0
009/009_10.png,009_forge/009_14.png,0
009/009_10.png,009_forge/009_15.png,0
009/009_10.png,009_forge/009_16.png,0
009/009_10.png,009_forge/009_17.png,0
009/009_10.png,009_forge/009_18.png,0
009/009_10.png,009_forge/009_19.png,0
009/009_10.png,009_forge/009_20.png,0
009/009_11.png,009_forge/009_00.png,0
009/009_11.png,009_forge/009_01.png,0
009/009_11.png,009_forge/009_02.png,0
009/009_11.png,009_forge/009_03.png,0
009/009_11.png,009_forge/009_04.png,0
009/009_11.png,009_forge/009_05.png,0
009/009_11.png,009_forge/009_06.png,0
009/009_11.png,009_forge/009_07.png,0
009/009_11.png,009_forge/009_08.png,0
009/009_11.png,009_forge/009_09.png,0
009/009_11.png,009_forge/009_10.png,0
009/009_11.png,009_forge/009_11.png,0
009/009_11.png,009_forge/009_12.png,0
009/009_11.png,009_forge/009_13.png,0
009/009_11.png,009_forge/009_14.png,0
009/009_11.png,009_forge/009_15.png,0
009/009_11.png,009_forge/009_16.png,0
009/009_11.png,009_forge/009_17.png,0
009/009_11.png,009_forge/009_18.png,0
009/009_11.png,009_forge/009_19.png,0
009/009_11.png,009_forge/009_20.png,0
009/009_12.png,009_forge/009_00.png,0
009/009_12.png,009_forge/009_01.png,0
009/009_12.png,009_forge/009_02.png,0
009/009_12.png,009_forge/009_03.png,0
009/009_12.png,009_forge/009_04.png,0
009/009_12.png,009_forge/009_05.png,0
009/009_12.png,009_forge/009_06.png,0
009/009_12.png,009_forge/009_07.png,0
009/009_12.png,009_forge/009_08.png,0
009/009_12.png,009_forge/009_09.png,0
009/009_12.png,009_forge/009_10.png,0
009/009_12.png,009_forge/009_11.png,0
009/009_12.png,009_forge/009_12.png,0
009/009_12.png,009_forge/009_13.png,0
009/009_12.png,009_forge/009_14.png,0
009/009_12.png,009_forge/009_15.png,0
009/009_12.png,009_forge/009_16.png,0
009/009_12.png,009_forge/009_17.png,0
009/009_12.png,009_forge/009_18.png,0
009/009_12.png,009_forge/009_19.png,0
009/009_12.png,009_forge/009_20.png,0
009/009_13.png,009_forge/009_00.png,0
009/009_13.png,009_forge/009_01.png,0
009/009_13.png,009_forge/009_02.png,0
009/009_13.png,009_forge/009_03.png,0
009/009_13.png,009_forge/009_04.png,0
009/009_13.png,009_forge/009_05.png,0
009/009_13.png,009_forge/009_06.png,0
009/009_13.png,009_forge/009_07.png,0
009/009_13.png,009_forge/009_08.png,0
009/009_13.png,009_forge/009_09.png,0
009/009_13.png,009_forge/009_10.png,0
009/009_13.png,009_forge/009_11.png,0
009/009_13.png,009_forge/009_12.png,0
009/009_13.png,009_forge/009_13.png,0
009/009_13.png,009_forge/009_14.png,0
009/009_13.png,009_forge/009_15.png,0
009/009_13.png,009_forge/009_16.png,0
009/009_13.png,009_forge/009_17.png,0
009/009_13.png,009_forge/009_18.png,0
009/009_13.png,009_forge/009_19.png,0
009/009_13.png,009_forge/009_20.png,0
009/009_14.png,009_forge/009_00.png,0
009/009_14.png,009_forge/009_01.png,0
009/009_14.png,009_forge/009_02.png,0
009/009_14.png,009_forge/009_03.png,0
009/009_14.png,009_forge/009_04.png,0
009/009_14.png,009_forge/009_05.png,0
009/009_14.png,009_forge/009_06.png,0
009/009_14.png,009_forge/009_07.png,0
009/009_14.png,009_forge/009_08.png,0
009/009_14.png,009_forge/009_09.png,0
009/009_14.png,009_forge/009_10.png,0
009/009_14.png,009_forge/009_11.png,0
009/009_14.png,009_forge/009_12.png,0
009/009_14.png,009_forge/009_13.png,0
009/009_14.png,009_forge/009_14.png,0
009/009_14.png,009_forge/009_15.png,0
009/009_14.png,009_forge/009_16.png,0
009/009_14.png,009_forge/009_17.png,0
009/009_14.png,009_forge/009_18.png,0
009/009_14.png,009_forge/009_19.png,0
009/009_14.png,009_forge/009_20.png,0
009/009_15.png,009_forge/009_00.png,0
009/009_15.png,009_forge/009_01.png,0
009/009_15.png,009_forge/009_02.png,0
009/009_15.png,009_forge/009_03.png,0
009/009_15.png,009_forge/009_04.png,0
009/009_15.png,009_forge/009_05.png,0
009/009_15.png,009_forge/009_06.png,0
009/009_15.png,009_forge/009_07.png,0
009/009_15.png,009_forge/009_08.png,0
009/009_15.png,009_forge/009_09.png,0
009/009_15.png,009_forge/009_10.png,0
009/009_15.png,009_forge/009_11.png,0
009/009_15.png,009_forge/009_12.png,0
009/009_15.png,009_forge/009_13.png,0
009/009_15.png,009_forge/009_14.png,0
009/009_15.png,009_forge/009_15.png,0
009/009_15.png,009_forge/009_16.png,0
009/009_15.png,009_forge/009_17.png,0
009/009_15.png,009_forge/009_18.png,0
009/009_15.png,009_forge/009_19.png,0
009/009_15.png,009_forge/009_20.png,0
009/009_16.png,009_forge/009_00.png,0
009/009_16.png,009_forge/009_01.png,0
009/009_16.png,009_forge/009_02.png,0
009/009_16.png,009_forge/009_03.png,0
009/009_16.png,009_forge/009_04.png,0
009/009_16.png,009_forge/009_05.png,0
009/009_16.png,009_forge/009_06.png,0
009/009_16.png,009_forge/009_07.png,0
009/009_16.png,009_forge/009_08.png,0
009/009_16.png,009_forge/009_09.png,0
009/009_16.png,009_forge/009_10.png,0
009/009_16.png,009_forge/009_11.png,0
009/009_16.png,009_forge/009_12.png,0
009/009_16.png,009_forge/009_13.png,0
009/009_16.png,009_forge/009_14.png,0
009/009_16.png,009_forge/009_15.png,0
009/009_16.png,009_forge/009_16.png,0
009/009_16.png,009_forge/009_17.png,0
009/009_16.png,009_forge/009_18.png,0
009/009_16.png,009_forge/009_19.png,0
009/009_16.png,009_forge/009_20.png,0
009/009_17.png,009_forge/009_00.png,0
009/009_17.png,009_forge/009_01.png,0
009/009_17.png,009_forge/009_02.png,0
009/009_17.png,009_forge/009_03.png,0
009/009_17.png,009_forge/009_04.png,0
009/009_17.png,009_forge/009_05.png,0
009/009_17.png,009_forge/009_06.png,0
009/009_17.png,009_forge/009_07.png,0
009/009_17.png,009_forge/009_08.png,0
009/009_17.png,009_forge/009_09.png,0
009/009_17.png,009_forge/009_10.png,0
009/009_17.png,009_forge/009_11.png,0
009/009_17.png,009_forge/009_12.png,0
009/009_17.png,009_forge/009_13.png,0
009/009_17.png,009_forge/009_14.png,0
009/009_17.png,009_forge/009_15.png,0
009/009_17.png,009_forge/009_16.png,0
009/009_17.png,009_forge/009_17.png,0
009/009_17.png,009_forge/009_18.png,0
009/009_17.png,009_forge/009_19.png,0
009/009_17.png,009_forge/009_20.png,0
009/009_18.png,009_forge/009_00.png,0
009/009_18.png,009_forge/009_01.png,0
009/009_18.png,009_forge/009_02.png,0
009/009_18.png,009_forge/009_03.png,0
009/009_18.png,009_forge/009_04.png,0
009/009_18.png,009_forge/009_05.png,0
009/009_18.png,009_forge/009_06.png,0
009/009_18.png,009_forge/009_07.png,0
009/009_18.png,009_forge/009_08.png,0
009/009_18.png,009_forge/009_09.png,0
009/009_18.png,009_forge/009_10.png,0
009/009_18.png,009_forge/009_11.png,0
009/009_18.png,009_forge/009_12.png,0
009/009_18.png,009_forge/009_13.png,0
009/009_18.png,009_forge/009_14.png,0
009/009_18.png,009_forge/009_15.png,0
009/009_18.png,009_forge/009_16.png,0
009/009_18.png,009_forge/009_17.png,0
009/009_18.png,009_forge/009_18.png,0
009/009_18.png,009_forge/009_19.png,0
009/009_18.png,009_forge/009_20.png,0
009/009_19.png,009_forge/009_00.png,0
009/009_19.png,009_forge/009_01.png,0
009/009_19.png,009_forge/009_02.png,0
009/009_19.png,009_forge/009_03.png,0
009/009_19.png,009_forge/009_04.png,0
009/009_19.png,009_forge/009_05.png,0
009/009_19.png,009_forge/009_06.png,0
009/009_19.png,009_forge/009_07.png,0
009/009_19.png,009_forge/009_08.png,0
009/009_19.png,009_forge/009_09.png,0
009/009_19.png,009_forge/009_10.png,0
009/009_19.png,009_forge/009_11.png,0
009/009_19.png,009_forge/009_12.png,0
009/009_19.png,009_forge/009_13.png,0
009/009_19.png,009_forge/009_14.png,0
009/009_19.png,009_forge/009_15.png,0
009/009_19.png,009_forge/009_16.png,0
009/009_19.png,009_forge/009_17.png,0
009/009_19.png,009_forge/009_18.png,0
009/009_19.png,009_forge/009_19.png,0
009/009_19.png,009_forge/009_20.png,0
009/009_20.png,009_forge/009_00.png,0
009/009_20.png,009_forge/009_01.png,0
009/009_20.png,009_forge/009_02.png,0
009/009_20.png,009_forge/009_03.png,0
009/009_20.png,009_forge/009_04.png,0
009/009_20.png,009_forge/009_05.png,0
009/009_20.png,009_forge/009_06.png,0
009/009_20.png,009_forge/009_07.png,0
009/009_20.png,009_forge/009_08.png,0
009/009_20.png,009_forge/009_09.png,0
009/009_20.png,009_forge/009_10.png,0
009/009_20.png,009_forge/009_11.png,0
009/009_20.png,009_forge/009_12.png,0
009/009_20.png,009_forge/009_13.png,0
009/009_20.png,009_forge/009_14.png,0
009/009_20.png,009_forge/009_15.png,0
009/009_20.png,009_forge/009_16.png,0
009/009_20.png,009_forge/009_17.png,0
009/009_20.png,009_forge/009_18.png,0
009/009_20.png,009_forge/009_19.png,0
009/009_20.png,009_forge/009_20.png,0
010/010_00.png,010/010_001.png,1
010/010_00.png,010/010_02.png,1
010/010_00.png,010/010_03.png,1
010/010_00.png,010/010_04.png,1
010/010_00.png,010/010_05.png,1
010/010_00.png,010/010_06.png,1
010/010_00.png,010/010_07.png,1
010/010_00.png,010/010_08.png,1
010/010_00.png,010/010_09.png,1
010/010_00.png,010/010_10.png,1
010/010_00.png,010/010_11.png,1
010/010_00.png,010/010_12.png,1
010/010_00.png,010/010_13.png,1
010/010_00.png,010/010_14.png,1
010/010_00.png,010/010_15.png,1
010/010_00.png,010/010_16.png,1
010/010_00.png,010/010_17.png,1
010/010_00.png,010/010_18.png,1
010/010_00.png,010/010_19.png,1
010/010_00.png,010/010_20.png,1
010/010_001.png,010/010_00.png,1
010/010_001.png,010/010_02.png,1
010/010_001.png,010/010_03.png,1
010/010_001.png,010/010_04.png,1
010/010_001.png,010/010_05.png,1
010/010_001.png,010/010_06.png,1
010/010_001.png,010/010_07.png,1
010/010_001.png,010/010_08.png,1
010/010_001.png,010/010_09.png,1
010/010_001.png,010/010_10.png,1
010/010_001.png,010/010_11.png,1
010/010_001.png,010/010_12.png,1
010/010_001.png,010/010_13.png,1
010/010_001.png,010/010_14.png,1
010/010_001.png,010/010_15.png,1
010/010_001.png,010/010_16.png,1
010/010_001.png,010/010_17.png,1
010/010_001.png,010/010_18.png,1
010/010_001.png,010/010_19.png,1
010/010_001.png,010/010_20.png,1
010/010_02.png,010/010_00.png,1
010/010_02.png,010/010_001.png,1
010/010_02.png,010/010_03.png,1
010/010_02.png,010/010_04.png,1
010/010_02.png,010/010_05.png,1
010/010_02.png,010/010_06.png,1
010/010_02.png,010/010_07.png,1
010/010_02.png,010/010_08.png,1
010/010_02.png,010/010_09.png,1
010/010_02.png,010/010_10.png,1
010/010_02.png,010/010_11.png,1
010/010_02.png,010/010_12.png,1
010/010_02.png,010/010_13.png,1
010/010_02.png,010/010_14.png,1
010/010_02.png,010/010_15.png,1
010/010_02.png,010/010_16.png,1
010/010_02.png,010/010_17.png,1
010/010_02.png,010/010_18.png,1
010/010_02.png,010/010_19.png,1
010/010_02.png,010/010_20.png,1
010/010_03.png,010/010_00.png,1
010/010_03.png,010/010_001.png,1
010/010_03.png,010/010_02.png,1
010/010_03.png,010/010_04.png,1
010/010_03.png,010/010_05.png,1
010/010_03.png,010/010_06.png,1
010/010_03.png,010/010_07.png,1
010/010_03.png,010/010_08.png,1
010/010_03.png,010/010_09.png,1
010/010_03.png,010/010_10.png,1
010/010_03.png,010/010_11.png,1
010/010_03.png,010/010_12.png,1
010/010_03.png,010/010_13.png,1
010/010_03.png,010/010_14.png,1
010/010_03.png,010/010_15.png,1
010/010_03.png,010/010_16.png,1
010/010_03.png,010/010_17.png,1
010/010_03.png,010/010_18.png,1
010/010_03.png,010/010_19.png,1
010/010_03.png,010/010_20.png,1
010/010_04.png,010/010_00.png,1
010/010_04.png,010/010_001.png,1
010/010_04.png,010/010_02.png,1
010/010_04.png,010/010_03.png,1
010/010_04.png,010/010_05.png,1
010/010_04.png,010/010_06.png,1
010/010_04.png,010/010_07.png,1
010/010_04.png,010/010_08.png,1
010/010_04.png,010/010_09.png,1
010/010_04.png,010/010_10.png,1
010/010_04.png,010/010_11.png,1
010/010_04.png,010/010_12.png,1
010/010_04.png,010/010_13.png,1
010/010_04.png,010/010_14.png,1
010/010_04.png,010/010_15.png,1
010/010_04.png,010/010_16.png,1
010/010_04.png,010/010_17.png,1
010/010_04.png,010/010_18.png,1
010/010_04.png,010/010_19.png,1
010/010_04.png,010/010_20.png,1
010/010_05.png,010/010_00.png,1
010/010_05.png,010/010_001.png,1
010/010_05.png,010/010_02.png,1
010/010_05.png,010/010_03.png,1
010/010_05.png,010/010_04.png,1
010/010_05.png,010/010_06.png,1
010/010_05.png,010/010_07.png,1
010/010_05.png,010/010_08.png,1
010/010_05.png,010/010_09.png,1
010/010_05.png,010/010_10.png,1
010/010_05.png,010/010_11.png,1
010/010_05.png,010/010_12.png,1
010/010_05.png,010/010_13.png,1
010/010_05.png,010/010_14.png,1
010/010_05.png,010/010_15.png,1
010/010_05.png,010/010_16.png,1
010/010_05.png,010/010_17.png,1
010/010_05.png,010/010_18.png,1
010/010_05.png,010/010_19.png,1
010/010_05.png,010/010_20.png,1
010/010_06.png,010/010_00.png,1
010/010_06.png,010/010_001.png,1
010/010_06.png,010/010_02.png,1
010/010_06.png,010/010_03.png,1
010/010_06.png,010/010_04.png,1
010/010_06.png,010/010_05.png,1
010/010_06.png,010/010_07.png,1
010/010_06.png,010/010_08.png,1
010/010_06.png,010/010_09.png,1
010/010_06.png,010/010_10.png,1
010/010_06.png,010/010_11.png,1
010/010_06.png,010/010_12.png,1
010/010_06.png,010/010_13.png,1
010/010_06.png,010/010_14.png,1
010/010_06.png,010/010_15.png,1
010/010_06.png,010/010_16.png,1
010/010_06.png,010/010_17.png,1
010/010_06.png,010/010_18.png,1
010/010_06.png,010/010_19.png,1
010/010_06.png,010/010_20.png,1
010/010_07.png,010/010_00.png,1
010/010_07.png,010/010_001.png,1
010/010_07.png,010/010_02.png,1
010/010_07.png,010/010_03.png,1
010/010_07.png,010/010_04.png,1
010/010_07.png,010/010_05.png,1
010/010_07.png,010/010_06.png,1
010/010_07.png,010/010_08.png,1
010/010_07.png,010/010_09.png,1
010/010_07.png,010/010_10.png,1
010/010_07.png,010/010_11.png,1
010/010_07.png,010/010_12.png,1
010/010_07.png,010/010_13.png,1
010/010_07.png,010/010_14.png,1
010/010_07.png,010/010_15.png,1
010/010_07.png,010/010_16.png,1
010/010_07.png,010/010_17.png,1
010/010_07.png,010/010_18.png,1
010/010_07.png,010/010_19.png,1
010/010_07.png,010/010_20.png,1
010/010_08.png,010/010_00.png,1
010/010_08.png,010/010_001.png,1
010/010_08.png,010/010_02.png,1
010/010_08.png,010/010_03.png,1
010/010_08.png,010/010_04.png,1
010/010_08.png,010/010_05.png,1
010/010_08.png,010/010_06.png,1
010/010_08.png,010/010_07.png,1
010/010_08.png,010/010_09.png,1
010/010_08.png,010/010_10.png,1
010/010_08.png,010/010_11.png,1
010/010_08.png,010/010_12.png,1
010/010_08.png,010/010_13.png,1
010/010_08.png,010/010_14.png,1
010/010_08.png,010/010_15.png,1
010/010_08.png,010/010_16.png,1
010/010_08.png,010/010_17.png,1
010/010_08.png,010/010_18.png,1
010/010_08.png,010/010_19.png,1
010/010_08.png,010/010_20.png,1
010/010_09.png,010/010_00.png,1
010/010_09.png,010/010_001.png,1
010/010_09.png,010/010_02.png,1
010/010_09.png,010/010_03.png,1
010/010_09.png,010/010_04.png,1
010/010_09.png,010/010_05.png,1
010/010_09.png,010/010_06.png,1
010/010_09.png,010/010_07.png,1
010/010_09.png,010/010_08.png,1
010/010_09.png,010/010_10.png,1
010/010_09.png,010/010_11.png,1
010/010_09.png,010/010_12.png,1
010/010_09.png,010/010_13.png,1
010/010_09.png,010/010_14.png,1
010/010_09.png,010/010_15.png,1
010/010_09.png,010/010_16.png,1
010/010_09.png,010/010_17.png,1
010/010_09.png,010/010_18.png,1
010/010_09.png,010/010_19.png,1
010/010_09.png,010/010_20.png,1
010/010_10.png,010/010_00.png,1
010/010_10.png,010/010_001.png,1
010/010_10.png,010/010_02.png,1
010/010_10.png,010/010_03.png,1
010/010_10.png,010/010_04.png,1
010/010_10.png,010/010_05.png,1
010/010_10.png,010/010_06.png,1
010/010_10.png,010/010_07.png,1
010/010_10.png,010/010_08.png,1
010/010_10.png,010/010_09.png,1
010/010_10.png,010/010_11.png,1
010/010_10.png,010/010_12.png,1
010/010_10.png,010/010_13.png,1
010/010_10.png,010/010_14.png,1
010/010_10.png,010/010_15.png,1
010/010_10.png,010/010_16.png,1
010/010_10.png,010/010_17.png,1
010/010_10.png,010/010_18.png,1
010/010_10.png,010/010_19.png,1
010/010_10.png,010/010_20.png,1
010/010_11.png,010/010_00.png,1
010/010_11.png,010/010_001.png,1
010/010_11.png,010/010_02.png,1
010/010_11.png,010/010_03.png,1
010/010_11.png,010/010_04.png,1
010/010_11.png,010/010_05.png,1
010/010_11.png,010/010_06.png,1
010/010_11.png,010/010_07.png,1
010/010_11.png,010/010_08.png,1
010/010_11.png,010/010_09.png,1
010/010_11.png,010/010_10.png,1
010/010_11.png,010/010_12.png,1
010/010_11.png,010/010_13.png,1
010/010_11.png,010/010_14.png,1
010/010_11.png,010/010_15.png,1
010/010_11.png,010/010_16.png,1
010/010_11.png,010/010_17.png,1
010/010_11.png,010/010_18.png,1
010/010_11.png,010/010_19.png,1
010/010_11.png,010/010_20.png,1
010/010_12.png,010/010_00.png,1
010/010_12.png,010/010_001.png,1
010/010_12.png,010/010_02.png,1
010/010_12.png,010/010_03.png,1
010/010_12.png,010/010_04.png,1
010/010_12.png,010/010_05.png,1
010/010_12.png,010/010_06.png,1
010/010_12.png,010/010_07.png,1
010/010_12.png,010/010_08.png,1
010/010_12.png,010/010_09.png,1
010/010_12.png,010/010_10.png,1
010/010_12.png,010/010_11.png,1
010/010_12.png,010/010_13.png,1
010/010_12.png,010/010_14.png,1
010/010_12.png,010/010_15.png,1
010/010_12.png,010/010_16.png,1
010/010_12.png,010/010_17.png,1
010/010_12.png,010/010_18.png,1
010/010_12.png,010/010_19.png,1
010/010_12.png,010/010_20.png,1
010/010_13.png,010/010_00.png,1
010/010_13.png,010/010_001.png,1
010/010_13.png,010/010_02.png,1
010/010_13.png,010/010_03.png,1
010/010_13.png,010/010_04.png,1
010/010_13.png,010/010_05.png,1
010/010_13.png,010/010_06.png,1
010/010_13.png,010/010_07.png,1
010/010_13.png,010/010_08.png,1
010/010_13.png,010/010_09.png,1
010/010_13.png,010/010_10.png,1
010/010_13.png,010/010_11.png,1
010/010_13.png,010/010_12.png,1
010/010_13.png,010/010_14.png,1
010/010_13.png,010/010_15.png,1
010/010_13.png,010/010_16.png,1
010/010_13.png,010/010_17.png,1
010/010_13.png,010/010_18.png,1
010/010_13.png,010/010_19.png,1
010/010_13.png,010/010_20.png,1
010/010_14.png,010/010_00.png,1
010/010_14.png,010/010_001.png,1
010/010_14.png,010/010_02.png,1
010/010_14.png,010/010_03.png,1
010/010_14.png,010/010_04.png,1
010/010_14.png,010/010_05.png,1
010/010_14.png,010/010_06.png,1
010/010_14.png,010/010_07.png,1
010/010_14.png,010/010_08.png,1
010/010_14.png,010/010_09.png,1
010/010_14.png,010/010_10.png,1
010/010_14.png,010/010_11.png,1
010/010_14.png,010/010_12.png,1
010/010_14.png,010/010_13.png,1
010/010_14.png,010/010_15.png,1
010/010_14.png,010/010_16.png,1
010/010_14.png,010/010_17.png,1
010/010_14.png,010/010_18.png,1
010/010_14.png,010/010_19.png,1
010/010_14.png,010/010_20.png,1
010/010_15.png,010/010_00.png,1
010/010_15.png,010/010_001.png,1
010/010_15.png,010/010_02.png,1
010/010_15.png,010/010_03.png,1
010/010_15.png,010/010_04.png,1
010/010_15.png,010/010_05.png,1
010/010_15.png,010/010_06.png,1
010/010_15.png,010/010_07.png,1
010/010_15.png,010/010_08.png,1
010/010_15.png,010/010_09.png,1
010/010_15.png,010/010_10.png,1
010/010_15.png,010/010_11.png,1
010/010_15.png,010/010_12.png,1
010/010_15.png,010/010_13.png,1
010/010_15.png,010/010_14.png,1
010/010_15.png,010/010_16.png,1
010/010_15.png,010/010_17.png,1
010/010_15.png,010/010_18.png,1
010/010_15.png,010/010_19.png,1
010/010_15.png,010/010_20.png,1
010/010_16.png,010/010_00.png,1
010/010_16.png,010/010_001.png,1
010/010_16.png,010/010_02.png,1
010/010_16.png,010/010_03.png,1
010/010_16.png,010/010_04.png,1
010/010_16.png,010/010_05.png,1
010/010_16.png,010/010_06.png,1
010/010_16.png,010/010_07.png,1
010/010_16.png,010/010_08.png,1
010/010_16.png,010/010_09.png,1
010/010_16.png,010/010_10.png,1
010/010_16.png,010/010_11.png,1
010/010_16.png,010/010_12.png,1
010/010_16.png,010/010_13.png,1
010/010_16.png,010/010_14.png,1
010/010_16.png,010/010_15.png,1
010/010_16.png,010/010_17.png,1
010/010_16.png,010/010_18.png,1
010/010_16.png,010/010_19.png,1
010/010_16.png,010/010_20.png,1
010/010_17.png,010/010_00.png,1
010/010_17.png,010/010_001.png,1
010/010_17.png,010/010_02.png,1
010/010_17.png,010/010_03.png,1
010/010_17.png,010/010_04.png,1
010/010_17.png,010/010_05.png,1
010/010_17.png,010/010_06.png,1
010/010_17.png,010/010_07.png,1
010/010_17.png,010/010_08.png,1
010/010_17.png,010/010_09.png,1
010/010_17.png,010/010_10.png,1
010/010_17.png,010/010_11.png,1
010/010_17.png,010/010_12.png,1
010/010_17.png,010/010_13.png,1
010/010_17.png,010/010_14.png,1
010/010_17.png,010/010_15.png,1
010/010_17.png,010/010_16.png,1
010/010_17.png,010/010_18.png,1
010/010_17.png,010/010_19.png,1
010/010_17.png,010/010_20.png,1
010/010_18.png,010/010_00.png,1
010/010_18.png,010/010_001.png,1
010/010_18.png,010/010_02.png,1
010/010_18.png,010/010_03.png,1
010/010_18.png,010/010_04.png,1
010/010_18.png,010/010_05.png,1
010/010_18.png,010/010_06.png,1
010/010_18.png,010/010_07.png,1
010/010_18.png,010/010_08.png,1
010/010_18.png,010/010_09.png,1
010/010_18.png,010/010_10.png,1
010/010_18.png,010/010_11.png,1
010/010_18.png,010/010_12.png,1
010/010_18.png,010/010_13.png,1
010/010_18.png,010/010_14.png,1
010/010_18.png,010/010_15.png,1
010/010_18.png,010/010_16.png,1
010/010_18.png,010/010_17.png,1
010/010_18.png,010/010_19.png,1
010/010_18.png,010/010_20.png,1
010/010_19.png,010/010_00.png,1
010/010_19.png,010/010_001.png,1
010/010_19.png,010/010_02.png,1
010/010_19.png,010/010_03.png,1
010/010_19.png,010/010_04.png,1
010/010_19.png,010/010_05.png,1
010/010_19.png,010/010_06.png,1
010/010_19.png,010/010_07.png,1
010/010_19.png,010/010_08.png,1
010/010_19.png,010/010_09.png,1
010/010_19.png,010/010_10.png,1
010/010_19.png,010/010_11.png,1
010/010_19.png,010/010_12.png,1
010/010_19.png,010/010_13.png,1
010/010_19.png,010/010_14.png,1
010/010_19.png,010/010_15.png,1
010/010_19.png,010/010_16.png,1
010/010_19.png,010/010_17.png,1
010/010_19.png,010/010_18.png,1
010/010_19.png,010/010_20.png,1
010/010_20.png,010/010_00.png,1
010/010_20.png,010/010_001.png,1
010/010_20.png,010/010_02.png,1
010/010_20.png,010/010_03.png,1
010/010_20.png,010/010_04.png,1
010/010_20.png,010/010_05.png,1
010/010_20.png,010/010_06.png,1
010/010_20.png,010/010_07.png,1
010/010_20.png,010/010_08.png,1
010/010_20.png,010/010_09.png,1
010/010_20.png,010/010_10.png,1
010/010_20.png,010/010_11.png,1
010/010_20.png,010/010_12.png,1
010/010_20.png,010/010_13.png,1
010/010_20.png,010/010_14.png,1
010/010_20.png,010/010_15.png,1
010/010_20.png,010/010_16.png,1
010/010_20.png,010/010_17.png,1
010/010_20.png,010/010_18.png,1
010/010_20.png,010/010_19.png,1
010/010_00.png,010_forge/010_00.png,0
010/010_00.png,010_forge/010_01.png,0
010/010_00.png,010_forge/010_02.png,0
010/010_00.png,010_forge/010_03.png,0
010/010_00.png,010_forge/010_04.png,0
010/010_00.png,010_forge/010_05.png,0
010/010_00.png,010_forge/010_06.png,0
010/010_00.png,010_forge/010_07.png,0
010/010_00.png,010_forge/010_08.png,0
010/010_00.png,010_forge/010_09.png,0
010/010_00.png,010_forge/010_10.png,0
010/010_00.png,010_forge/010_11.png,0
010/010_00.png,010_forge/010_12.png,0
010/010_00.png,010_forge/010_13.png,0
010/010_00.png,010_forge/010_14.png,0
010/010_00.png,010_forge/010_15.png,0
010/010_00.png,010_forge/010_16.png,0
010/010_00.png,010_forge/010_17.png,0
010/010_00.png,010_forge/010_18.png,0
010/010_00.png,010_forge/010_19.png,0
010/010_00.png,010_forge/010_20.png,0
010/010_001.png,010_forge/010_00.png,0
010/010_001.png,010_forge/010_01.png,0
010/010_001.png,010_forge/010_02.png,0
010/010_001.png,010_forge/010_03.png,0
010/010_001.png,010_forge/010_04.png,0
010/010_001.png,010_forge/010_05.png,0
010/010_001.png,010_forge/010_06.png,0
010/010_001.png,010_forge/010_07.png,0
010/010_001.png,010_forge/010_08.png,0
010/010_001.png,010_forge/010_09.png,0
010/010_001.png,010_forge/010_10.png,0
010/010_001.png,010_forge/010_11.png,0
010/010_001.png,010_forge/010_12.png,0
010/010_001.png,010_forge/010_13.png,0
010/010_001.png,010_forge/010_14.png,0
010/010_001.png,010_forge/010_15.png,0
010/010_001.png,010_forge/010_16.png,0
010/010_001.png,010_forge/010_17.png,0
010/010_001.png,010_forge/010_18.png,0
010/010_001.png,010_forge/010_19.png,0
010/010_001.png,010_forge/010_20.png,0
010/010_02.png,010_forge/010_00.png,0
010/010_02.png,010_forge/010_01.png,0
010/010_02.png,010_forge/010_02.png,0
010/010_02.png,010_forge/010_03.png,0
010/010_02.png,010_forge/010_04.png,0
010/010_02.png,010_forge/010_05.png,0
010/010_02.png,010_forge/010_06.png,0
010/010_02.png,010_forge/010_07.png,0
010/010_02.png,010_forge/010_08.png,0
010/010_02.png,010_forge/010_09.png,0
010/010_02.png,010_forge/010_10.png,0
010/010_02.png,010_forge/010_11.png,0
010/010_02.png,010_forge/010_12.png,0
010/010_02.png,010_forge/010_13.png,0
010/010_02.png,010_forge/010_14.png,0
010/010_02.png,010_forge/010_15.png,0
010/010_02.png,010_forge/010_16.png,0
010/010_02.png,010_forge/010_17.png,0
010/010_02.png,010_forge/010_18.png,0
010/010_02.png,010_forge/010_19.png,0
010/010_02.png,010_forge/010_20.png,0
010/010_03.png,010_forge/010_00.png,0
010/010_03.png,010_forge/010_01.png,0
010/010_03.png,010_forge/010_02.png,0
010/010_03.png,010_forge/010_03.png,0
010/010_03.png,010_forge/010_04.png,0
010/010_03.png,010_forge/010_05.png,0
010/010_03.png,010_forge/010_06.png,0
010/010_03.png,010_forge/010_07.png,0
010/010_03.png,010_forge/010_08.png,0
010/010_03.png,010_forge/010_09.png,0
010/010_03.png,010_forge/010_10.png,0
010/010_03.png,010_forge/010_11.png,0
010/010_03.png,010_forge/010_12.png,0
010/010_03.png,010_forge/010_13.png,0
010/010_03.png,010_forge/010_14.png,0
010/010_03.png,010_forge/010_15.png,0
010/010_03.png,010_forge/010_16.png,0
010/010_03.png,010_forge/010_17.png,0
010/010_03.png,010_forge/010_18.png,0
010/010_03.png,010_forge/010_19.png,0
010/010_03.png,010_forge/010_20.png,0
010/010_04.png,010_forge/010_00.png,0
010/010_04.png,010_forge/010_01.png,0
010/010_04.png,010_forge/010_02.png,0
010/010_04.png,010_forge/010_03.png,0
010/010_04.png,010_forge/010_04.png,0
010/010_04.png,010_forge/010_05.png,0
010/010_04.png,010_forge/010_06.png,0
010/010_04.png,010_forge/010_07.png,0
010/010_04.png,010_forge/010_08.png,0
010/010_04.png,010_forge/010_09.png,0
010/010_04.png,010_forge/010_10.png,0
010/010_04.png,010_forge/010_11.png,0
010/010_04.png,010_forge/010_12.png,0
010/010_04.png,010_forge/010_13.png,0
010/010_04.png,010_forge/010_14.png,0
010/010_04.png,010_forge/010_15.png,0
010/010_04.png,010_forge/010_16.png,0
010/010_04.png,010_forge/010_17.png,0
010/010_04.png,010_forge/010_18.png,0
010/010_04.png,010_forge/010_19.png,0
010/010_04.png,010_forge/010_20.png,0
010/010_05.png,010_forge/010_00.png,0
010/010_05.png,010_forge/010_01.png,0
010/010_05.png,010_forge/010_02.png,0
010/010_05.png,010_forge/010_03.png,0
010/010_05.png,010_forge/010_04.png,0
010/010_05.png,010_forge/010_05.png,0
010/010_05.png,010_forge/010_06.png,0
010/010_05.png,010_forge/010_07.png,0
010/010_05.png,010_forge/010_08.png,0
010/010_05.png,010_forge/010_09.png,0
010/010_05.png,010_forge/010_10.png,0
010/010_05.png,010_forge/010_11.png,0
010/010_05.png,010_forge/010_12.png,0
010/010_05.png,010_forge/010_13.png,0
010/010_05.png,010_forge/010_14.png,0
010/010_05.png,010_forge/010_15.png,0
010/010_05.png,010_forge/010_16.png,0
010/010_05.png,010_forge/010_17.png,0
010/010_05.png,010_forge/010_18.png,0
010/010_05.png,010_forge/010_19.png,0
010/010_05.png,010_forge/010_20.png,0
010/010_06.png,010_forge/010_00.png,0
010/010_06.png,010_forge/010_01.png,0
010/010_06.png,010_forge/010_02.png,0
010/010_06.png,010_forge/010_03.png,0
010/010_06.png,010_forge/010_04.png,0
010/010_06.png,010_forge/010_05.png,0
010/010_06.png,010_forge/010_06.png,0
010/010_06.png,010_forge/010_07.png,0
010/010_06.png,010_forge/010_08.png,0
010/010_06.png,010_forge/010_09.png,0
010/010_06.png,010_forge/010_10.png,0
010/010_06.png,010_forge/010_11.png,0
010/010_06.png,010_forge/010_12.png,0
010/010_06.png,010_forge/010_13.png,0
010/010_06.png,010_forge/010_14.png,0
010/010_06.png,010_forge/010_15.png,0
010/010_06.png,010_forge/010_16.png,0
010/010_06.png,010_forge/010_17.png,0
010/010_06.png,010_forge/010_18.png,0
010/010_06.png,010_forge/010_19.png,0
010/010_06.png,010_forge/010_20.png,0
010/010_07.png,010_forge/010_00.png,0
010/010_07.png,010_forge/010_01.png,0
010/010_07.png,010_forge/010_02.png,0
010/010_07.png,010_forge/010_03.png,0
010/010_07.png,010_forge/010_04.png,0
010/010_07.png,010_forge/010_05.png,0
010/010_07.png,010_forge/010_06.png,0
010/010_07.png,010_forge/010_07.png,0
010/010_07.png,010_forge/010_08.png,0
010/010_07.png,010_forge/010_09.png,0
010/010_07.png,010_forge/010_10.png,0
010/010_07.png,010_forge/010_11.png,0
010/010_07.png,010_forge/010_12.png,0
010/010_07.png,010_forge/010_13.png,0
010/010_07.png,010_forge/010_14.png,0
010/010_07.png,010_forge/010_15.png,0
010/010_07.png,010_forge/010_16.png,0
010/010_07.png,010_forge/010_17.png,0
010/010_07.png,010_forge/010_18.png,0
010/010_07.png,010_forge/010_19.png,0
010/010_07.png,010_forge/010_20.png,0
010/010_08.png,010_forge/010_00.png,0
010/010_08.png,010_forge/010_01.png,0
010/010_08.png,010_forge/010_02.png,0
010/010_08.png,010_forge/010_03.png,0
010/010_08.png,010_forge/010_04.png,0
010/010_08.png,010_forge/010_05.png,0
010/010_08.png,010_forge/010_06.png,0
010/010_08.png,010_forge/010_07.png,0
010/010_08.png,010_forge/010_08.png,0
010/010_08.png,010_forge/010_09.png,0
010/010_08.png,010_forge/010_10.png,0
010/010_08.png,010_forge/010_11.png,0
010/010_08.png,010_forge/010_12.png,0
010/010_08.png,010_forge/010_13.png,0
010/010_08.png,010_forge/010_14.png,0
010/010_08.png,010_forge/010_15.png,0
010/010_08.png,010_forge/010_16.png,0
010/010_08.png,010_forge/010_17.png,0
010/010_08.png,010_forge/010_18.png,0
010/010_08.png,010_forge/010_19.png,0
010/010_08.png,010_forge/010_20.png,0
010/010_09.png,010_forge/010_00.png,0
010/010_09.png,010_forge/010_01.png,0
010/010_09.png,010_forge/010_02.png,0
010/010_09.png,010_forge/010_03.png,0
010/010_09.png,010_forge/010_04.png,0
010/010_09.png,010_forge/010_05.png,0
010/010_09.png,010_forge/010_06.png,0
010/010_09.png,010_forge/010_07.png,0
010/010_09.png,010_forge/010_08.png,0
010/010_09.png,010_forge/010_09.png,0
010/010_09.png,010_forge/010_10.png,0
010/010_09.png,010_forge/010_11.png,0
010/010_09.png,010_forge/010_12.png,0
010/010_09.png,010_forge/010_13.png,0
010/010_09.png,010_forge/010_14.png,0
010/010_09.png,010_forge/010_15.png,0
010/010_09.png,010_forge/010_16.png,0
010/010_09.png,010_forge/010_17.png,0
010/010_09.png,010_forge/010_18.png,0
010/010_09.png,010_forge/010_19.png,0
010/010_09.png,010_forge/010_20.png,0
010/010_10.png,010_forge/010_00.png,0
010/010_10.png,010_forge/010_01.png,0
010/010_10.png,010_forge/010_02.png,0
010/010_10.png,010_forge/010_03.png,0
010/010_10.png,010_forge/010_04.png,0
010/010_10.png,010_forge/010_05.png,0
010/010_10.png,010_forge/010_06.png,0
010/010_10.png,010_forge/010_07.png,0
010/010_10.png,010_forge/010_08.png,0
010/010_10.png,010_forge/010_09.png,0
010/010_10.png,010_forge/010_10.png,0
010/010_10.png,010_forge/010_11.png,0
010/010_10.png,010_forge/010_12.png,0
010/010_10.png,010_forge/010_13.png,0
010/010_10.png,010_forge/010_14.png,0
010/010_10.png,010_forge/010_15.png,0
010/010_10.png,010_forge/010_16.png,0
010/010_10.png,010_forge/010_17.png,0
010/010_10.png,010_forge/010_18.png,0
010/010_10.png,010_forge/010_19.png,0
010/010_10.png,010_forge/010_20.png,0
010/010_11.png,010_forge/010_00.png,0
010/010_11.png,010_forge/010_01.png,0
010/010_11.png,010_forge/010_02.png,0
010/010_11.png,010_forge/010_03.png,0
010/010_11.png,010_forge/010_04.png,0
010/010_11.png,010_forge/010_05.png,0
010/010_11.png,010_forge/010_06.png,0
010/010_11.png,010_forge/010_07.png,0
010/010_11.png,010_forge/010_08.png,0
010/010_11.png,010_forge/010_09.png,0
010/010_11.png,010_forge/010_10.png,0
010/010_11.png,010_forge/010_11.png,0
010/010_11.png,010_forge/010_12.png,0
010/010_11.png,010_forge/010_13.png,0
010/010_11.png,010_forge/010_14.png,0
010/010_11.png,010_forge/010_15.png,0
010/010_11.png,010_forge/010_16.png,0
010/010_11.png,010_forge/010_17.png,0
010/010_11.png,010_forge/010_18.png,0
010/010_11.png,010_forge/010_19.png,0
010/010_11.png,010_forge/010_20.png,0
010/010_12.png,010_forge/010_00.png,0
010/010_12.png,010_forge/010_01.png,0
010/010_12.png,010_forge/010_02.png,0
010/010_12.png,010_forge/010_03.png,0
010/010_12.png,010_forge/010_04.png,0
010/010_12.png,010_forge/010_05.png,0
010/010_12.png,010_forge/010_06.png,0
010/010_12.png,010_forge/010_07.png,0
010/010_12.png,010_forge/010_08.png,0
010/010_12.png,010_forge/010_09.png,0
010/010_12.png,010_forge/010_10.png,0
010/010_12.png,010_forge/010_11.png,0
010/010_12.png,010_forge/010_12.png,0
010/010_12.png,010_forge/010_13.png,0
010/010_12.png,010_forge/010_14.png,0
010/010_12.png,010_forge/010_15.png,0
010/010_12.png,010_forge/010_16.png,0
010/010_12.png,010_forge/010_17.png,0
010/010_12.png,010_forge/010_18.png,0
010/010_12.png,010_forge/010_19.png,0
010/010_12.png,010_forge/010_20.png,0
010/010_13.png,010_forge/010_00.png,0
010/010_13.png,010_forge/010_01.png,0
010/010_13.png,010_forge/010_02.png,0
010/010_13.png,010_forge/010_03.png,0
010/010_13.png,010_forge/010_04.png,0
010/010_13.png,010_forge/010_05.png,0
010/010_13.png,010_forge/010_06.png,0
010/010_13.png,010_forge/010_07.png,0
010/010_13.png,010_forge/010_08.png,0
010/010_13.png,010_forge/010_09.png,0
010/010_13.png,010_forge/010_10.png,0
010/010_13.png,010_forge/010_11.png,0
010/010_13.png,010_forge/010_12.png,0
010/010_13.png,010_forge/010_13.png,0
010/010_13.png,010_forge/010_14.png,0
010/010_13.png,010_forge/010_15.png,0
010/010_13.png,010_forge/010_16.png,0
010/010_13.png,010_forge/010_17.png,0
010/010_13.png,010_forge/010_18.png,0
010/010_13.png,010_forge/010_19.png,0
010/010_13.png,010_forge/010_20.png,0
010/010_14.png,010_forge/010_00.png,0
010/010_14.png,010_forge/010_01.png,0
010/010_14.png,010_forge/010_02.png,0
010/010_14.png,010_forge/010_03.png,0
010/010_14.png,010_forge/010_04.png,0
010/010_14.png,010_forge/010_05.png,0
010/010_14.png,010_forge/010_06.png,0
010/010_14.png,010_forge/010_07.png,0
010/010_14.png,010_forge/010_08.png,0
010/010_14.png,010_forge/010_09.png,0
010/010_14.png,010_forge/010_10.png,0
010/010_14.png,010_forge/010_11.png,0
010/010_14.png,010_forge/010_12.png,0
010/010_14.png,010_forge/010_13.png,0
010/010_14.png,010_forge/010_14.png,0
010/010_14.png,010_forge/010_15.png,0
010/010_14.png,010_forge/010_16.png,0
010/010_14.png,010_forge/010_17.png,0
010/010_14.png,010_forge/010_18.png,0
010/010_14.png,010_forge/010_19.png,0
010/010_14.png,010_forge/010_20.png,0
010/010_15.png,010_forge/010_00.png,0
010/010_15.png,010_forge/010_01.png,0
010/010_15.png,010_forge/010_02.png,0
010/010_15.png,010_forge/010_03.png,0
010/010_15.png,010_forge/010_04.png,0
010/010_15.png,010_forge/010_05.png,0
010/010_15.png,010_forge/010_06.png,0
010/010_15.png,010_forge/010_07.png,0
010/010_15.png,010_forge/010_08.png,0
010/010_15.png,010_forge/010_09.png,0
010/010_15.png,010_forge/010_10.png,0
010/010_15.png,010_forge/010_11.png,0
010/010_15.png,010_forge/010_12.png,0
010/010_15.png,010_forge/010_13.png,0
010/010_15.png,010_forge/010_14.png,0
010/010_15.png,010_forge/010_15.png,0
010/010_15.png,010_forge/010_16.png,0
010/010_15.png,010_forge/010_17.png,0
010/010_15.png,010_forge/010_18.png,0
010/010_15.png,010_forge/010_19.png,0
010/010_15.png,010_forge/010_20.png,0
010/010_16.png,010_forge/010_00.png,0
010/010_16.png,010_forge/010_01.png,0
010/010_16.png,010_forge/010_02.png,0
010/010_16.png,010_forge/010_03.png,0
010/010_16.png,010_forge/010_04.png,0
010/010_16.png,010_forge/010_05.png,0
010/010_16.png,010_forge/010_06.png,0
010/010_16.png,010_forge/010_07.png,0
010/010_16.png,010_forge/010_08.png,0
010/010_16.png,010_forge/010_09.png,0
010/010_16.png,010_forge/010_10.png,0
010/010_16.png,010_forge/010_11.png,0
010/010_16.png,010_forge/010_12.png,0
010/010_16.png,010_forge/010_13.png,0
010/010_16.png,010_forge/010_14.png,0
010/010_16.png,010_forge/010_15.png,0
010/010_16.png,010_forge/010_16.png,0
010/010_16.png,010_forge/010_17.png,0
010/010_16.png,010_forge/010_18.png,0
010/010_16.png,010_forge/010_19.png,0
010/010_16.png,010_forge/010_20.png,0
010/010_17.png,010_forge/010_00.png,0
010/010_17.png,010_forge/010_01.png,0
010/010_17.png,010_forge/010_02.png,0
010/010_17.png,010_forge/010_03.png,0
010/010_17.png,010_forge/010_04.png,0
010/010_17.png,010_forge/010_05.png,0
010/010_17.png,010_forge/010_06.png,0
010/010_17.png,010_forge/010_07.png,0
010/010_17.png,010_forge/010_08.png,0
010/010_17.png,010_forge/010_09.png,0
010/010_17.png,010_forge/010_10.png,0
010/010_17.png,010_forge/010_11.png,0
010/010_17.png,010_forge/010_12.png,0
010/010_17.png,010_forge/010_13.png,0
010/010_17.png,010_forge/010_14.png,0
010/010_17.png,010_forge/010_15.png,0
010/010_17.png,010_forge/010_16.png,0
010/010_17.png,010_forge/010_17.png,0
010/010_17.png,010_forge/010_18.png,0
010/010_17.png,010_forge/010_19.png,0
010/010_17.png,010_forge/010_20.png,0
010/010_18.png,010_forge/010_00.png,0
010/010_18.png,010_forge/010_01.png,0
010/010_18.png,010_forge/010_02.png,0
010/010_18.png,010_forge/010_03.png,0
010/010_18.png,010_forge/010_04.png,0
010/010_18.png,010_forge/010_05.png,0
010/010_18.png,010_forge/010_06.png,0
010/010_18.png,010_forge/010_07.png,0
010/010_18.png,010_forge/010_08.png,0
010/010_18.png,010_forge/010_09.png,0
010/010_18.png,010_forge/010_10.png,0
010/010_18.png,010_forge/010_11.png,0
010/010_18.png,010_forge/010_12.png,0
010/010_18.png,010_forge/010_13.png,0
010/010_18.png,010_forge/010_14.png,0
010/010_18.png,010_forge/010_15.png,0
010/010_18.png,010_forge/010_16.png,0
010/010_18.png,010_forge/010_17.png,0
010/010_18.png,010_forge/010_18.png,0
010/010_18.png,010_forge/010_19.png,0
010/010_18.png,010_forge/010_20.png,0
010/010_19.png,010_forge/010_00.png,0
010/010_19.png,010_forge/010_01.png,0
010/010_19.png,010_forge/010_02.png,0
010/010_19.png,010_forge/010_03.png,0
010/010_19.png,010_forge/010_04.png,0
010/010_19.png,010_forge/010_05.png,0
010/010_19.png,010_forge/010_06.png,0
010/010_19.png,010_forge/010_07.png,0
010/010_19.png,010_forge/010_08.png,0
010/010_19.png,010_forge/010_09.png,0
010/010_19.png,010_forge/010_10.png,0
010/010_19.png,010_forge/010_11.png,0
010/010_19.png,010_forge/010_12.png,0
010/010_19.png,010_forge/010_13.png,0
010/010_19.png,010_forge/010_14.png,0
010/010_19.png,010_forge/010_15.png,0
010/010_19.png,010_forge/010_16.png,0
010/010_19.png,010_forge/010_17.png,0
010/010_19.png,010_forge/010_18.png,0
010/010_19.png,010_forge/010_19.png,0
010/010_19.png,010_forge/010_20.png,0
010/010_20.png,010_forge/010_00.png,0
010/010_20.png,010_forge/010_01.png,0
010/010_20.png,010_forge/010_02.png,0
010/010_20.png,010_forge/010_03.png,0
010/010_20.png,010_forge/010_04.png,0
010/010_20.png,010_forge/010_05.png,0
010/010_20.png,010_forge/010_06.png,0
010/010_20.png,010_forge/010_07.png,0
010/010_20.png,010_forge/010_08.png,0
010/010_20.png,010_forge/010_09.png,0
010/010_20.png,010_forge/010_10.png,0
010/010_20.png,010_forge/010_11.png,0
010/010_20.png,010_forge/010_12.png,0
010/010_20.png,010_forge/010_13.png,0
010/010_20.png,010_forge/010_14.png,0
010/010_20.png,010_forge/010_15.png,0
010/010_20.png,010_forge/010_16.png,0
010/010_20.png,010_forge/010_17.png,0
010/010_20.png,010_forge/010_18.png,0
010/010_20.png,010_forge/010_19.png,0
010/010_20.png,010_forge/010_20.png,0
010/010_00.png,010/010_001.png,1
010/010_00.png,010/010_02.png,1
010/010_00.png,010/010_03.png,1
010/010_00.png,010/010_04.png,1
010/010_00.png,010/010_05.png,1
010/010_00.png,010/010_06.png,1
010/010_00.png,010/010_07.png,1
010/010_00.png,010/010_08.png,1
010/010_00.png,010/010_09.png,1
010/010_00.png,010/010_10.png,1
010/010_00.png,010/010_11.png,1
010/010_00.png,010/010_12.png,1
010/010_00.png,010/010_13.png,1
010/010_00.png,010/010_14.png,1
010/010_00.png,010/010_15.png,1
010/010_00.png,010/010_16.png,1
010/010_00.png,010/010_17.png,1
010/010_00.png,010/010_18.png,1
010/010_00.png,010/010_19.png,1
010/010_00.png,010/010_20.png,1
010/010_001.png,010/010_00.png,1
010/010_001.png,010/010_02.png,1
010/010_001.png,010/010_03.png,1
010/010_001.png,010/010_04.png,1
010/010_001.png,010/010_05.png,1
010/010_001.png,010/010_06.png,1
010/010_001.png,010/010_07.png,1
010/010_001.png,010/010_08.png,1
010/010_001.png,010/010_09.png,1
010/010_001.png,010/010_10.png,1
010/010_001.png,010/010_11.png,1
010/010_001.png,010/010_12.png,1
010/010_001.png,010/010_13.png,1
010/010_001.png,010/010_14.png,1
010/010_001.png,010/010_15.png,1
010/010_001.png,010/010_16.png,1
010/010_001.png,010/010_17.png,1
010/010_001.png,010/010_18.png,1
010/010_001.png,010/010_19.png,1
010/010_001.png,010/010_20.png,1
010/010_02.png,010/010_00.png,1
010/010_02.png,010/010_001.png,1
010/010_02.png,010/010_03.png,1
010/010_02.png,010/010_04.png,1
010/010_02.png,010/010_05.png,1
010/010_02.png,010/010_06.png,1
010/010_02.png,010/010_07.png,1
010/010_02.png,010/010_08.png,1
010/010_02.png,010/010_09.png,1
010/010_02.png,010/010_10.png,1
010/010_02.png,010/010_11.png,1
010/010_02.png,010/010_12.png,1
010/010_02.png,010/010_13.png,1
010/010_02.png,010/010_14.png,1
010/010_02.png,010/010_15.png,1
010/010_02.png,010/010_16.png,1
010/010_02.png,010/010_17.png,1
010/010_02.png,010/010_18.png,1
010/010_02.png,010/010_19.png,1
010/010_02.png,010/010_20.png,1
010/010_03.png,010/010_00.png,1
010/010_03.png,010/010_001.png,1
010/010_03.png,010/010_02.png,1
010/010_03.png,010/010_04.png,1
010/010_03.png,010/010_05.png,1
010/010_03.png,010/010_06.png,1
010/010_03.png,010/010_07.png,1
010/010_03.png,010/010_08.png,1
010/010_03.png,010/010_09.png,1
010/010_03.png,010/010_10.png,1
010/010_03.png,010/010_11.png,1
010/010_03.png,010/010_12.png,1
010/010_03.png,010/010_13.png,1
010/010_03.png,010/010_14.png,1
010/010_03.png,010/010_15.png,1
010/010_03.png,010/010_16.png,1
010/010_03.png,010/010_17.png,1
010/010_03.png,010/010_18.png,1
010/010_03.png,010/010_19.png,1
010/010_03.png,010/010_20.png,1
010/010_04.png,010/010_00.png,1
010/010_04.png,010/010_001.png,1
010/010_04.png,010/010_02.png,1
010/010_04.png,010/010_03.png,1
010/010_04.png,010/010_05.png,1
010/010_04.png,010/010_06.png,1
010/010_04.png,010/010_07.png,1
010/010_04.png,010/010_08.png,1
010/010_04.png,010/010_09.png,1
010/010_04.png,010/010_10.png,1
010/010_04.png,010/010_11.png,1
010/010_04.png,010/010_12.png,1
010/010_04.png,010/010_13.png,1
010/010_04.png,010/010_14.png,1
010/010_04.png,010/010_15.png,1
010/010_04.png,010/010_16.png,1
010/010_04.png,010/010_17.png,1
010/010_04.png,010/010_18.png,1
010/010_04.png,010/010_19.png,1
010/010_04.png,010/010_20.png,1
010/010_05.png,010/010_00.png,1
010/010_05.png,010/010_001.png,1
010/010_05.png,010/010_02.png,1
010/010_05.png,010/010_03.png,1
010/010_05.png,010/010_04.png,1
010/010_05.png,010/010_06.png,1
010/010_05.png,010/010_07.png,1
010/010_05.png,010/010_08.png,1
010/010_05.png,010/010_09.png,1
010/010_05.png,010/010_10.png,1
010/010_05.png,010/010_11.png,1
010/010_05.png,010/010_12.png,1
010/010_05.png,010/010_13.png,1
010/010_05.png,010/010_14.png,1
010/010_05.png,010/010_15.png,1
010/010_05.png,010/010_16.png,1
010/010_05.png,010/010_17.png,1
010/010_05.png,010/010_18.png,1
010/010_05.png,010/010_19.png,1
010/010_05.png,010/010_20.png,1
010/010_06.png,010/010_00.png,1
010/010_06.png,010/010_001.png,1
010/010_06.png,010/010_02.png,1
010/010_06.png,010/010_03.png,1
010/010_06.png,010/010_04.png,1
010/010_06.png,010/010_05.png,1
010/010_06.png,010/010_07.png,1
010/010_06.png,010/010_08.png,1
010/010_06.png,010/010_09.png,1
010/010_06.png,010/010_10.png,1
010/010_06.png,010/010_11.png,1
010/010_06.png,010/010_12.png,1
010/010_06.png,010/010_13.png,1
010/010_06.png,010/010_14.png,1
010/010_06.png,010/010_15.png,1
010/010_06.png,010/010_16.png,1
010/010_06.png,010/010_17.png,1
010/010_06.png,010/010_18.png,1
010/010_06.png,010/010_19.png,1
010/010_06.png,010/010_20.png,1
010/010_07.png,010/010_00.png,1
010/010_07.png,010/010_001.png,1
010/010_07.png,010/010_02.png,1
010/010_07.png,010/010_03.png,1
010/010_07.png,010/010_04.png,1
010/010_07.png,010/010_05.png,1
010/010_07.png,010/010_06.png,1
010/010_07.png,010/010_08.png,1
010/010_07.png,010/010_09.png,1
010/010_07.png,010/010_10.png,1
010/010_07.png,010/010_11.png,1
010/010_07.png,010/010_12.png,1
010/010_07.png,010/010_13.png,1
010/010_07.png,010/010_14.png,1
010/010_07.png,010/010_15.png,1
010/010_07.png,010/010_16.png,1
010/010_07.png,010/010_17.png,1
010/010_07.png,010/010_18.png,1
010/010_07.png,010/010_19.png,1
010/010_07.png,010/010_20.png,1
010/010_08.png,010/010_00.png,1
010/010_08.png,010/010_001.png,1
010/010_08.png,010/010_02.png,1
010/010_08.png,010/010_03.png,1
010/010_08.png,010/010_04.png,1
010/010_08.png,010/010_05.png,1
010/010_08.png,010/010_06.png,1
010/010_08.png,010/010_07.png,1
010/010_08.png,010/010_09.png,1
010/010_08.png,010/010_10.png,1
010/010_08.png,010/010_11.png,1
010/010_08.png,010/010_12.png,1
010/010_08.png,010/010_13.png,1
010/010_08.png,010/010_14.png,1
010/010_08.png,010/010_15.png,1
010/010_08.png,010/010_16.png,1
010/010_08.png,010/010_17.png,1
010/010_08.png,010/010_18.png,1
010/010_08.png,010/010_19.png,1
010/010_08.png,010/010_20.png,1
010/010_09.png,010/010_00.png,1
010/010_09.png,010/010_001.png,1
010/010_09.png,010/010_02.png,1
010/010_09.png,010/010_03.png,1
010/010_09.png,010/010_04.png,1
010/010_09.png,010/010_05.png,1
010/010_09.png,010/010_06.png,1
010/010_09.png,010/010_07.png,1
010/010_09.png,010/010_08.png,1
010/010_09.png,010/010_10.png,1
010/010_09.png,010/010_11.png,1
010/010_09.png,010/010_12.png,1
010/010_09.png,010/010_13.png,1
010/010_09.png,010/010_14.png,1
010/010_09.png,010/010_15.png,1
010/010_09.png,010/010_16.png,1
010/010_09.png,010/010_17.png,1
010/010_09.png,010/010_18.png,1
010/010_09.png,010/010_19.png,1
010/010_09.png,010/010_20.png,1
010/010_10.png,010/010_00.png,1
010/010_10.png,010/010_001.png,1
010/010_10.png,010/010_02.png,1
010/010_10.png,010/010_03.png,1
010/010_10.png,010/010_04.png,1
010/010_10.png,010/010_05.png,1
010/010_10.png,010/010_06.png,1
010/010_10.png,010/010_07.png,1
010/010_10.png,010/010_08.png,1
010/010_10.png,010/010_09.png,1
010/010_10.png,010/010_11.png,1
010/010_10.png,010/010_12.png,1
010/010_10.png,010/010_13.png,1
010/010_10.png,010/010_14.png,1
010/010_10.png,010/010_15.png,1
010/010_10.png,010/010_16.png,1
010/010_10.png,010/010_17.png,1
010/010_10.png,010/010_18.png,1
010/010_10.png,010/010_19.png,1
010/010_10.png,010/010_20.png,1
010/010_11.png,010/010_00.png,1
010/010_11.png,010/010_001.png,1
010/010_11.png,010/010_02.png,1
010/010_11.png,010/010_03.png,1
010/010_11.png,010/010_04.png,1
010/010_11.png,010/010_05.png,1
010/010_11.png,010/010_06.png,1
010/010_11.png,010/010_07.png,1
010/010_11.png,010/010_08.png,1
010/010_11.png,010/010_09.png,1
010/010_11.png,010/010_10.png,1
010/010_11.png,010/010_12.png,1
010/010_11.png,010/010_13.png,1
010/010_11.png,010/010_14.png,1
010/010_11.png,010/010_15.png,1
010/010_11.png,010/010_16.png,1
010/010_11.png,010/010_17.png,1
010/010_11.png,010/010_18.png,1
010/010_11.png,010/010_19.png,1
010/010_11.png,010/010_20.png,1
010/010_12.png,010/010_00.png,1
010/010_12.png,010/010_001.png,1
010/010_12.png,010/010_02.png,1
010/010_12.png,010/010_03.png,1
010/010_12.png,010/010_04.png,1
010/010_12.png,010/010_05.png,1
010/010_12.png,010/010_06.png,1
010/010_12.png,010/010_07.png,1
010/010_12.png,010/010_08.png,1
010/010_12.png,010/010_09.png,1
010/010_12.png,010/010_10.png,1
010/010_12.png,010/010_11.png,1
010/010_12.png,010/010_13.png,1
010/010_12.png,010/010_14.png,1
010/010_12.png,010/010_15.png,1
010/010_12.png,010/010_16.png,1
010/010_12.png,010/010_17.png,1
010/010_12.png,010/010_18.png,1
010/010_12.png,010/010_19.png,1
010/010_12.png,010/010_20.png,1
010/010_13.png,010/010_00.png,1
010/010_13.png,010/010_001.png,1
010/010_13.png,010/010_02.png,1
010/010_13.png,010/010_03.png,1
010/010_13.png,010/010_04.png,1
010/010_13.png,010/010_05.png,1
010/010_13.png,010/010_06.png,1
010/010_13.png,010/010_07.png,1
010/010_13.png,010/010_08.png,1
010/010_13.png,010/010_09.png,1
010/010_13.png,010/010_10.png,1
010/010_13.png,010/010_11.png,1
010/010_13.png,010/010_12.png,1
010/010_13.png,010/010_14.png,1
010/010_13.png,010/010_15.png,1
010/010_13.png,010/010_16.png,1
010/010_13.png,010/010_17.png,1
010/010_13.png,010/010_18.png,1
010/010_13.png,010/010_19.png,1
010/010_13.png,010/010_20.png,1
010/010_14.png,010/010_00.png,1
010/010_14.png,010/010_001.png,1
010/010_14.png,010/010_02.png,1
010/010_14.png,010/010_03.png,1
010/010_14.png,010/010_04.png,1
010/010_14.png,010/010_05.png,1
010/010_14.png,010/010_06.png,1
010/010_14.png,010/010_07.png,1
010/010_14.png,010/010_08.png,1
010/010_14.png,010/010_09.png,1
010/010_14.png,010/010_10.png,1
010/010_14.png,010/010_11.png,1
010/010_14.png,010/010_12.png,1
010/010_14.png,010/010_13.png,1
010/010_14.png,010/010_15.png,1
010/010_14.png,010/010_16.png,1
010/010_14.png,010/010_17.png,1
010/010_14.png,010/010_18.png,1
010/010_14.png,010/010_19.png,1
010/010_14.png,010/010_20.png,1
010/010_15.png,010/010_00.png,1
010/010_15.png,010/010_001.png,1
010/010_15.png,010/010_02.png,1
010/010_15.png,010/010_03.png,1
010/010_15.png,010/010_04.png,1
010/010_15.png,010/010_05.png,1
010/010_15.png,010/010_06.png,1
010/010_15.png,010/010_07.png,1
010/010_15.png,010/010_08.png,1
010/010_15.png,010/010_09.png,1
010/010_15.png,010/010_10.png,1
010/010_15.png,010/010_11.png,1
010/010_15.png,010/010_12.png,1
010/010_15.png,010/010_13.png,1
010/010_15.png,010/010_14.png,1
010/010_15.png,010/010_16.png,1
010/010_15.png,010/010_17.png,1
010/010_15.png,010/010_18.png,1
010/010_15.png,010/010_19.png,1
010/010_15.png,010/010_20.png,1
010/010_16.png,010/010_00.png,1
010/010_16.png,010/010_001.png,1
010/010_16.png,010/010_02.png,1
010/010_16.png,010/010_03.png,1
010/010_16.png,010/010_04.png,1
010/010_16.png,010/010_05.png,1
010/010_16.png,010/010_06.png,1
010/010_16.png,010/010_07.png,1
010/010_16.png,010/010_08.png,1
010/010_16.png,010/010_09.png,1
010/010_16.png,010/010_10.png,1
010/010_16.png,010/010_11.png,1
010/010_16.png,010/010_12.png,1
010/010_16.png,010/010_13.png,1
010/010_16.png,010/010_14.png,1
010/010_16.png,010/010_15.png,1
010/010_16.png,010/010_17.png,1
010/010_16.png,010/010_18.png,1
010/010_16.png,010/010_19.png,1
010/010_16.png,010/010_20.png,1
010/010_17.png,010/010_00.png,1
010/010_17.png,010/010_001.png,1
010/010_17.png,010/010_02.png,1
010/010_17.png,010/010_03.png,1
010/010_17.png,010/010_04.png,1
010/010_17.png,010/010_05.png,1
010/010_17.png,010/010_06.png,1
010/010_17.png,010/010_07.png,1
010/010_17.png,010/010_08.png,1
010/010_17.png,010/010_09.png,1
010/010_17.png,010/010_10.png,1
010/010_17.png,010/010_11.png,1
010/010_17.png,010/010_12.png,1
010/010_17.png,010/010_13.png,1
010/010_17.png,010/010_14.png,1
010/010_17.png,010/010_15.png,1
010/010_17.png,010/010_16.png,1
010/010_17.png,010/010_18.png,1
010/010_17.png,010/010_19.png,1
010/010_17.png,010/010_20.png,1
010/010_18.png,010/010_00.png,1
010/010_18.png,010/010_001.png,1
010/010_18.png,010/010_02.png,1
010/010_18.png,010/010_03.png,1
010/010_18.png,010/010_04.png,1
010/010_18.png,010/010_05.png,1
010/010_18.png,010/010_06.png,1
010/010_18.png,010/010_07.png,1
010/010_18.png,010/010_08.png,1
010/010_18.png,010/010_09.png,1
010/010_18.png,010/010_10.png,1
010/010_18.png,010/010_11.png,1
010/010_18.png,010/010_12.png,1
010/010_18.png,010/010_13.png,1
010/010_18.png,010/010_14.png,1
010/010_18.png,010/010_15.png,1
010/010_18.png,010/010_16.png,1
010/010_18.png,010/010_17.png,1
010/010_18.png,010/010_19.png,1
010/010_18.png,010/010_20.png,1
010/010_19.png,010/010_00.png,1
010/010_19.png,010/010_001.png,1
010/010_19.png,010/010_02.png,1
010/010_19.png,010/010_03.png,1
010/010_19.png,010/010_04.png,1
010/010_19.png,010/010_05.png,1
010/010_19.png,010/010_06.png,1
010/010_19.png,010/010_07.png,1
010/010_19.png,010/010_08.png,1
010/010_19.png,010/010_09.png,1
010/010_19.png,010/010_10.png,1
010/010_19.png,010/010_11.png,1
010/010_19.png,010/010_12.png,1
010/010_19.png,010/010_13.png,1
010/010_19.png,010/010_14.png,1
010/010_19.png,010/010_15.png,1
010/010_19.png,010/010_16.png,1
010/010_19.png,010/010_17.png,1
010/010_19.png,010/010_18.png,1
010/010_19.png,010/010_20.png,1
010/010_20.png,010/010_00.png,1
010/010_20.png,010/010_001.png,1
010/010_20.png,010/010_02.png,1
010/010_20.png,010/010_03.png,1
010/010_20.png,010/010_04.png,1
010/010_20.png,010/010_05.png,1
010/010_20.png,010/010_06.png,1
010/010_20.png,010/010_07.png,1
010/010_20.png,010/010_08.png,1
010/010_20.png,010/010_09.png,1
010/010_20.png,010/010_10.png,1
010/010_20.png,010/010_11.png,1
010/010_20.png,010/010_12.png,1
010/010_20.png,010/010_13.png,1
010/010_20.png,010/010_14.png,1
010/010_20.png,010/010_15.png,1
010/010_20.png,010/010_16.png,1
010/010_20.png,010/010_17.png,1
010/010_20.png,010/010_18.png,1
010/010_20.png,010/010_19.png,1
010/010_00.png,010_forge/010_00.png,0
010/010_00.png,010_forge/010_01.png,0
010/010_00.png,010_forge/010_02.png,0
010/010_00.png,010_forge/010_03.png,0
010/010_00.png,010_forge/010_04.png,0
010/010_00.png,010_forge/010_05.png,0
010/010_00.png,010_forge/010_06.png,0
010/010_00.png,010_forge/010_07.png,0
010/010_00.png,010_forge/010_08.png,0
010/010_00.png,010_forge/010_09.png,0
010/010_00.png,010_forge/010_10.png,0
010/010_00.png,010_forge/010_11.png,0
010/010_00.png,010_forge/010_12.png,0
010/010_00.png,010_forge/010_13.png,0
010/010_00.png,010_forge/010_14.png,0
010/010_00.png,010_forge/010_15.png,0
010/010_00.png,010_forge/010_16.png,0
010/010_00.png,010_forge/010_17.png,0
010/010_00.png,010_forge/010_18.png,0
010/010_00.png,010_forge/010_19.png,0
010/010_00.png,010_forge/010_20.png,0
010/010_001.png,010_forge/010_00.png,0
010/010_001.png,010_forge/010_01.png,0
010/010_001.png,010_forge/010_02.png,0
010/010_001.png,010_forge/010_03.png,0
010/010_001.png,010_forge/010_04.png,0
010/010_001.png,010_forge/010_05.png,0
010/010_001.png,010_forge/010_06.png,0
010/010_001.png,010_forge/010_07.png,0
010/010_001.png,010_forge/010_08.png,0
010/010_001.png,010_forge/010_09.png,0
010/010_001.png,010_forge/010_10.png,0
010/010_001.png,010_forge/010_11.png,0
010/010_001.png,010_forge/010_12.png,0
010/010_001.png,010_forge/010_13.png,0
010/010_001.png,010_forge/010_14.png,0
010/010_001.png,010_forge/010_15.png,0
010/010_001.png,010_forge/010_16.png,0
010/010_001.png,010_forge/010_17.png,0
010/010_001.png,010_forge/010_18.png,0
010/010_001.png,010_forge/010_19.png,0
010/010_001.png,010_forge/010_20.png,0
010/010_02.png,010_forge/010_00.png,0
010/010_02.png,010_forge/010_01.png,0
010/010_02.png,010_forge/010_02.png,0
010/010_02.png,010_forge/010_03.png,0
010/010_02.png,010_forge/010_04.png,0
010/010_02.png,010_forge/010_05.png,0
010/010_02.png,010_forge/010_06.png,0
010/010_02.png,010_forge/010_07.png,0
010/010_02.png,010_forge/010_08.png,0
010/010_02.png,010_forge/010_09.png,0
010/010_02.png,010_forge/010_10.png,0
010/010_02.png,010_forge/010_11.png,0
010/010_02.png,010_forge/010_12.png,0
010/010_02.png,010_forge/010_13.png,0
010/010_02.png,010_forge/010_14.png,0
010/010_02.png,010_forge/010_15.png,0
010/010_02.png,010_forge/010_16.png,0
010/010_02.png,010_forge/010_17.png,0
010/010_02.png,010_forge/010_18.png,0
010/010_02.png,010_forge/010_19.png,0
010/010_02.png,010_forge/010_20.png,0
010/010_03.png,010_forge/010_00.png,0
010/010_03.png,010_forge/010_01.png,0
010/010_03.png,010_forge/010_02.png,0
010/010_03.png,010_forge/010_03.png,0
010/010_03.png,010_forge/010_04.png,0
010/010_03.png,010_forge/010_05.png,0
010/010_03.png,010_forge/010_06.png,0
010/010_03.png,010_forge/010_07.png,0
010/010_03.png,010_forge/010_08.png,0
010/010_03.png,010_forge/010_09.png,0
010/010_03.png,010_forge/010_10.png,0
010/010_03.png,010_forge/010_11.png,0
010/010_03.png,010_forge/010_12.png,0
010/010_03.png,010_forge/010_13.png,0
010/010_03.png,010_forge/010_14.png,0
010/010_03.png,010_forge/010_15.png,0
010/010_03.png,010_forge/010_16.png,0
010/010_03.png,010_forge/010_17.png,0
010/010_03.png,010_forge/010_18.png,0
010/010_03.png,010_forge/010_19.png,0
010/010_03.png,010_forge/010_20.png,0
010/010_04.png,010_forge/010_00.png,0
010/010_04.png,010_forge/010_01.png,0
010/010_04.png,010_forge/010_02.png,0
010/010_04.png,010_forge/010_03.png,0
010/010_04.png,010_forge/010_04.png,0
010/010_04.png,010_forge/010_05.png,0
010/010_04.png,010_forge/010_06.png,0
010/010_04.png,010_forge/010_07.png,0
010/010_04.png,010_forge/010_08.png,0
010/010_04.png,010_forge/010_09.png,0
010/010_04.png,010_forge/010_10.png,0
010/010_04.png,010_forge/010_11.png,0
010/010_04.png,010_forge/010_12.png,0
010/010_04.png,010_forge/010_13.png,0
010/010_04.png,010_forge/010_14.png,0
010/010_04.png,010_forge/010_15.png,0
010/010_04.png,010_forge/010_16.png,0
010/010_04.png,010_forge/010_17.png,0
010/010_04.png,010_forge/010_18.png,0
010/010_04.png,010_forge/010_19.png,0
010/010_04.png,010_forge/010_20.png,0
010/010_05.png,010_forge/010_00.png,0
010/010_05.png,010_forge/010_01.png,0
010/010_05.png,010_forge/010_02.png,0
010/010_05.png,010_forge/010_03.png,0
010/010_05.png,010_forge/010_04.png,0
010/010_05.png,010_forge/010_05.png,0
010/010_05.png,010_forge/010_06.png,0
010/010_05.png,010_forge/010_07.png,0
010/010_05.png,010_forge/010_08.png,0
010/010_05.png,010_forge/010_09.png,0
010/010_05.png,010_forge/010_10.png,0
010/010_05.png,010_forge/010_11.png,0
010/010_05.png,010_forge/010_12.png,0
010/010_05.png,010_forge/010_13.png,0
010/010_05.png,010_forge/010_14.png,0
010/010_05.png,010_forge/010_15.png,0
010/010_05.png,010_forge/010_16.png,0
010/010_05.png,010_forge/010_17.png,0
010/010_05.png,010_forge/010_18.png,0
010/010_05.png,010_forge/010_19.png,0
010/010_05.png,010_forge/010_20.png,0
010/010_06.png,010_forge/010_00.png,0
010/010_06.png,010_forge/010_01.png,0
010/010_06.png,010_forge/010_02.png,0
010/010_06.png,010_forge/010_03.png,0
010/010_06.png,010_forge/010_04.png,0
010/010_06.png,010_forge/010_05.png,0
010/010_06.png,010_forge/010_06.png,0
010/010_06.png,010_forge/010_07.png,0
010/010_06.png,010_forge/010_08.png,0
010/010_06.png,010_forge/010_09.png,0
010/010_06.png,010_forge/010_10.png,0
010/010_06.png,010_forge/010_11.png,0
010/010_06.png,010_forge/010_12.png,0
010/010_06.png,010_forge/010_13.png,0
010/010_06.png,010_forge/010_14.png,0
010/010_06.png,010_forge/010_15.png,0
010/010_06.png,010_forge/010_16.png,0
010/010_06.png,010_forge/010_17.png,0
010/010_06.png,010_forge/010_18.png,0
010/010_06.png,010_forge/010_19.png,0
010/010_06.png,010_forge/010_20.png,0
010/010_07.png,010_forge/010_00.png,0
010/010_07.png,010_forge/010_01.png,0
010/010_07.png,010_forge/010_02.png,0
010/010_07.png,010_forge/010_03.png,0
010/010_07.png,010_forge/010_04.png,0
010/010_07.png,010_forge/010_05.png,0
010/010_07.png,010_forge/010_06.png,0
010/010_07.png,010_forge/010_07.png,0
010/010_07.png,010_forge/010_08.png,0
010/010_07.png,010_forge/010_09.png,0
010/010_07.png,010_forge/010_10.png,0
010/010_07.png,010_forge/010_11.png,0
010/010_07.png,010_forge/010_12.png,0
010/010_07.png,010_forge/010_13.png,0
010/010_07.png,010_forge/010_14.png,0
010/010_07.png,010_forge/010_15.png,0
010/010_07.png,010_forge/010_16.png,0
010/010_07.png,010_forge/010_17.png,0
010/010_07.png,010_forge/010_18.png,0
010/010_07.png,010_forge/010_19.png,0
010/010_07.png,010_forge/010_20.png,0
010/010_08.png,010_forge/010_00.png,0
010/010_08.png,010_forge/010_01.png,0
010/010_08.png,010_forge/010_02.png,0
010/010_08.png,010_forge/010_03.png,0
010/010_08.png,010_forge/010_04.png,0
010/010_08.png,010_forge/010_05.png,0
010/010_08.png,010_forge/010_06.png,0
010/010_08.png,010_forge/010_07.png,0
010/010_08.png,010_forge/010_08.png,0
010/010_08.png,010_forge/010_09.png,0
010/010_08.png,010_forge/010_10.png,0
010/010_08.png,010_forge/010_11.png,0
010/010_08.png,010_forge/010_12.png,0
010/010_08.png,010_forge/010_13.png,0
010/010_08.png,010_forge/010_14.png,0
010/010_08.png,010_forge/010_15.png,0
010/010_08.png,010_forge/010_16.png,0
010/010_08.png,010_forge/010_17.png,0
010/010_08.png,010_forge/010_18.png,0
010/010_08.png,010_forge/010_19.png,0
010/010_08.png,010_forge/010_20.png,0
010/010_09.png,010_forge/010_00.png,0
010/010_09.png,010_forge/010_01.png,0
010/010_09.png,010_forge/010_02.png,0
010/010_09.png,010_forge/010_03.png,0
010/010_09.png,010_forge/010_04.png,0
010/010_09.png,010_forge/010_05.png,0
010/010_09.png,010_forge/010_06.png,0
010/010_09.png,010_forge/010_07.png,0
010/010_09.png,010_forge/010_08.png,0
010/010_09.png,010_forge/010_09.png,0
010/010_09.png,010_forge/010_10.png,0
010/010_09.png,010_forge/010_11.png,0
010/010_09.png,010_forge/010_12.png,0
010/010_09.png,010_forge/010_13.png,0
010/010_09.png,010_forge/010_14.png,0
010/010_09.png,010_forge/010_15.png,0
010/010_09.png,010_forge/010_16.png,0
010/010_09.png,010_forge/010_17.png,0
010/010_09.png,010_forge/010_18.png,0
010/010_09.png,010_forge/010_19.png,0
010/010_09.png,010_forge/010_20.png,0
010/010_10.png,010_forge/010_00.png,0
010/010_10.png,010_forge/010_01.png,0
010/010_10.png,010_forge/010_02.png,0
010/010_10.png,010_forge/010_03.png,0
010/010_10.png,010_forge/010_04.png,0
010/010_10.png,010_forge/010_05.png,0
010/010_10.png,010_forge/010_06.png,0
010/010_10.png,010_forge/010_07.png,0
010/010_10.png,010_forge/010_08.png,0
010/010_10.png,010_forge/010_09.png,0
010/010_10.png,010_forge/010_10.png,0
010/010_10.png,010_forge/010_11.png,0
010/010_10.png,010_forge/010_12.png,0
010/010_10.png,010_forge/010_13.png,0
010/010_10.png,010_forge/010_14.png,0
010/010_10.png,010_forge/010_15.png,0
010/010_10.png,010_forge/010_16.png,0
010/010_10.png,010_forge/010_17.png,0
010/010_10.png,010_forge/010_18.png,0
010/010_10.png,010_forge/010_19.png,0
010/010_10.png,010_forge/010_20.png,0
010/010_11.png,010_forge/010_00.png,0
010/010_11.png,010_forge/010_01.png,0
010/010_11.png,010_forge/010_02.png,0
010/010_11.png,010_forge/010_03.png,0
010/010_11.png,010_forge/010_04.png,0
010/010_11.png,010_forge/010_05.png,0
010/010_11.png,010_forge/010_06.png,0
010/010_11.png,010_forge/010_07.png,0
010/010_11.png,010_forge/010_08.png,0
010/010_11.png,010_forge/010_09.png,0
010/010_11.png,010_forge/010_10.png,0
010/010_11.png,010_forge/010_11.png,0
010/010_11.png,010_forge/010_12.png,0
010/010_11.png,010_forge/010_13.png,0
010/010_11.png,010_forge/010_14.png,0
010/010_11.png,010_forge/010_15.png,0
010/010_11.png,010_forge/010_16.png,0
010/010_11.png,010_forge/010_17.png,0
010/010_11.png,010_forge/010_18.png,0
010/010_11.png,010_forge/010_19.png,0
010/010_11.png,010_forge/010_20.png,0
010/010_12.png,010_forge/010_00.png,0
010/010_12.png,010_forge/010_01.png,0
010/010_12.png,010_forge/010_02.png,0
010/010_12.png,010_forge/010_03.png,0
010/010_12.png,010_forge/010_04.png,0
010/010_12.png,010_forge/010_05.png,0
010/010_12.png,010_forge/010_06.png,0
010/010_12.png,010_forge/010_07.png,0
010/010_12.png,010_forge/010_08.png,0
010/010_12.png,010_forge/010_09.png,0
010/010_12.png,010_forge/010_10.png,0
010/010_12.png,010_forge/010_11.png,0
010/010_12.png,010_forge/010_12.png,0
010/010_12.png,010_forge/010_13.png,0
010/010_12.png,010_forge/010_14.png,0
010/010_12.png,010_forge/010_15.png,0
010/010_12.png,010_forge/010_16.png,0
010/010_12.png,010_forge/010_17.png,0
010/010_12.png,010_forge/010_18.png,0
010/010_12.png,010_forge/010_19.png,0
010/010_12.png,010_forge/010_20.png,0
010/010_13.png,010_forge/010_00.png,0
010/010_13.png,010_forge/010_01.png,0
010/010_13.png,010_forge/010_02.png,0
010/010_13.png,010_forge/010_03.png,0
010/010_13.png,010_forge/010_04.png,0
010/010_13.png,010_forge/010_05.png,0
010/010_13.png,010_forge/010_06.png,0
010/010_13.png,010_forge/010_07.png,0
010/010_13.png,010_forge/010_08.png,0
010/010_13.png,010_forge/010_09.png,0
010/010_13.png,010_forge/010_10.png,0
010/010_13.png,010_forge/010_11.png,0
010/010_13.png,010_forge/010_12.png,0
010/010_13.png,010_forge/010_13.png,0
010/010_13.png,010_forge/010_14.png,0
010/010_13.png,010_forge/010_15.png,0
010/010_13.png,010_forge/010_16.png,0
010/010_13.png,010_forge/010_17.png,0
010/010_13.png,010_forge/010_18.png,0
010/010_13.png,010_forge/010_19.png,0
010/010_13.png,010_forge/010_20.png,0
010/010_14.png,010_forge/010_00.png,0
010/010_14.png,010_forge/010_01.png,0
010/010_14.png,010_forge/010_02.png,0
010/010_14.png,010_forge/010_03.png,0
010/010_14.png,010_forge/010_04.png,0
010/010_14.png,010_forge/010_05.png,0
010/010_14.png,010_forge/010_06.png,0
010/010_14.png,010_forge/010_07.png,0
010/010_14.png,010_forge/010_08.png,0
010/010_14.png,010_forge/010_09.png,0
010/010_14.png,010_forge/010_10.png,0
010/010_14.png,010_forge/010_11.png,0
010/010_14.png,010_forge/010_12.png,0
010/010_14.png,010_forge/010_13.png,0
010/010_14.png,010_forge/010_14.png,0
010/010_14.png,010_forge/010_15.png,0
010/010_14.png,010_forge/010_16.png,0
010/010_14.png,010_forge/010_17.png,0
010/010_14.png,010_forge/010_18.png,0
010/010_14.png,010_forge/010_19.png,0
010/010_14.png,010_forge/010_20.png,0
010/010_15.png,010_forge/010_00.png,0
010/010_15.png,010_forge/010_01.png,0
010/010_15.png,010_forge/010_02.png,0
010/010_15.png,010_forge/010_03.png,0
010/010_15.png,010_forge/010_04.png,0
010/010_15.png,010_forge/010_05.png,0
010/010_15.png,010_forge/010_06.png,0
010/010_15.png,010_forge/010_07.png,0
010/010_15.png,010_forge/010_08.png,0
010/010_15.png,010_forge/010_09.png,0
010/010_15.png,010_forge/010_10.png,0
010/010_15.png,010_forge/010_11.png,0
010/010_15.png,010_forge/010_12.png,0
010/010_15.png,010_forge/010_13.png,0
010/010_15.png,010_forge/010_14.png,0
010/010_15.png,010_forge/010_15.png,0
010/010_15.png,010_forge/010_16.png,0
010/010_15.png,010_forge/010_17.png,0
010/010_15.png,010_forge/010_18.png,0
010/010_15.png,010_forge/010_19.png,0
010/010_15.png,010_forge/010_20.png,0
010/010_16.png,010_forge/010_00.png,0
010/010_16.png,010_forge/010_01.png,0
010/010_16.png,010_forge/010_02.png,0
010/010_16.png,010_forge/010_03.png,0
010/010_16.png,010_forge/010_04.png,0
010/010_16.png,010_forge/010_05.png,0
010/010_16.png,010_forge/010_06.png,0
010/010_16.png,010_forge/010_07.png,0
010/010_16.png,010_forge/010_08.png,0
010/010_16.png,010_forge/010_09.png,0
010/010_16.png,010_forge/010_10.png,0
010/010_16.png,010_forge/010_11.png,0
010/010_16.png,010_forge/010_12.png,0
010/010_16.png,010_forge/010_13.png,0
010/010_16.png,010_forge/010_14.png,0
010/010_16.png,010_forge/010_15.png,0
010/010_16.png,010_forge/010_16.png,0
010/010_16.png,010_forge/010_17.png,0
010/010_16.png,010_forge/010_18.png,0
010/010_16.png,010_forge/010_19.png,0
010/010_16.png,010_forge/010_20.png,0
010/010_17.png,010_forge/010_00.png,0
010/010_17.png,010_forge/010_01.png,0
010/010_17.png,010_forge/010_02.png,0
010/010_17.png,010_forge/010_03.png,0
010/010_17.png,010_forge/010_04.png,0
010/010_17.png,010_forge/010_05.png,0
010/010_17.png,010_forge/010_06.png,0
010/010_17.png,010_forge/010_07.png,0
010/010_17.png,010_forge/010_08.png,0
010/010_17.png,010_forge/010_09.png,0
010/010_17.png,010_forge/010_10.png,0
010/010_17.png,010_forge/010_11.png,0
010/010_17.png,010_forge/010_12.png,0
010/010_17.png,010_forge/010_13.png,0
010/010_17.png,010_forge/010_14.png,0
010/010_17.png,010_forge/010_15.png,0
010/010_17.png,010_forge/010_16.png,0
010/010_17.png,010_forge/010_17.png,0
010/010_17.png,010_forge/010_18.png,0
010/010_17.png,010_forge/010_19.png,0
010/010_17.png,010_forge/010_20.png,0
010/010_18.png,010_forge/010_00.png,0
010/010_18.png,010_forge/010_01.png,0
010/010_18.png,010_forge/010_02.png,0
010/010_18.png,010_forge/010_03.png,0
010/010_18.png,010_forge/010_04.png,0
010/010_18.png,010_forge/010_05.png,0
010/010_18.png,010_forge/010_06.png,0
010/010_18.png,010_forge/010_07.png,0
010/010_18.png,010_forge/010_08.png,0
010/010_18.png,010_forge/010_09.png,0
010/010_18.png,010_forge/010_10.png,0
010/010_18.png,010_forge/010_11.png,0
010/010_18.png,010_forge/010_12.png,0
010/010_18.png,010_forge/010_13.png,0
010/010_18.png,010_forge/010_14.png,0
010/010_18.png,010_forge/010_15.png,0
010/010_18.png,010_forge/010_16.png,0
010/010_18.png,010_forge/010_17.png,0
010/010_18.png,010_forge/010_18.png,0
010/010_18.png,010_forge/010_19.png,0
010/010_18.png,010_forge/010_20.png,0
010/010_19.png,010_forge/010_00.png,0
010/010_19.png,010_forge/010_01.png,0
010/010_19.png,010_forge/010_02.png,0
010/010_19.png,010_forge/010_03.png,0
010/010_19.png,010_forge/010_04.png,0
010/010_19.png,010_forge/010_05.png,0
010/010_19.png,010_forge/010_06.png,0
010/010_19.png,010_forge/010_07.png,0
010/010_19.png,010_forge/010_08.png,0
010/010_19.png,010_forge/010_09.png,0
010/010_19.png,010_forge/010_10.png,0
010/010_19.png,010_forge/010_11.png,0
010/010_19.png,010_forge/010_12.png,0
010/010_19.png,010_forge/010_13.png,0
010/010_19.png,010_forge/010_14.png,0
010/010_19.png,010_forge/010_15.png,0
010/010_19.png,010_forge/010_16.png,0
010/010_19.png,010_forge/010_17.png,0
010/010_19.png,010_forge/010_18.png,0
010/010_19.png,010_forge/010_19.png,0
010/010_19.png,010_forge/010_20.png,0
010/010_20.png,010_forge/010_00.png,0
010/010_20.png,010_forge/010_01.png,0
010/010_20.png,010_forge/010_02.png,0
010/010_20.png,010_forge/010_03.png,0
010/010_20.png,010_forge/010_04.png,0
010/010_20.png,010_forge/010_05.png,0
010/010_20.png,010_forge/010_06.png,0
010/010_20.png,010_forge/010_07.png,0
010/010_20.png,010_forge/010_08.png,0
010/010_20.png,010_forge/010_09.png,0
010/010_20.png,010_forge/010_10.png,0
010/010_20.png,010_forge/010_11.png,0
010/010_20.png,010_forge/010_12.png,0
010/010_20.png,010_forge/010_13.png,0
010/010_20.png,010_forge/010_14.png,0
010/010_20.png,010_forge/010_15.png,0
010/010_20.png,010_forge/010_16.png,0
010/010_20.png,010_forge/010_17.png,0
010/010_20.png,010_forge/010_18.png,0
010/010_20.png,010_forge/010_19.png,0
010/010_20.png,010_forge/010_20.png,0